istat_code,name,province_code,province,province_abbreviation,region,latitude,longitude
001001,Agliè,201,Torino,TO,Piemonte,45.366122,7.776115
001002,Airasca,201,Torino,TO,Piemonte,44.921741,7.483241
001003,Ala di Stura,201,Torino,TO,Piemonte,45.306906,7.282076
001004,Albiano d'Ivrea,201,Torino,TO,Piemonte,45.431767,7.943832
001006,Almese,201,Torino,TO,Piemonte,45.118247,7.419993
001007,Alpette,201,Torino,TO,Piemonte,45.406465,7.576845
001008,Alpignano,201,Torino,TO,Piemonte,45.101227,7.516880
001009,Andezeno,201,Torino,TO,Piemonte,45.035833,7.866209
001010,Andrate,201,Torino,TO,Piemonte,45.546262,7.885957
001011,Angrogna,201,Torino,TO,Piemonte,44.860860,7.177055
001012,Arignano,201,Torino,TO,Piemonte,45.038080,7.898708
001013,Avigliana,201,Torino,TO,Piemonte,45.075084,7.392224
001014,Azeglio,201,Torino,TO,Piemonte,45.422428,7.993078
001015,Bairo,201,Torino,TO,Piemonte,45.376670,7.747789
001016,Balangero,201,Torino,TO,Piemonte,45.276951,7.519460
001017,Baldissero Canavese,201,Torino,TO,Piemonte,45.406306,7.744933
001018,Baldissero Torinese,201,Torino,TO,Piemonte,45.069787,7.804652
001019,Balme,201,Torino,TO,Piemonte,45.299949,7.187083
001020,Banchette,201,Torino,TO,Piemonte,45.458546,7.854724
001021,Barbania,201,Torino,TO,Piemonte,45.294361,7.620618
001022,Bardonecchia,201,Torino,TO,Piemonte,45.100809,6.731148
001023,Barone Canavese,201,Torino,TO,Piemonte,45.318471,7.865840
001024,Beinasco,201,Torino,TO,Piemonte,45.016512,7.590375
001025,Bibiana,201,Torino,TO,Piemonte,44.788027,7.283515
001026,Bobbio Pellice,201,Torino,TO,Piemonte,44.784510,7.066494
001027,Bollengo,201,Torino,TO,Piemonte,45.466465,7.948800
001028,Borgaro Torinese,201,Torino,TO,Piemonte,45.146985,7.663111
001029,Borgiallo,201,Torino,TO,Piemonte,45.428010,7.659507
001030,Borgofranco d'Ivrea,201,Torino,TO,Piemonte,45.514160,7.850264
001031,Borgomasino,201,Torino,TO,Piemonte,45.362635,7.980326
001032,Borgone Susa,201,Torino,TO,Piemonte,45.121745,7.245135
001033,Bosconero,201,Torino,TO,Piemonte,45.269759,7.767542
001034,Brandizzo,201,Torino,TO,Piemonte,45.173572,7.834373
001035,Bricherasio,201,Torino,TO,Piemonte,44.832441,7.297929
001036,Brosso,201,Torino,TO,Piemonte,45.511212,7.798225
001037,Brozolo,201,Torino,TO,Piemonte,45.114392,8.069574
001038,Bruino,201,Torino,TO,Piemonte,45.014121,7.474432
001039,Brusasco,201,Torino,TO,Piemonte,45.151671,8.062089
001040,Bruzolo,201,Torino,TO,Piemonte,45.158508,7.198779
001041,Buriasco,201,Torino,TO,Piemonte,44.874549,7.424237
001042,Burolo,201,Torino,TO,Piemonte,45.484287,7.926880
001043,Busano,201,Torino,TO,Piemonte,45.322386,7.661003
001044,Bussoleno,201,Torino,TO,Piemonte,45.131297,7.136543
001045,Buttigliera Alta,201,Torino,TO,Piemonte,45.073608,7.435270
001046,Cafasse,201,Torino,TO,Piemonte,45.244230,7.507997
001047,Caluso,201,Torino,TO,Piemonte,45.281257,7.882716
001048,Cambiano,201,Torino,TO,Piemonte,44.969476,7.765544
001049,Campiglione Fenile,201,Torino,TO,Piemonte,44.804781,7.327250
001050,Candia Canavese,201,Torino,TO,Piemonte,45.330254,7.897191
001051,Candiolo,201,Torino,TO,Piemonte,44.963738,7.578368
001052,Canischio,201,Torino,TO,Piemonte,45.380514,7.577610
001053,Cantalupa,201,Torino,TO,Piemonte,44.951654,7.332815
001054,Cantoira,201,Torino,TO,Piemonte,45.350744,7.387959
001055,Caprie,201,Torino,TO,Piemonte,45.133735,7.340675
001056,Caravino,201,Torino,TO,Piemonte,45.399445,7.960896
001057,Carema,201,Torino,TO,Piemonte,45.585657,7.830586
001058,Carignano,201,Torino,TO,Piemonte,44.897200,7.661616
001059,Carmagnola,201,Torino,TO,Piemonte,44.858319,7.735511
001060,Casalborgone,201,Torino,TO,Piemonte,45.129586,7.935625
001061,Cascinette d'Ivrea,201,Torino,TO,Piemonte,45.481311,7.907381
001062,Caselette,201,Torino,TO,Piemonte,45.106337,7.470167
001063,Caselle Torinese,201,Torino,TO,Piemonte,45.177396,7.650970
001064,Castagneto Po,201,Torino,TO,Piemonte,45.162495,7.892494
001065,Castagnole Piemonte,201,Torino,TO,Piemonte,44.894891,7.566471
001066,Castellamonte,201,Torino,TO,Piemonte,45.404230,7.715876
001067,Castelnuovo Nigra,201,Torino,TO,Piemonte,45.466409,7.679171
001068,Castiglione Torinese,201,Torino,TO,Piemonte,45.112772,7.803500
001069,Cavagnolo,201,Torino,TO,Piemonte,45.145498,8.034182
001070,Cavour,201,Torino,TO,Piemonte,44.794690,7.388704
001071,Cercenasco,201,Torino,TO,Piemonte,44.866301,7.502497
001072,Ceres,201,Torino,TO,Piemonte,45.320613,7.362491
001073,Ceresole Reale,201,Torino,TO,Piemonte,45.444509,7.190670
001074,Cesana Torinese,201,Torino,TO,Piemonte,44.927605,6.820414
001075,Chialamberto,201,Torino,TO,Piemonte,45.377585,7.339516
001076,Chianocco,201,Torino,TO,Piemonte,45.166477,7.170927
001077,Chiaverano,201,Torino,TO,Piemonte,45.504225,7.902311
001078,Chieri,201,Torino,TO,Piemonte,45.003638,7.827998
001079,Chiesanuova,201,Torino,TO,Piemonte,45.422698,7.647641
001080,Chiomonte,201,Torino,TO,Piemonte,45.102239,6.985911
001081,Chiusa di San Michele,201,Torino,TO,Piemonte,45.098701,7.323180
001082,Chivasso,201,Torino,TO,Piemonte,45.205886,7.895873
001083,Ciconio,201,Torino,TO,Piemonte,45.329732,7.761180
001084,Cintano,201,Torino,TO,Piemonte,45.441945,7.681129
001085,Cinzano,201,Torino,TO,Piemonte,45.093239,7.922317
001086,Ciriè,201,Torino,TO,Piemonte,45.219678,7.591730
001087,Claviere,201,Torino,TO,Piemonte,44.927748,6.756524
001088,Coassolo Torinese,201,Torino,TO,Piemonte,45.325287,7.465605
001089,Coazze,201,Torino,TO,Piemonte,45.050851,7.232456
001090,Collegno,201,Torino,TO,Piemonte,45.091365,7.590259
001091,Colleretto Castelnuovo,201,Torino,TO,Piemonte,45.439354,7.669002
001092,Colleretto Giacosa,201,Torino,TO,Piemonte,45.430449,7.812470
001093,Condove,201,Torino,TO,Piemonte,45.157168,7.272003
001094,Corio,201,Torino,TO,Piemonte,45.329328,7.519346
001095,Cossano Canavese,201,Torino,TO,Piemonte,45.386408,8.000364
001096,Cuceglio,201,Torino,TO,Piemonte,45.358018,7.812456
001097,Cumiana,201,Torino,TO,Piemonte,44.967799,7.384432
001098,Cuorgnè,201,Torino,TO,Piemonte,45.399713,7.632466
001099,Druento,201,Torino,TO,Piemonte,45.152495,7.568904
001100,Exilles,201,Torino,TO,Piemonte,45.106277,6.918851
001101,Favria,201,Torino,TO,Piemonte,45.310722,7.685387
001102,Feletto,201,Torino,TO,Piemonte,45.295340,7.758463
001103,Fenestrelle,201,Torino,TO,Piemonte,45.022171,7.058450
001104,Fiano,201,Torino,TO,Piemonte,45.211981,7.528844
001105,Fiorano Canavese,201,Torino,TO,Piemonte,45.466297,7.829883
001106,Foglizzo,201,Torino,TO,Piemonte,45.267130,7.823144
001107,Forno Canavese,201,Torino,TO,Piemonte,45.347374,7.567185
001108,Frassinetto,201,Torino,TO,Piemonte,45.463636,7.620272
001109,Front,201,Torino,TO,Piemonte,45.273520,7.668059
001110,Frossasco,201,Torino,TO,Piemonte,44.934092,7.357581
001111,Garzigliana,201,Torino,TO,Piemonte,44.833605,7.368107
001112,Gassino Torinese,201,Torino,TO,Piemonte,45.117760,7.838140
001113,Germagnano,201,Torino,TO,Piemonte,45.251961,7.456586
001114,Giaglione,201,Torino,TO,Piemonte,45.150036,6.953459
001115,Giaveno,201,Torino,TO,Piemonte,45.024801,7.304806
001116,Givoletto,201,Torino,TO,Piemonte,45.162283,7.494401
001117,Gravere,201,Torino,TO,Piemonte,45.107293,7.029047
001118,Groscavallo,201,Torino,TO,Piemonte,45.367484,7.230218
001119,Grosso,201,Torino,TO,Piemonte,45.267044,7.563339
001120,Grugliasco,201,Torino,TO,Piemonte,45.055333,7.593220
001121,Ingria,201,Torino,TO,Piemonte,45.477436,7.586791
001122,Inverso Pinasca,201,Torino,TO,Piemonte,44.933600,7.214017
001123,Isolabella,201,Torino,TO,Piemonte,44.904397,7.910805
001124,Issiglio,201,Torino,TO,Piemonte,45.448857,7.736832
001125,Ivrea,201,Torino,TO,Piemonte,45.453817,7.891198
001126,La Cassa,201,Torino,TO,Piemonte,45.180159,7.518408
001127,La Loggia,201,Torino,TO,Piemonte,44.953291,7.675780
001128,Lanzo Torinese,201,Torino,TO,Piemonte,45.275582,7.480137
001129,Lauriano,201,Torino,TO,Piemonte,45.152674,7.989507
001130,Leini,201,Torino,TO,Piemonte,45.187509,7.719761
001131,Lemie,201,Torino,TO,Piemonte,45.227685,7.283844
001132,Lessolo,201,Torino,TO,Piemonte,45.482375,7.821552
001133,Levone,201,Torino,TO,Piemonte,45.320209,7.600794
001134,Locana,201,Torino,TO,Piemonte,45.436222,7.410721
001135,Lombardore,201,Torino,TO,Piemonte,45.235110,7.726560
001136,Lombriasco,201,Torino,TO,Piemonte,44.844751,7.635842
001137,Loranzè,201,Torino,TO,Piemonte,45.445590,7.808876
001139,Luserna San Giovanni,201,Torino,TO,Piemonte,44.805811,7.238164
001140,Lusernetta,201,Torino,TO,Piemonte,44.795206,7.244080
001141,Lusigliè,201,Torino,TO,Piemonte,45.311379,7.770290
001142,Macello,201,Torino,TO,Piemonte,44.849659,7.415725
001143,Maglione,201,Torino,TO,Piemonte,45.350615,8.009995
001144,Marentino,201,Torino,TO,Piemonte,45.065477,7.879423
001145,Massello,201,Torino,TO,Piemonte,44.968722,7.023902
001146,Mathi,201,Torino,TO,Piemonte,45.262512,7.543270
001147,Mattie,201,Torino,TO,Piemonte,45.096132,7.106927
001148,Mazzè,201,Torino,TO,Piemonte,45.284310,7.939683
001149,Meana di Susa,201,Torino,TO,Piemonte,45.100568,7.065882
001150,Mercenasco,201,Torino,TO,Piemonte,45.356621,7.869359
001152,Mezzenile,201,Torino,TO,Piemonte,45.282057,7.366837
001153,Mombello di Torino,201,Torino,TO,Piemonte,45.043205,7.917537
001154,Mompantero,201,Torino,TO,Piemonte,45.168725,7.076036
001155,Monastero di Lanzo,201,Torino,TO,Piemonte,45.324447,7.431386
001156,Moncalieri,201,Torino,TO,Piemonte,44.988400,7.702663
001157,Moncenisio,201,Torino,TO,Piemonte,45.204594,6.984218
001158,Montaldo Torinese,201,Torino,TO,Piemonte,45.066559,7.853281
001159,Montalenghe,201,Torino,TO,Piemonte,45.331583,7.834425
001160,Montalto Dora,201,Torino,TO,Piemonte,45.493739,7.862732
001161,Montanaro,201,Torino,TO,Piemonte,45.234549,7.849960
001162,Monteu da Po,201,Torino,TO,Piemonte,45.162706,8.015567
001163,Moriondo Torinese,201,Torino,TO,Piemonte,45.035383,7.936826
001164,Nichelino,201,Torino,TO,Piemonte,44.989987,7.623913
001165,Noasca,201,Torino,TO,Piemonte,45.465197,7.301867
001166,Nole,201,Torino,TO,Piemonte,45.244305,7.568469
001167,Nomaglio,201,Torino,TO,Piemonte,45.542242,7.861409
001168,None,201,Torino,TO,Piemonte,44.940151,7.548854
001169,Novalesa,201,Torino,TO,Piemonte,45.195762,7.034430
001170,Oglianico,201,Torino,TO,Piemonte,45.318292,7.691413
001171,Orbassano,201,Torino,TO,Piemonte,45.006053,7.555833
001172,Orio Canavese,201,Torino,TO,Piemonte,45.325675,7.853861
001173,Osasco,201,Torino,TO,Piemonte,44.848629,7.348294
001174,Osasio,201,Torino,TO,Piemonte,44.873982,7.610043
001175,Oulx,201,Torino,TO,Piemonte,45.044461,6.798532
001176,Ozegna,201,Torino,TO,Piemonte,45.344405,7.749090
001177,Palazzo Canavese,201,Torino,TO,Piemonte,45.456679,7.980189
001178,Pancalieri,201,Torino,TO,Piemonte,44.832338,7.583833
001179,Parella,201,Torino,TO,Piemonte,45.422655,7.795823
001180,Pavarolo,201,Torino,TO,Piemonte,45.076883,7.832815
001181,Pavone Canavese,201,Torino,TO,Piemonte,45.429015,7.850966
001183,Pecetto Torinese,201,Torino,TO,Piemonte,45.017938,7.753007
001184,Perosa Argentina,201,Torino,TO,Piemonte,44.982080,7.188098
001185,Perosa Canavese,201,Torino,TO,Piemonte,45.407255,7.834813
001186,Perrero,201,Torino,TO,Piemonte,44.923508,7.121879
001187,Pertusio,201,Torino,TO,Piemonte,45.350532,7.639455
001188,Pessinetto,201,Torino,TO,Piemonte,45.287483,7.426394
001189,Pianezza,201,Torino,TO,Piemonte,45.113847,7.553934
001190,Pinasca,201,Torino,TO,Piemonte,44.967597,7.247148
001191,Pinerolo,201,Torino,TO,Piemonte,44.891364,7.347531
001192,Pino Torinese,201,Torino,TO,Piemonte,45.044313,7.777536
001193,Piobesi Torinese,201,Torino,TO,Piemonte,44.920476,7.603211
001194,Piossasco,201,Torino,TO,Piemonte,44.986699,7.449533
001195,Piscina,201,Torino,TO,Piemonte,44.920493,7.425987
001196,Piverone,201,Torino,TO,Piemonte,45.440978,8.008786
001197,Poirino,201,Torino,TO,Piemonte,44.902518,7.842807
001198,Pomaretto,201,Torino,TO,Piemonte,44.950372,7.178219
001199,Pont Canavese,201,Torino,TO,Piemonte,45.432696,7.584818
001200,Porte,201,Torino,TO,Piemonte,44.894564,7.267665
001201,Pragelato,201,Torino,TO,Piemonte,44.983478,6.946167
001202,Prali,201,Torino,TO,Piemonte,44.881534,7.044492
001203,Pralormo,201,Torino,TO,Piemonte,44.852863,7.897520
001204,Pramollo,201,Torino,TO,Piemonte,44.901052,7.190763
001205,Prarostino,201,Torino,TO,Piemonte,44.866017,7.265132
001206,Prascorsano,201,Torino,TO,Piemonte,45.363974,7.618223
001207,Pratiglione,201,Torino,TO,Piemonte,45.361799,7.577886
001208,Quagliuzzo,201,Torino,TO,Piemonte,45.424089,7.780928
001209,Quassolo,201,Torino,TO,Piemonte,45.525100,7.827050
001210,Quincinetto,201,Torino,TO,Piemonte,45.556863,7.778109
001211,Reano,201,Torino,TO,Piemonte,45.053232,7.428727
001212,Ribordone,201,Torino,TO,Piemonte,45.452949,7.479981
001213,Rivalba,201,Torino,TO,Piemonte,45.122775,7.889091
001214,Rivalta di Torino,201,Torino,TO,Piemonte,45.022449,7.520366
001215,Riva presso Chieri,201,Torino,TO,Piemonte,44.979355,7.888871
001216,Rivara,201,Torino,TO,Piemonte,45.326159,7.631860
001217,Rivarolo Canavese,201,Torino,TO,Piemonte,45.304044,7.724941
001218,Rivarossa,201,Torino,TO,Piemonte,45.253503,7.702224
001219,Rivoli,201,Torino,TO,Piemonte,45.067047,7.523284
001220,Robassomero,201,Torino,TO,Piemonte,45.190577,7.578330
001221,Rocca Canavese,201,Torino,TO,Piemonte,45.308520,7.575174
001222,Roletto,201,Torino,TO,Piemonte,44.920262,7.336139
001223,Romano Canavese,201,Torino,TO,Piemonte,45.400079,7.870378
001224,Ronco Canavese,201,Torino,TO,Piemonte,45.507568,7.498041
001225,Rondissone,201,Torino,TO,Piemonte,45.246534,7.960563
001226,Rorà,201,Torino,TO,Piemonte,44.779804,7.189978
001227,Roure,201,Torino,TO,Piemonte,45.011096,7.127650
001228,Rosta,201,Torino,TO,Piemonte,45.075197,7.466553
001229,Rubiana,201,Torino,TO,Piemonte,45.156256,7.374626
001230,Rueglio,201,Torino,TO,Piemonte,45.473506,7.738288
001231,Salassa,201,Torino,TO,Piemonte,45.359181,7.692653
001232,Salbertrand,201,Torino,TO,Piemonte,45.075059,6.882733
001233,Salerano Canavese,201,Torino,TO,Piemonte,45.457732,7.842341
001234,Salza di Pinerolo,201,Torino,TO,Piemonte,44.935186,7.030861
001235,Samone,201,Torino,TO,Piemonte,45.447103,7.838952
001236,San Benigno Canavese,201,Torino,TO,Piemonte,45.231988,7.786323
001237,San Carlo Canavese,201,Torino,TO,Piemonte,45.254776,7.617746
001238,San Colombano Belmonte,201,Torino,TO,Piemonte,45.386241,7.608227
001239,San Didero,201,Torino,TO,Piemonte,45.134425,7.216877
001240,San Francesco al Campo,201,Torino,TO,Piemonte,45.229801,7.666562
001241,Sangano,201,Torino,TO,Piemonte,45.023353,7.444910
001242,San Germano Chisone,201,Torino,TO,Piemonte,44.888833,7.236093
001243,San Gillio,201,Torino,TO,Piemonte,45.138632,7.524367
001244,San Giorgio Canavese,201,Torino,TO,Piemonte,45.321180,7.799732
001245,San Giorio di Susa,201,Torino,TO,Piemonte,45.095224,7.173341
001246,San Giusto Canavese,201,Torino,TO,Piemonte,45.298441,7.807761
001247,San Martino Canavese,201,Torino,TO,Piemonte,45.396819,7.809058
001248,San Maurizio Canavese,201,Torino,TO,Piemonte,45.204434,7.635831
001249,San Mauro Torinese,201,Torino,TO,Piemonte,45.103547,7.765396
001250,San Pietro Val Lemina,201,Torino,TO,Piemonte,44.928912,7.289186
001251,San Ponso,201,Torino,TO,Piemonte,45.346100,7.664300
001252,San Raffaele Cimena,201,Torino,TO,Piemonte,45.152071,7.855888
001253,San Sebastiano da Po,201,Torino,TO,Piemonte,45.160008,7.943562
001254,San Secondo di Pinerolo,201,Torino,TO,Piemonte,44.860486,7.303554
001255,Sant'Ambrogio di Torino,201,Torino,TO,Piemonte,45.096711,7.359329
001256,Sant'Antonino di Susa,201,Torino,TO,Piemonte,45.093686,7.265491
001257,Santena,201,Torino,TO,Piemonte,44.944215,7.782726
001258,Sauze di Cesana,201,Torino,TO,Piemonte,44.897535,6.926308
001259,Sauze d'Oulx,201,Torino,TO,Piemonte,45.017824,6.869794
001260,Scalenghe,201,Torino,TO,Piemonte,44.893054,7.487015
001261,Scarmagno,201,Torino,TO,Piemonte,45.381463,7.845282
001262,Sciolze,201,Torino,TO,Piemonte,45.098800,7.875941
001263,Sestriere,201,Torino,TO,Piemonte,44.960018,6.883931
001264,Settimo Rottaro,201,Torino,TO,Piemonte,45.406561,7.992883
001265,Settimo Torinese,201,Torino,TO,Piemonte,45.145771,7.773107
001266,Settimo Vittone,201,Torino,TO,Piemonte,45.567469,7.856503
001267,Sparone,201,Torino,TO,Piemonte,45.408834,7.531541
001268,Strambinello,201,Torino,TO,Piemonte,45.417923,7.767212
001269,Strambino,201,Torino,TO,Piemonte,45.383402,7.903263
001270,Susa,201,Torino,TO,Piemonte,45.135032,7.077111
001271,Tavagnasco,201,Torino,TO,Piemonte,45.541599,7.806277
001272,Torino,201,Torino,TO,Piemonte,45.071832,7.678007
001273,Torrazza Piemonte,201,Torino,TO,Piemonte,45.218538,7.978785
001274,Torre Canavese,201,Torino,TO,Piemonte,45.398344,7.762611
001275,Torre Pellice,201,Torino,TO,Piemonte,44.824634,7.195578
001276,Trana,201,Torino,TO,Piemonte,45.029310,7.405227
001278,Traversella,201,Torino,TO,Piemonte,45.527766,7.696067
001279,Traves,201,Torino,TO,Piemonte,45.262366,7.420514
001280,Trofarello,201,Torino,TO,Piemonte,44.975156,7.744649
001281,Usseaux,201,Torino,TO,Piemonte,45.049374,7.008062
001282,Usseglio,201,Torino,TO,Piemonte,45.227884,7.170519
001283,Vaie,201,Torino,TO,Piemonte,45.095578,7.294042
001284,Val della Torre,201,Torino,TO,Piemonte,45.154141,7.447415
001285,Valgioie,201,Torino,TO,Piemonte,45.076165,7.333874
001286,Vallo Torinese,201,Torino,TO,Piemonte,45.225755,7.483398
001287,Valperga,201,Torino,TO,Piemonte,45.367910,7.660157
001288,Valprato Soana,201,Torino,TO,Piemonte,45.553586,7.541883
001289,Varisella,201,Torino,TO,Piemonte,45.199303,7.473446
001290,Vauda Canavese,201,Torino,TO,Piemonte,45.277708,7.638290
001291,Venaus,201,Torino,TO,Piemonte,45.172577,6.988311
001292,Venaria Reale,201,Torino,TO,Piemonte,45.140903,7.618981
001293,Verolengo,201,Torino,TO,Piemonte,45.197783,7.985145
001294,Verrua Savoia,201,Torino,TO,Piemonte,45.158286,8.105976
001295,Vestignè,201,Torino,TO,Piemonte,45.388775,7.940936
001296,Vialfrè,201,Torino,TO,Piemonte,45.377211,7.814917
001298,Vidracco,201,Torino,TO,Piemonte,45.428387,7.748312
001299,Vigone,201,Torino,TO,Piemonte,44.837512,7.496239
001300,Villafranca Piemonte,201,Torino,TO,Piemonte,44.795722,7.485100
001301,Villanova Canavese,201,Torino,TO,Piemonte,45.236481,7.547419
001302,Villarbasse,201,Torino,TO,Piemonte,45.044535,7.473939
001303,Villar Dora,201,Torino,TO,Piemonte,45.115011,7.378511
001304,Villareggia,201,Torino,TO,Piemonte,45.292397,7.975754
001305,Villar Focchiardo,201,Torino,TO,Piemonte,45.093410,7.212964
001306,Villar Pellice,201,Torino,TO,Piemonte,44.789016,7.134696
001307,Villar Perosa,201,Torino,TO,Piemonte,44.919320,7.259661
001308,Villastellone,201,Torino,TO,Piemonte,44.916547,7.740167
001309,Vinovo,201,Torino,TO,Piemonte,44.955285,7.629075
001310,Virle Piemonte,201,Torino,TO,Piemonte,44.862200,7.576182
001311,Vische,201,Torino,TO,Piemonte,45.342710,7.939192
001312,Vistrorio,201,Torino,TO,Piemonte,45.445806,7.751403
001313,Viù,201,Torino,TO,Piemonte,45.225314,7.373048
001314,Volpiano,201,Torino,TO,Piemonte,45.194612,7.783589
001315,Volvera,201,Torino,TO,Piemonte,44.959615,7.508759
001316,Mappano,201,Torino,TO,Piemonte,45.150904,7.703702
001317,Val di Chy,201,Torino,TO,Piemonte,45.461798,7.772939
001318,Valchiusa,201,Torino,TO,Piemonte,45.520331,7.707244
002002,Alagna Valsesia,002,Vercelli,VC,Piemonte,45.843263,7.917203
002003,Albano Vercellese,002,Vercelli,VC,Piemonte,45.425478,8.381141
002004,Alice Castello,002,Vercelli,VC,Piemonte,45.369411,8.085909
002006,Arborio,002,Vercelli,VC,Piemonte,45.491309,8.375248
002007,Asigliano Vercellese,002,Vercelli,VC,Piemonte,45.264859,8.410742
002008,Balmuccia,002,Vercelli,VC,Piemonte,45.821099,8.141983
002009,Balocco,002,Vercelli,VC,Piemonte,45.461564,8.285218
002011,Bianzè,002,Vercelli,VC,Piemonte,45.299734,8.141925
002014,Boccioleto,002,Vercelli,VC,Piemonte,45.831620,8.081104
002015,Borgo d'Ale,002,Vercelli,VC,Piemonte,45.350547,8.052618
002016,Borgosesia,002,Vercelli,VC,Piemonte,45.730890,8.259671
002017,Borgo Vercelli,002,Vercelli,VC,Piemonte,45.360427,8.466493
002021,Buronzo,002,Vercelli,VC,Piemonte,45.484241,8.263749
002025,Campertogno,002,Vercelli,VC,Piemonte,45.791261,7.991444
002029,Carcoforo,002,Vercelli,VC,Piemonte,45.914360,8.041534
002030,Caresana,002,Vercelli,VC,Piemonte,45.221166,8.508512
002031,Caresanablot,002,Vercelli,VC,Piemonte,45.360339,8.380203
002032,Carisio,002,Vercelli,VC,Piemonte,45.424677,8.206226
002033,Casanova Elvo,002,Vercelli,VC,Piemonte,45.397851,8.291166
002035,San Giacomo Vercellese,002,Vercelli,VC,Piemonte,45.489911,8.329779
002041,Cervatto,002,Vercelli,VC,Piemonte,45.874606,8.142859
002042,Cigliano,002,Vercelli,VC,Piemonte,45.287436,8.018621
002043,Civiasco,002,Vercelli,VC,Piemonte,45.813415,8.306939
002045,Collobiano,002,Vercelli,VC,Piemonte,45.397107,8.347598
002047,Costanzana,002,Vercelli,VC,Piemonte,45.224023,8.366280
002048,Cravagliana,002,Vercelli,VC,Piemonte,45.865964,8.198240
002049,Crescentino,002,Vercelli,VC,Piemonte,45.203275,8.114385
002052,Crova,002,Vercelli,VC,Piemonte,45.319515,8.237974
002054,Desana,002,Vercelli,VC,Piemonte,45.261558,8.340394
002057,Fobello,002,Vercelli,VC,Piemonte,45.908129,8.129804
002058,Fontanetto Po,002,Vercelli,VC,Piemonte,45.199738,8.187945
002059,Formigliana,002,Vercelli,VC,Piemonte,45.432000,8.279960
002061,Gattinara,002,Vercelli,VC,Piemonte,45.604383,8.357420
002062,Ghislarengo,002,Vercelli,VC,Piemonte,45.526751,8.374652
002065,Greggio,002,Vercelli,VC,Piemonte,45.455968,8.381029
002066,Guardabosone,002,Vercelli,VC,Piemonte,45.719637,8.216884
002067,Lamporo,002,Vercelli,VC,Piemonte,45.232550,8.100355
002068,Lenta,002,Vercelli,VC,Piemonte,45.557806,8.367177
002070,Lignana,002,Vercelli,VC,Piemonte,45.287676,8.319156
002071,Livorno Ferraris,002,Vercelli,VC,Piemonte,45.264897,8.109501
002072,Lozzolo,002,Vercelli,VC,Piemonte,45.624507,8.323640
002078,Mollia,002,Vercelli,VC,Piemonte,45.825198,8.021504
002079,Moncrivello,002,Vercelli,VC,Piemonte,45.323496,7.995707
002082,Motta de' Conti,002,Vercelli,VC,Piemonte,45.188802,8.532308
002088,Olcenengo,002,Vercelli,VC,Piemonte,45.355821,8.316614
002089,Oldenico,002,Vercelli,VC,Piemonte,45.396408,8.386457
002090,Palazzolo Vercellese,002,Vercelli,VC,Piemonte,45.186110,8.232741
002091,Pertengo,002,Vercelli,VC,Piemonte,45.233464,8.415124
002093,Pezzana,002,Vercelli,VC,Piemonte,45.260558,8.500042
002096,Pila,002,Vercelli,VC,Piemonte,45.757189,8.070162
002097,Piode,002,Vercelli,VC,Piemonte,45.760350,8.039763
002102,Postua,002,Vercelli,VC,Piemonte,45.738998,8.198935
002104,Prarolo,002,Vercelli,VC,Piemonte,45.281342,8.480023
002107,Quarona,002,Vercelli,VC,Piemonte,45.765319,8.254673
002108,Quinto Vercellese,002,Vercelli,VC,Piemonte,45.377787,8.354622
002110,Rassa,002,Vercelli,VC,Piemonte,45.750782,7.978466
002113,Rimella,002,Vercelli,VC,Piemonte,45.919022,8.191745
002115,Rive,002,Vercelli,VC,Piemonte,45.209859,8.416347
002116,Roasio,002,Vercelli,VC,Piemonte,45.595676,8.290730
002118,Ronsecco,002,Vercelli,VC,Piemonte,45.261910,8.266865
002121,Rossa,002,Vercelli,VC,Piemonte,45.853805,8.123209
002122,Rovasenda,002,Vercelli,VC,Piemonte,45.535378,8.315928
002126,Salasco,002,Vercelli,VC,Piemonte,45.320443,8.283263
002127,Sali Vercellese,002,Vercelli,VC,Piemonte,45.306797,8.315378
002128,Saluggia,002,Vercelli,VC,Piemonte,45.235787,8.027867
002131,San Germano Vercellese,002,Vercelli,VC,Piemonte,45.355741,8.259698
002133,Santhià,002,Vercelli,VC,Piemonte,45.383154,8.195581
002134,Scopa,002,Vercelli,VC,Piemonte,45.787038,8.125643
002135,Scopello,002,Vercelli,VC,Piemonte,45.761938,8.093110
002137,Serravalle Sesia,002,Vercelli,VC,Piemonte,45.672630,8.309257
002142,Stroppiana,002,Vercelli,VC,Piemonte,45.228768,8.457101
002147,Tricerro,002,Vercelli,VC,Piemonte,45.233491,8.313540
002148,Trino,002,Vercelli,VC,Piemonte,45.217815,8.266158
002150,Tronzano Vercellese,002,Vercelli,VC,Piemonte,45.320170,8.186499
002152,Valduggia,002,Vercelli,VC,Piemonte,45.728467,8.348600
002156,Varallo,002,Vercelli,VC,Piemonte,45.832053,8.255827
002158,Vercelli,002,Vercelli,VC,Piemonte,45.319880,8.411249
002163,Villarboit,002,Vercelli,VC,Piemonte,45.439834,8.331613
002164,Villata,002,Vercelli,VC,Piemonte,45.386924,8.424997
002166,Vocca,002,Vercelli,VC,Piemonte,45.812915,8.175145
002170,Alto Sermenza,002,Vercelli,VC,Piemonte,45.876511,8.029164
002171,Cellio con Breia,002,Vercelli,VC,Piemonte,45.760867,8.312023
003001,Agrate Conturbia,003,Novara,NO,Piemonte,45.666482,8.569459
003002,Ameno,003,Novara,NO,Piemonte,45.788196,8.451475
003006,Armeno,003,Novara,NO,Piemonte,45.831885,8.463992
003008,Arona,003,Novara,NO,Piemonte,45.759870,8.543084
003012,Barengo,003,Novara,NO,Piemonte,45.570309,8.511263
003016,Bellinzago Novarese,003,Novara,NO,Piemonte,45.553849,8.642355
003018,Biandrate,003,Novara,NO,Piemonte,45.450671,8.474943
003019,Boca,003,Novara,NO,Piemonte,45.680918,8.408065
003021,Bogogno,003,Novara,NO,Piemonte,45.662448,8.534174
003022,Bolzano Novarese,003,Novara,NO,Piemonte,45.761503,8.447566
003023,Borgolavezzaro,003,Novara,NO,Piemonte,45.316490,8.691962
003024,Borgomanero,003,Novara,NO,Piemonte,45.697984,8.469672
003025,Borgo Ticino,003,Novara,NO,Piemonte,45.692002,8.599097
003026,Briga Novarese,003,Novara,NO,Piemonte,45.731648,8.457466
003027,Briona,003,Novara,NO,Piemonte,45.533085,8.504492
003030,Caltignaga,003,Novara,NO,Piemonte,45.526651,8.576248
003032,Cameri,003,Novara,NO,Piemonte,45.514421,8.665215
003036,Carpignano Sesia,003,Novara,NO,Piemonte,45.541470,8.419729
003037,Casalbeltrame,003,Novara,NO,Piemonte,45.428467,8.476006
003039,Casaleggio Novara,003,Novara,NO,Piemonte,45.487524,8.502477
003040,Casalino,003,Novara,NO,Piemonte,45.383867,8.527692
003041,Casalvolone,003,Novara,NO,Piemonte,45.400664,8.468468
003042,Castellazzo Novarese,003,Novara,NO,Piemonte,45.511368,8.494675
003043,Castelletto sopra Ticino,003,Novara,NO,Piemonte,45.711322,8.620922
003044,Cavaglietto,003,Novara,NO,Piemonte,45.598991,8.498342
003045,Cavaglio d'Agogna,003,Novara,NO,Piemonte,45.610570,8.473408
003047,Cavallirio,003,Novara,NO,Piemonte,45.662405,8.403302
003049,Cerano,003,Novara,NO,Piemonte,45.404375,8.790337
003051,Colazza,003,Novara,NO,Piemonte,45.791654,8.490748
003052,Comignago,003,Novara,NO,Piemonte,45.715601,8.560846
003055,Cressa,003,Novara,NO,Piemonte,45.645792,8.509100
003058,Cureggio,003,Novara,NO,Piemonte,45.667978,8.454872
003060,Divignano,003,Novara,NO,Piemonte,45.655564,8.597981
003062,Dormelletto,003,Novara,NO,Piemonte,45.734473,8.573877
003065,Fara Novarese,003,Novara,NO,Piemonte,45.559103,8.457936
003066,Fontaneto d'Agogna,003,Novara,NO,Piemonte,45.640656,8.468682
003068,Galliate,003,Novara,NO,Piemonte,45.485275,8.712102
003069,Garbagna Novarese,003,Novara,NO,Piemonte,45.391820,8.661652
003070,Gargallo,003,Novara,NO,Piemonte,45.724996,8.410748
003073,Ghemme,003,Novara,NO,Piemonte,45.597045,8.424939
003076,Gozzano,003,Novara,NO,Piemonte,45.748848,8.428147
003077,Granozzo con Monticello,003,Novara,NO,Piemonte,45.368954,8.588070
003079,Grignasco,003,Novara,NO,Piemonte,45.689036,8.344708
003082,Invorio,003,Novara,NO,Piemonte,45.757494,8.480218
003083,Landiona,003,Novara,NO,Piemonte,45.495203,8.420848
003084,Lesa,003,Novara,NO,Piemonte,45.823797,8.560928
003088,Maggiora,003,Novara,NO,Piemonte,45.699056,8.413998
003090,Mandello Vitta,003,Novara,NO,Piemonte,45.500349,8.462121
003091,Marano Ticino,003,Novara,NO,Piemonte,45.630268,8.630225
003093,Massino Visconti,003,Novara,NO,Piemonte,45.826765,8.529955
003095,Meina,003,Novara,NO,Piemonte,45.785307,8.528556
003097,Mezzomerico,003,Novara,NO,Piemonte,45.620462,8.600520
003098,Miasino,003,Novara,NO,Piemonte,45.806599,8.434866
003100,Momo,003,Novara,NO,Piemonte,45.569565,8.564498
003103,Nebbiuno,003,Novara,NO,Piemonte,45.808997,8.514747
003104,Nibbiola,003,Novara,NO,Piemonte,45.369602,8.647361
003106,Novara,003,Novara,NO,Piemonte,45.439295,8.615369
003108,Oleggio,003,Novara,NO,Piemonte,45.596827,8.646254
003109,Oleggio Castello,003,Novara,NO,Piemonte,45.744524,8.530088
003112,Orta San Giulio,003,Novara,NO,Piemonte,45.789885,8.415310
003114,Paruzzaro,003,Novara,NO,Piemonte,45.747952,8.510855
003115,Pella,003,Novara,NO,Piemonte,45.810409,8.385934
003116,Pettenasco,003,Novara,NO,Piemonte,45.827634,8.404278
003119,Pisano,003,Novara,NO,Piemonte,45.793908,8.507569
003120,Pogno,003,Novara,NO,Piemonte,45.758018,8.376673
003121,Pombia,003,Novara,NO,Piemonte,45.646353,8.646501
003122,Prato Sesia,003,Novara,NO,Piemonte,45.663601,8.369915
003129,Recetto,003,Novara,NO,Piemonte,45.460209,8.425652
003130,Romagnano Sesia,003,Novara,NO,Piemonte,45.630501,8.399577
003131,Romentino,003,Novara,NO,Piemonte,45.463811,8.746874
003133,San Maurizio d'Opaglio,003,Novara,NO,Piemonte,45.777453,8.393283
003134,San Nazzaro Sesia,003,Novara,NO,Piemonte,45.427116,8.420415
003135,San Pietro Mosezzo,003,Novara,NO,Piemonte,45.469082,8.540967
003138,Sillavengo,003,Novara,NO,Piemonte,45.516670,8.437849
003139,Sizzano,003,Novara,NO,Piemonte,45.577285,8.443128
003140,Soriso,003,Novara,NO,Piemonte,45.736984,8.398183
003141,Sozzago,003,Novara,NO,Piemonte,45.395562,8.724889
003143,Suno,003,Novara,NO,Piemonte,45.627347,8.546179
003144,Terdobbiate,003,Novara,NO,Piemonte,45.375539,8.694518
003146,Tornaco,003,Novara,NO,Piemonte,45.352237,8.726219
003149,Trecate,003,Novara,NO,Piemonte,45.432204,8.739762
003153,Vaprio d'Agogna,003,Novara,NO,Piemonte,45.603351,8.555836
003154,Varallo Pombia,003,Novara,NO,Piemonte,45.668463,8.641132
003158,Vespolate,003,Novara,NO,Piemonte,45.345947,8.661049
003159,Vicolungo,003,Novara,NO,Piemonte,45.476075,8.457927
003164,Vinzaglio,003,Novara,NO,Piemonte,45.329437,8.501374
003166,Gattico-Veruno,003,Novara,NO,Piemonte,45.705164,8.526996
004001,Acceglio,004,Cuneo,CN,Piemonte,44.487278,6.950355
004002,Aisone,004,Cuneo,CN,Piemonte,44.287508,7.221445
004003,Alba,004,Cuneo,CN,Piemonte,44.687933,8.030901
004004,Albaretto della Torre,004,Cuneo,CN,Piemonte,44.597906,8.061257
004005,Alto,004,Cuneo,CN,Piemonte,44.118878,7.990520
004006,Argentera,004,Cuneo,CN,Piemonte,44.378243,6.949346
004007,Arguello,004,Cuneo,CN,Piemonte,44.588548,8.098938
004008,Bagnasco,004,Cuneo,CN,Piemonte,44.292896,8.047373
004009,Bagnolo Piemonte,004,Cuneo,CN,Piemonte,44.752973,7.254338
004010,Baldissero d'Alba,004,Cuneo,CN,Piemonte,44.765595,7.889436
004011,Barbaresco,004,Cuneo,CN,Piemonte,44.719689,8.076879
004012,Barge,004,Cuneo,CN,Piemonte,44.728791,7.348696
004013,Barolo,004,Cuneo,CN,Piemonte,44.614978,7.941503
004014,Bastia Mondovì,004,Cuneo,CN,Piemonte,44.448305,7.900779
004015,Battifollo,004,Cuneo,CN,Piemonte,44.322696,8.014885
004016,Beinette,004,Cuneo,CN,Piemonte,44.369751,7.651138
004017,Bellino,004,Cuneo,CN,Piemonte,44.576341,6.983222
004018,Belvedere Langhe,004,Cuneo,CN,Piemonte,44.499718,7.978960
004019,Bene Vagienna,004,Cuneo,CN,Piemonte,44.535310,7.825949
004020,Benevello,004,Cuneo,CN,Piemonte,44.629455,8.097776
004021,Bergolo,004,Cuneo,CN,Piemonte,44.549712,8.177032
004022,Bernezzo,004,Cuneo,CN,Piemonte,44.382844,7.426963
004023,Bonvicino,004,Cuneo,CN,Piemonte,44.504942,8.016038
004024,Borgomale,004,Cuneo,CN,Piemonte,44.629859,8.121714
004025,Borgo San Dalmazzo,004,Cuneo,CN,Piemonte,44.329593,7.471368
004026,Bosia,004,Cuneo,CN,Piemonte,44.598582,8.141719
004027,Bossolasco,004,Cuneo,CN,Piemonte,44.531941,8.050865
004028,Boves,004,Cuneo,CN,Piemonte,44.307473,7.559573
004029,Bra,004,Cuneo,CN,Piemonte,44.707062,7.825010
004030,Briaglia,004,Cuneo,CN,Piemonte,44.401537,7.874440
004031,Briga Alta,004,Cuneo,CN,Piemonte,44.137533,7.705219
004032,Brondello,004,Cuneo,CN,Piemonte,44.598623,7.399668
004033,Brossasco,004,Cuneo,CN,Piemonte,44.581981,7.327782
004034,Busca,004,Cuneo,CN,Piemonte,44.509250,7.449846
004035,Camerana,004,Cuneo,CN,Piemonte,44.426692,8.135578
004037,Canale,004,Cuneo,CN,Piemonte,44.800126,8.005017
004038,Canosio,004,Cuneo,CN,Piemonte,44.420846,7.054204
004039,Caprauna,004,Cuneo,CN,Piemonte,44.119268,7.948826
004040,Caraglio,004,Cuneo,CN,Piemonte,44.427064,7.440474
004041,Caramagna Piemonte,004,Cuneo,CN,Piemonte,44.785709,7.730494
004042,Cardè,004,Cuneo,CN,Piemonte,44.740030,7.473133
004043,Carrù,004,Cuneo,CN,Piemonte,44.480814,7.853942
004044,Cartignano,004,Cuneo,CN,Piemonte,44.488197,7.285635
004045,Casalgrasso,004,Cuneo,CN,Piemonte,44.816641,7.625279
004046,Castagnito,004,Cuneo,CN,Piemonte,44.751065,8.052555
004047,Casteldelfino,004,Cuneo,CN,Piemonte,44.592040,7.088790
004049,Castelletto Stura,004,Cuneo,CN,Piemonte,44.431402,7.635665
004050,Castelletto Uzzone,004,Cuneo,CN,Piemonte,44.492502,8.189716
004051,Castellinaldo d'Alba,004,Cuneo,CN,Piemonte,44.775129,8.033627
004052,Castellino Tanaro,004,Cuneo,CN,Piemonte,44.426798,7.988258
004053,Castelmagno,004,Cuneo,CN,Piemonte,44.404291,7.192318
004054,Castelnuovo di Ceva,004,Cuneo,CN,Piemonte,44.350853,8.132631
004055,Castiglione Falletto,004,Cuneo,CN,Piemonte,44.629374,7.972884
004056,Castiglione Tinella,004,Cuneo,CN,Piemonte,44.730514,8.191780
004057,Castino,004,Cuneo,CN,Piemonte,44.624889,8.160282
004058,Cavallerleone,004,Cuneo,CN,Piemonte,44.735127,7.648988
004059,Cavallermaggiore,004,Cuneo,CN,Piemonte,44.708263,7.698722
004060,Celle di Macra,004,Cuneo,CN,Piemonte,44.458668,7.175440
004061,Centallo,004,Cuneo,CN,Piemonte,44.488255,7.592884
004062,Ceresole Alba,004,Cuneo,CN,Piemonte,44.818198,7.816527
004063,Cerretto Langhe,004,Cuneo,CN,Piemonte,44.577333,8.077668
004064,Cervasca,004,Cuneo,CN,Piemonte,44.385539,7.480982
004065,Cervere,004,Cuneo,CN,Piemonte,44.626146,7.772227
004066,Ceva,004,Cuneo,CN,Piemonte,44.375771,8.026310
004067,Cherasco,004,Cuneo,CN,Piemonte,44.645365,7.832685
004068,Chiusa di Pesio,004,Cuneo,CN,Piemonte,44.260339,7.670827
004069,Cigliè,004,Cuneo,CN,Piemonte,44.436971,7.926573
004070,Cissone,004,Cuneo,CN,Piemonte,44.562801,8.029260
004071,Clavesana,004,Cuneo,CN,Piemonte,44.478106,7.924252
004072,Corneliano d'Alba,004,Cuneo,CN,Piemonte,44.736779,7.961414
004073,Cortemilia,004,Cuneo,CN,Piemonte,44.579696,8.189763
004074,Cossano Belbo,004,Cuneo,CN,Piemonte,44.663341,8.193771
004075,Costigliole Saluzzo,004,Cuneo,CN,Piemonte,44.561908,7.490197
004076,Cravanzana,004,Cuneo,CN,Piemonte,44.570418,8.121334
004077,Crissolo,004,Cuneo,CN,Piemonte,44.700239,7.125406
004078,Cuneo,004,Cuneo,CN,Piemonte,44.416366,7.552935
004079,Demonte,004,Cuneo,CN,Piemonte,44.328960,7.253495
004080,Diano d'Alba,004,Cuneo,CN,Piemonte,44.648434,8.025332
004081,Dogliani,004,Cuneo,CN,Piemonte,44.536203,7.956521
004082,Dronero,004,Cuneo,CN,Piemonte,44.455171,7.329242
004083,Elva,004,Cuneo,CN,Piemonte,44.545171,7.078178
004084,Entracque,004,Cuneo,CN,Piemonte,44.181623,7.402976
004085,Envie,004,Cuneo,CN,Piemonte,44.691637,7.375533
004086,Farigliano,004,Cuneo,CN,Piemonte,44.509882,7.923029
004087,Faule,004,Cuneo,CN,Piemonte,44.796527,7.571178
004088,Feisoglio,004,Cuneo,CN,Piemonte,44.544730,8.103374
004089,Fossano,004,Cuneo,CN,Piemonte,44.544171,7.692774
004090,Frabosa Soprana,004,Cuneo,CN,Piemonte,44.251943,7.813087
004091,Frabosa Sottana,004,Cuneo,CN,Piemonte,44.280737,7.775580
004092,Frassino,004,Cuneo,CN,Piemonte,44.566278,7.267725
004093,Gaiola,004,Cuneo,CN,Piemonte,44.333966,7.406954
004094,Gambasca,004,Cuneo,CN,Piemonte,44.623133,7.337292
004095,Garessio,004,Cuneo,CN,Piemonte,44.198834,7.992920
004096,Genola,004,Cuneo,CN,Piemonte,44.588596,7.668584
004097,Gorzegno,004,Cuneo,CN,Piemonte,44.514121,8.119820
004098,Gottasecca,004,Cuneo,CN,Piemonte,44.460468,8.176460
004099,Govone,004,Cuneo,CN,Piemonte,44.794594,8.103783
004100,Grinzane Cavour,004,Cuneo,CN,Piemonte,44.659392,7.994126
004101,Guarene,004,Cuneo,CN,Piemonte,44.735703,8.032857
004102,Igliano,004,Cuneo,CN,Piemonte,44.441153,8.015132
004103,Isasca,004,Cuneo,CN,Piemonte,44.590291,7.369788
004104,Lagnasco,004,Cuneo,CN,Piemonte,44.632444,7.557973
004105,La Morra,004,Cuneo,CN,Piemonte,44.647349,7.931845
004106,Lequio Berria,004,Cuneo,CN,Piemonte,44.606615,8.101345
004107,Lequio Tanaro,004,Cuneo,CN,Piemonte,44.553802,7.882996
004108,Lesegno,004,Cuneo,CN,Piemonte,44.396409,7.963913
004109,Levice,004,Cuneo,CN,Piemonte,44.534634,8.157002
004110,Limone Piemonte,004,Cuneo,CN,Piemonte,44.186201,7.576302
004111,Lisio,004,Cuneo,CN,Piemonte,44.305723,7.982513
004112,Macra,004,Cuneo,CN,Piemonte,44.504948,7.173415
004113,Magliano Alfieri,004,Cuneo,CN,Piemonte,44.765212,8.076727
004114,Magliano Alpi,004,Cuneo,CN,Piemonte,44.350776,7.792275
004115,Mango,004,Cuneo,CN,Piemonte,44.680865,8.153065
004116,Manta,004,Cuneo,CN,Piemonte,44.612975,7.503378
004117,Marene,004,Cuneo,CN,Piemonte,44.658020,7.732499
004118,Margarita,004,Cuneo,CN,Piemonte,44.400548,7.674677
004119,Marmora,004,Cuneo,CN,Piemonte,44.435455,7.115178
004120,Marsaglia,004,Cuneo,CN,Piemonte,44.455227,7.985563
004121,Martiniana Po,004,Cuneo,CN,Piemonte,44.616288,7.362257
004122,Melle,004,Cuneo,CN,Piemonte,44.547713,7.308747
004123,Moiola,004,Cuneo,CN,Piemonte,44.313355,7.387027
004124,Mombarcaro,004,Cuneo,CN,Piemonte,44.465550,8.079432
004125,Mombasiglio,004,Cuneo,CN,Piemonte,44.356937,7.963535
004126,Monastero di Vasco,004,Cuneo,CN,Piemonte,44.336242,7.819783
004127,Monasterolo Casotto,004,Cuneo,CN,Piemonte,44.314244,7.939646
004128,Monasterolo di Savigliano,004,Cuneo,CN,Piemonte,44.682071,7.609943
004129,Monchiero,004,Cuneo,CN,Piemonte,44.567005,7.921180
004130,Mondovì,004,Cuneo,CN,Piemonte,44.408807,7.813288
004131,Monesiglio,004,Cuneo,CN,Piemonte,44.463989,8.122460
004132,Monforte d'Alba,004,Cuneo,CN,Piemonte,44.586144,7.970626
004133,Montà,004,Cuneo,CN,Piemonte,44.823660,7.951687
004134,Montaldo di Mondovì,004,Cuneo,CN,Piemonte,44.301452,7.856460
004135,Montaldo Roero,004,Cuneo,CN,Piemonte,44.770490,7.916256
004136,Montanera,004,Cuneo,CN,Piemonte,44.458385,7.674566
004137,Montelupo Albese,004,Cuneo,CN,Piemonte,44.623725,8.035577
004138,Montemale di Cuneo,004,Cuneo,CN,Piemonte,44.434004,7.363168
004139,Monterosso Grana,004,Cuneo,CN,Piemonte,44.387220,7.302519
004140,Monteu Roero,004,Cuneo,CN,Piemonte,44.792003,7.912357
004141,Montezemolo,004,Cuneo,CN,Piemonte,44.380802,8.133600
004142,Monticello d'Alba,004,Cuneo,CN,Piemonte,44.712421,7.946592
004143,Moretta,004,Cuneo,CN,Piemonte,44.765239,7.538285
004144,Morozzo,004,Cuneo,CN,Piemonte,44.429743,7.688362
004145,Murazzano,004,Cuneo,CN,Piemonte,44.475054,8.013395
004146,Murello,004,Cuneo,CN,Piemonte,44.755506,7.604866
004147,Narzole,004,Cuneo,CN,Piemonte,44.596158,7.872963
004148,Neive,004,Cuneo,CN,Piemonte,44.727885,8.115671
004149,Neviglie,004,Cuneo,CN,Piemonte,44.693133,8.118890
004150,Niella Belbo,004,Cuneo,CN,Piemonte,44.515830,8.081527
004151,Niella Tanaro,004,Cuneo,CN,Piemonte,44.409731,7.922565
004152,Novello,004,Cuneo,CN,Piemonte,44.590946,7.920157
004153,Nucetto,004,Cuneo,CN,Piemonte,44.339090,8.055772
004154,Oncino,004,Cuneo,CN,Piemonte,44.650825,7.162831
004155,Ormea,004,Cuneo,CN,Piemonte,44.156134,7.867295
004156,Ostana,004,Cuneo,CN,Piemonte,44.707141,7.193020
004157,Paesana,004,Cuneo,CN,Piemonte,44.671261,7.247241
004158,Pagno,004,Cuneo,CN,Piemonte,44.607902,7.428782
004159,Pamparato,004,Cuneo,CN,Piemonte,44.256096,7.909701
004160,Paroldo,004,Cuneo,CN,Piemonte,44.430095,8.069716
004161,Perletto,004,Cuneo,CN,Piemonte,44.597023,8.216467
004162,Perlo,004,Cuneo,CN,Piemonte,44.324685,8.092374
004163,Peveragno,004,Cuneo,CN,Piemonte,44.310694,7.618103
004164,Pezzolo Valle Uzzone,004,Cuneo,CN,Piemonte,44.534167,8.215117
004165,Pianfei,004,Cuneo,CN,Piemonte,44.373129,7.711088
004166,Piasco,004,Cuneo,CN,Piemonte,44.568888,7.447171
004167,Pietraporzio,004,Cuneo,CN,Piemonte,44.327152,7.008590
004168,Piobesi d'Alba,004,Cuneo,CN,Piemonte,44.731005,7.983133
004169,Piozzo,004,Cuneo,CN,Piemonte,44.516386,7.880905
004170,Pocapaglia,004,Cuneo,CN,Piemonte,44.724182,7.877855
004171,Polonghera,004,Cuneo,CN,Piemonte,44.790804,7.595633
004172,Pontechianale,004,Cuneo,CN,Piemonte,44.645523,7.025427
004173,Pradleves,004,Cuneo,CN,Piemonte,44.413603,7.266647
004174,Prazzo,004,Cuneo,CN,Piemonte,44.502066,7.047857
004175,Priero,004,Cuneo,CN,Piemonte,44.364407,8.098812
004176,Priocca,004,Cuneo,CN,Piemonte,44.791895,8.061067
004177,Priola,004,Cuneo,CN,Piemonte,44.253315,8.030842
004178,Prunetto,004,Cuneo,CN,Piemonte,44.492336,8.138714
004179,Racconigi,004,Cuneo,CN,Piemonte,44.776266,7.673038
004180,Revello,004,Cuneo,CN,Piemonte,44.669122,7.415889
004181,Rifreddo,004,Cuneo,CN,Piemonte,44.654800,7.353461
004182,Rittana,004,Cuneo,CN,Piemonte,44.358462,7.374899
004183,Roaschia,004,Cuneo,CN,Piemonte,44.256096,7.457154
004184,Roascio,004,Cuneo,CN,Piemonte,44.417077,8.024784
004185,Robilante,004,Cuneo,CN,Piemonte,44.282515,7.517011
004186,Roburent,004,Cuneo,CN,Piemonte,44.261821,7.871490
004187,Roccabruna,004,Cuneo,CN,Piemonte,44.492344,7.323265
004188,Rocca Cigliè,004,Cuneo,CN,Piemonte,44.442927,7.949662
004189,Rocca de' Baldi,004,Cuneo,CN,Piemonte,44.438211,7.746325
004190,Roccaforte Mondovì,004,Cuneo,CN,Piemonte,44.250798,7.731682
004191,Roccasparvera,004,Cuneo,CN,Piemonte,44.344968,7.432913
004192,Roccavione,004,Cuneo,CN,Piemonte,44.299589,7.478108
004193,Rocchetta Belbo,004,Cuneo,CN,Piemonte,44.638768,8.174309
004194,Roddi,004,Cuneo,CN,Piemonte,44.678823,7.966392
004195,Roddino,004,Cuneo,CN,Piemonte,44.575160,8.018329
004196,Rodello,004,Cuneo,CN,Piemonte,44.628661,8.063364
004197,Rossana,004,Cuneo,CN,Piemonte,44.531818,7.412308
004198,Ruffia,004,Cuneo,CN,Piemonte,44.711274,7.602438
004199,Sale delle Langhe,004,Cuneo,CN,Piemonte,44.395605,8.092671
004200,Sale San Giovanni,004,Cuneo,CN,Piemonte,44.406440,8.075974
004201,Saliceto,004,Cuneo,CN,Piemonte,44.418578,8.182995
004202,Salmour,004,Cuneo,CN,Piemonte,44.581928,7.797612
004203,Saluzzo,004,Cuneo,CN,Piemonte,44.670144,7.490205
004204,Sambuco,004,Cuneo,CN,Piemonte,44.346997,7.083591
004205,Sampeyre,004,Cuneo,CN,Piemonte,44.583214,7.187026
004206,San Benedetto Belbo,004,Cuneo,CN,Piemonte,44.490078,8.059903
004207,San Damiano Macra,004,Cuneo,CN,Piemonte,44.497097,7.237548
004208,Sanfrè,004,Cuneo,CN,Piemonte,44.749678,7.806613
004209,Sanfront,004,Cuneo,CN,Piemonte,44.640617,7.302674
004210,San Michele Mondovì,004,Cuneo,CN,Piemonte,44.368868,7.920806
004211,Sant'Albano Stura,004,Cuneo,CN,Piemonte,44.489680,7.722444
004212,Santa Vittoria d'Alba,004,Cuneo,CN,Piemonte,44.698904,7.938083
004213,Santo Stefano Belbo,004,Cuneo,CN,Piemonte,44.704554,8.219420
004214,Santo Stefano Roero,004,Cuneo,CN,Piemonte,44.800986,7.925056
004215,Savigliano,004,Cuneo,CN,Piemonte,44.621322,7.636814
004216,Scagnello,004,Cuneo,CN,Piemonte,44.332098,7.979380
004217,Scarnafigi,004,Cuneo,CN,Piemonte,44.688325,7.558590
004218,Serralunga d'Alba,004,Cuneo,CN,Piemonte,44.615842,7.996487
004219,Serravalle Langhe,004,Cuneo,CN,Piemonte,44.558728,8.066501
004220,Sinio,004,Cuneo,CN,Piemonte,44.604885,8.025193
004221,Somano,004,Cuneo,CN,Piemonte,44.530485,8.013891
004222,Sommariva del Bosco,004,Cuneo,CN,Piemonte,44.773571,7.781110
004223,Sommariva Perno,004,Cuneo,CN,Piemonte,44.745370,7.889943
004224,Stroppo,004,Cuneo,CN,Piemonte,44.512185,7.130139
004225,Tarantasca,004,Cuneo,CN,Piemonte,44.498136,7.531900
004226,Torre Bormida,004,Cuneo,CN,Piemonte,44.562720,8.144801
004227,Torre Mondovì,004,Cuneo,CN,Piemonte,44.326988,7.909782
004228,Torre San Giorgio,004,Cuneo,CN,Piemonte,44.727597,7.527893
004229,Torresina,004,Cuneo,CN,Piemonte,44.436235,8.034162
004230,Treiso,004,Cuneo,CN,Piemonte,44.689485,8.085221
004231,Trezzo Tinella,004,Cuneo,CN,Piemonte,44.663950,8.113963
004232,Trinità,004,Cuneo,CN,Piemonte,44.511240,7.763035
004233,Valdieri,004,Cuneo,CN,Piemonte,44.226522,7.302687
004234,Valgrana,004,Cuneo,CN,Piemonte,44.402506,7.366231
004235,Valloriate,004,Cuneo,CN,Piemonte,44.341813,7.347745
004237,Venasca,004,Cuneo,CN,Piemonte,44.558937,7.396994
004238,Verduno,004,Cuneo,CN,Piemonte,44.672306,7.931868
004239,Vernante,004,Cuneo,CN,Piemonte,44.217081,7.516323
004240,Verzuolo,004,Cuneo,CN,Piemonte,44.594045,7.494285
004241,Vezza d'Alba,004,Cuneo,CN,Piemonte,44.761492,7.994604
004242,Vicoforte,004,Cuneo,CN,Piemonte,44.363783,7.866207
004243,Vignolo,004,Cuneo,CN,Piemonte,44.358716,7.476225
004244,Villafalletto,004,Cuneo,CN,Piemonte,44.556336,7.546583
004245,Villanova Mondovì,004,Cuneo,CN,Piemonte,44.358746,7.750131
004246,Villanova Solaro,004,Cuneo,CN,Piemonte,44.734130,7.573346
004247,Villar San Costanzo,004,Cuneo,CN,Piemonte,44.486754,7.393823
004248,Vinadio,004,Cuneo,CN,Piemonte,44.268761,7.117613
004249,Viola,004,Cuneo,CN,Piemonte,44.276627,7.966837
004250,Vottignasco,004,Cuneo,CN,Piemonte,44.561514,7.578950
005001,Agliano Terme,005,Asti,AT,Piemonte,44.787599,8.246825
005002,Albugnano,005,Asti,AT,Piemonte,45.080198,7.975159
005003,Antignano,005,Asti,AT,Piemonte,44.840683,8.137395
005004,Aramengo,005,Asti,AT,Piemonte,45.098655,7.993298
005005,Asti,005,Asti,AT,Piemonte,44.913424,8.194387
005006,Azzano d'Asti,005,Asti,AT,Piemonte,44.882203,8.266522
005007,Baldichieri d'Asti,005,Asti,AT,Piemonte,44.906968,8.094311
005008,Belveglio,005,Asti,AT,Piemonte,44.835165,8.332684
005009,Berzano di San Pietro,005,Asti,AT,Piemonte,45.101515,7.951185
005010,Bruno,005,Asti,AT,Piemonte,44.796673,8.447294
005011,Bubbio,005,Asti,AT,Piemonte,44.658166,8.293113
005012,Buttigliera d'Asti,005,Asti,AT,Piemonte,45.006412,7.954048
005013,Calamandrana,005,Asti,AT,Piemonte,44.735026,8.336197
005014,Calliano Monferrato,005,Asti,AT,Piemonte,45.002822,8.251607
005015,Calosso,005,Asti,AT,Piemonte,44.745411,8.235121
005016,Camerano Casasco,005,Asti,AT,Piemonte,44.984059,8.087820
005017,Canelli,005,Asti,AT,Piemonte,44.722059,8.282926
005018,Cantarana,005,Asti,AT,Piemonte,44.898298,8.028371
005019,Capriglio,005,Asti,AT,Piemonte,45.006898,8.009970
005020,Casorzo Monferrato,005,Asti,AT,Piemonte,45.014815,8.335558
005021,Cassinasco,005,Asti,AT,Piemonte,44.692240,8.311294
005022,Castagnole delle Lanze,005,Asti,AT,Piemonte,44.757443,8.143518
005023,Castagnole Monferrato,005,Asti,AT,Piemonte,44.953985,8.303915
005024,Castel Boglione,005,Asti,AT,Piemonte,44.727667,8.376701
005025,Castell'Alfero,005,Asti,AT,Piemonte,44.978639,8.203540
005026,Castellero,005,Asti,AT,Piemonte,44.920433,8.072076
005027,Castelletto Molina,005,Asti,AT,Piemonte,44.744075,8.430944
005028,Castello di Annone,005,Asti,AT,Piemonte,44.893992,8.330490
005029,Castelnuovo Belbo,005,Asti,AT,Piemonte,44.805184,8.414775
005030,Castelnuovo Calcea,005,Asti,AT,Piemonte,44.786889,8.286696
005031,Castelnuovo Don Bosco,005,Asti,AT,Piemonte,45.035820,7.977766
005032,Castel Rocchero,005,Asti,AT,Piemonte,44.720379,8.412922
005033,Cellarengo,005,Asti,AT,Piemonte,44.872669,7.928647
005034,Celle Enomondo,005,Asti,AT,Piemonte,44.858431,8.116006
005035,Cerreto d'Asti,005,Asti,AT,Piemonte,45.048124,8.030448
005036,Cerro Tanaro,005,Asti,AT,Piemonte,44.877116,8.367619
005037,Cessole,005,Asti,AT,Piemonte,44.645472,8.251098
005038,Chiusano d'Asti,005,Asti,AT,Piemonte,44.983267,8.120373
005039,Cinaglio,005,Asti,AT,Piemonte,44.968036,8.095477
005040,Cisterna d'Asti,005,Asti,AT,Piemonte,44.834533,8.001773
005041,Coazzolo,005,Asti,AT,Piemonte,44.728698,8.151578
005042,Cocconato,005,Asti,AT,Piemonte,45.090106,8.045471
005044,Corsione,005,Asti,AT,Piemonte,45.002894,8.154396
005045,Cortandone,005,Asti,AT,Piemonte,44.956124,8.057996
005046,Cortanze,005,Asti,AT,Piemonte,45.017694,8.087488
005047,Cortazzone,005,Asti,AT,Piemonte,44.977727,8.051053
005048,Cortiglione,005,Asti,AT,Piemonte,44.830504,8.365624
005049,Cossombrato,005,Asti,AT,Piemonte,44.985308,8.141368
005050,Costigliole d'Asti,005,Asti,AT,Piemonte,44.785130,8.177727
005051,Cunico,005,Asti,AT,Piemonte,45.041467,8.090826
005052,Dusino San Michele,005,Asti,AT,Piemonte,44.920184,7.981811
005053,Ferrere,005,Asti,AT,Piemonte,44.872764,7.992543
005054,Fontanile,005,Asti,AT,Piemonte,44.747357,8.411696
005055,Frinco,005,Asti,AT,Piemonte,44.995722,8.175573
005056,Grana Monferrato,005,Asti,AT,Piemonte,45.001935,8.295909
005057,Grazzano Badoglio,005,Asti,AT,Piemonte,45.036392,8.307979
005058,Incisa Scapaccino,005,Asti,AT,Piemonte,44.814485,8.387663
005059,Isola d'Asti,005,Asti,AT,Piemonte,44.826052,8.179455
005060,Loazzolo,005,Asti,AT,Piemonte,44.671515,8.256146
005061,Maranzana,005,Asti,AT,Piemonte,44.762945,8.482343
005062,Maretto,005,Asti,AT,Piemonte,44.941804,8.038729
005063,Moasca,005,Asti,AT,Piemonte,44.764644,8.271864
005064,Mombaldone,005,Asti,AT,Piemonte,44.576092,8.330650
005065,Mombaruzzo,005,Asti,AT,Piemonte,44.776896,8.449231
005066,Mombercelli,005,Asti,AT,Piemonte,44.827199,8.296137
005067,Monale,005,Asti,AT,Piemonte,44.936015,8.077819
005068,Monastero Bormida,005,Asti,AT,Piemonte,44.639182,8.327253
005069,Moncalvo,005,Asti,AT,Piemonte,45.050672,8.271528
005070,Moncucco Torinese,005,Asti,AT,Piemonte,45.070723,7.921428
005071,Mongardino,005,Asti,AT,Piemonte,44.849260,8.225356
005072,Montabone,005,Asti,AT,Piemonte,44.700163,8.390846
005073,Montafia,005,Asti,AT,Piemonte,44.985047,8.015717
005074,Montaldo Scarampi,005,Asti,AT,Piemonte,44.831327,8.266934
005075,Montechiaro d'Asti,005,Asti,AT,Piemonte,45.012450,8.113991
005076,Montegrosso d'Asti,005,Asti,AT,Piemonte,44.814060,8.232526
005077,Montemagno Monferrato,005,Asti,AT,Piemonte,44.973775,8.329841
005080,Nizza Monferrato,005,Asti,AT,Piemonte,44.769602,8.355012
005081,Olmo Gentile,005,Asti,AT,Piemonte,44.581909,8.251693
005082,Passerano Marmorito,005,Asti,AT,Piemonte,45.055887,8.012948
005083,Penango,005,Asti,AT,Piemonte,45.026755,8.261740
005084,Piea,005,Asti,AT,Piemonte,45.021199,8.061748
005085,Pino d'Asti,005,Asti,AT,Piemonte,45.054139,7.987236
005086,Piovà Massaia,005,Asti,AT,Piemonte,45.045512,8.049506
005087,Portacomaro,005,Asti,AT,Piemonte,44.948631,8.263281
005088,Quaranti,005,Asti,AT,Piemonte,44.750186,8.448983
005089,Refrancore,005,Asti,AT,Piemonte,44.929835,8.345973
005090,Revigliasco d'Asti,005,Asti,AT,Piemonte,44.857255,8.163065
005091,Roatto,005,Asti,AT,Piemonte,44.951798,8.016856
005092,Robella,005,Asti,AT,Piemonte,45.106418,8.103486
005093,Rocca d'Arazzo,005,Asti,AT,Piemonte,44.863719,8.288599
005094,Roccaverano,005,Asti,AT,Piemonte,44.594984,8.285879
005095,Rocchetta Palafea,005,Asti,AT,Piemonte,44.704778,8.343671
005096,Rocchetta Tanaro,005,Asti,AT,Piemonte,44.857468,8.347006
005097,San Damiano d'Asti,005,Asti,AT,Piemonte,44.845479,8.051996
005098,San Giorgio Scarampi,005,Asti,AT,Piemonte,44.609192,8.239175
005099,San Martino Alfieri,005,Asti,AT,Piemonte,44.823506,8.115831
005100,San Marzano Oliveto,005,Asti,AT,Piemonte,44.755241,8.300519
005101,San Paolo Solbrito,005,Asti,AT,Piemonte,44.951909,7.980660
005103,Scurzolengo,005,Asti,AT,Piemonte,44.966929,8.276021
005104,Serole,005,Asti,AT,Piemonte,44.547771,8.260271
005105,Sessame,005,Asti,AT,Piemonte,44.671171,8.338767
005106,Settime,005,Asti,AT,Piemonte,44.958562,8.112349
005107,Soglio,005,Asti,AT,Piemonte,44.996366,8.076191
005108,Tigliole,005,Asti,AT,Piemonte,44.884298,8.084589
005109,Tonco,005,Asti,AT,Piemonte,45.020634,8.189379
005111,Vaglio Serra,005,Asti,AT,Piemonte,44.800353,8.343849
005112,Valfenera,005,Asti,AT,Piemonte,44.891484,7.954624
005113,Vesime,005,Asti,AT,Piemonte,44.629774,8.226220
005114,Viale,005,Asti,AT,Piemonte,45.002204,8.050082
005115,Viarigi,005,Asti,AT,Piemonte,44.966629,8.364789
005116,Vigliano d'Asti,005,Asti,AT,Piemonte,44.834512,8.227978
005117,Villafranca d'Asti,005,Asti,AT,Piemonte,44.918958,8.036481
005118,Villanova d'Asti,005,Asti,AT,Piemonte,44.951536,7.934567
005119,Villa San Secondo,005,Asti,AT,Piemonte,45.002282,8.146056
005120,Vinchio,005,Asti,AT,Piemonte,44.807762,8.318754
005121,Montiglio Monferrato,005,Asti,AT,Piemonte,45.058418,8.107801
005122,Moransengo-Tonengo,005,Asti,AT,Piemonte,45.118256,8.016364
006001,Acqui Terme,006,Alessandria,AL,Piemonte,44.681261,8.463930
006002,Albera Ligure,006,Alessandria,AL,Piemonte,44.707989,9.103939
006003,Alessandria,006,Alessandria,AL,Piemonte,44.909020,8.644433
006004,Alfiano Natta,006,Alessandria,AL,Piemonte,45.040980,8.208455
006005,Alice Bel Colle,006,Alessandria,AL,Piemonte,44.722933,8.452894
006007,Altavilla Monferrato,006,Alessandria,AL,Piemonte,44.985111,8.379217
006008,Alzano Scrivia,006,Alessandria,AL,Piemonte,45.018015,8.879961
006009,Arquata Scrivia,006,Alessandria,AL,Piemonte,44.670233,8.889136
006010,Avolasca,006,Alessandria,AL,Piemonte,44.811807,8.970357
006011,Balzola,006,Alessandria,AL,Piemonte,45.184979,8.411768
006012,Basaluzzo,006,Alessandria,AL,Piemonte,44.767374,8.713579
006013,Bassignana,006,Alessandria,AL,Piemonte,45.004345,8.731855
006014,Belforte Monferrato,006,Alessandria,AL,Piemonte,44.605628,8.670036
006015,Bergamasco,006,Alessandria,AL,Piemonte,44.827976,8.449570
006016,Berzano di Tortona,006,Alessandria,AL,Piemonte,44.875171,8.954394
006017,Bistagno,006,Alessandria,AL,Piemonte,44.670473,8.374679
006018,Borghetto di Borbera,006,Alessandria,AL,Piemonte,44.734964,8.967978
006019,Borgoratto Alessandrino,006,Alessandria,AL,Piemonte,44.830741,8.519363
006020,Borgo San Martino,006,Alessandria,AL,Piemonte,45.092396,8.529645
006021,Bosco Marengo,006,Alessandria,AL,Piemonte,44.819404,8.705466
006022,Bosio,006,Alessandria,AL,Piemonte,44.575098,8.784091
006023,Bozzole,006,Alessandria,AL,Piemonte,45.073388,8.621823
006024,Brignano-Frascata,006,Alessandria,AL,Piemonte,44.810282,9.044481
006025,Cabella Ligure,006,Alessandria,AL,Piemonte,44.669629,9.137392
006026,Camagna Monferrato,006,Alessandria,AL,Piemonte,45.021682,8.433976
006027,Camino,006,Alessandria,AL,Piemonte,45.161397,8.275015
006028,Cantalupo Ligure,006,Alessandria,AL,Piemonte,44.732925,9.061528
006029,Capriata d'Orba,006,Alessandria,AL,Piemonte,44.729020,8.694137
006030,Carbonara Scrivia,006,Alessandria,AL,Piemonte,44.853642,8.858133
006031,Carentino,006,Alessandria,AL,Piemonte,44.822494,8.485028
006032,Carezzano,006,Alessandria,AL,Piemonte,44.807104,8.894754
006033,Carpeneto,006,Alessandria,AL,Piemonte,44.691879,8.615568
006034,Carrega Ligure,006,Alessandria,AL,Piemonte,44.616389,9.155431
006035,Carrosio,006,Alessandria,AL,Piemonte,44.656141,8.836997
006036,Cartosio,006,Alessandria,AL,Piemonte,44.594437,8.423432
006037,Casal Cermelli,006,Alessandria,AL,Piemonte,44.823967,8.631848
006038,Casaleggio Boiro,006,Alessandria,AL,Piemonte,44.612244,8.741270
006039,Casale Monferrato,006,Alessandria,AL,Piemonte,45.126366,8.461749
006040,Casalnoceto,006,Alessandria,AL,Piemonte,44.918031,8.979934
006041,Casasco,006,Alessandria,AL,Piemonte,44.821049,9.004436
006043,Cassine,006,Alessandria,AL,Piemonte,44.752089,8.519131
006044,Cassinelle,006,Alessandria,AL,Piemonte,44.579431,8.557509
006045,Castellania Coppi,006,Alessandria,AL,Piemonte,44.796656,8.938968
006046,Castellar Guidobono,006,Alessandria,AL,Piemonte,44.907040,8.950232
006047,Castellazzo Bormida,006,Alessandria,AL,Piemonte,44.836726,8.582922
006048,Castelletto d'Erro,006,Alessandria,AL,Piemonte,44.630906,8.390097
006049,Castelletto d'Orba,006,Alessandria,AL,Piemonte,44.688454,8.708667
006050,Castelletto Merli,006,Alessandria,AL,Piemonte,45.075382,8.235499
006051,Castelletto Monferrato,006,Alessandria,AL,Piemonte,44.972121,8.553989
006052,Castelnuovo Bormida,006,Alessandria,AL,Piemonte,44.742018,8.558691
006053,Castelnuovo Scrivia,006,Alessandria,AL,Piemonte,44.975177,8.874587
006054,Castelspina,006,Alessandria,AL,Piemonte,44.800598,8.596523
006055,Cavatore,006,Alessandria,AL,Piemonte,44.632098,8.456760
006056,Cella Monte,006,Alessandria,AL,Piemonte,45.065299,8.384575
006057,Cereseto,006,Alessandria,AL,Piemonte,45.089379,8.322770
006058,Cerreto Grue,006,Alessandria,AL,Piemonte,44.838210,8.930290
006059,Cerrina Monferrato,006,Alessandria,AL,Piemonte,45.112575,8.209615
006060,Coniolo,006,Alessandria,AL,Piemonte,45.151998,8.383198
006061,Conzano,006,Alessandria,AL,Piemonte,45.033279,8.462392
006062,Costa Vescovato,006,Alessandria,AL,Piemonte,44.819353,8.930272
006063,Cremolino,006,Alessandria,AL,Piemonte,44.631932,8.575642
006065,Denice,006,Alessandria,AL,Piemonte,44.603518,8.333463
006066,Dernice,006,Alessandria,AL,Piemonte,44.761492,9.045532
006067,Fabbrica Curone,006,Alessandria,AL,Piemonte,44.741547,9.169179
006068,Felizzano,006,Alessandria,AL,Piemonte,44.908364,8.428632
006069,Fraconalto,006,Alessandria,AL,Piemonte,44.584072,8.893910
006070,Francavilla Bisio,006,Alessandria,AL,Piemonte,44.726476,8.738588
006071,Frascaro,006,Alessandria,AL,Piemonte,44.819377,8.520172
006072,Frassinello Monferrato,006,Alessandria,AL,Piemonte,45.037102,8.394647
006073,Frassineto Po,006,Alessandria,AL,Piemonte,45.134415,8.548637
006074,Fresonara,006,Alessandria,AL,Piemonte,44.783171,8.691754
006075,Frugarolo,006,Alessandria,AL,Piemonte,44.851752,8.673044
006076,Fubine Monferrato,006,Alessandria,AL,Piemonte,44.958989,8.423725
006077,Gabiano,006,Alessandria,AL,Piemonte,45.152592,8.206380
006078,Gamalero,006,Alessandria,AL,Piemonte,44.801806,8.527126
006079,Garbagna,006,Alessandria,AL,Piemonte,44.780542,8.997648
006081,Gavi,006,Alessandria,AL,Piemonte,44.687647,8.815821
006082,Giarole,006,Alessandria,AL,Piemonte,45.058712,8.563512
006083,Gremiasco,006,Alessandria,AL,Piemonte,44.800143,9.108847
006084,Grognardo,006,Alessandria,AL,Piemonte,44.627057,8.494059
006085,Grondona,006,Alessandria,AL,Piemonte,44.694070,8.969610
006086,Guazzora,006,Alessandria,AL,Piemonte,45.021053,8.859042
006087,Isola Sant'Antonio,006,Alessandria,AL,Piemonte,45.031656,8.847265
006088,Lerma,006,Alessandria,AL,Piemonte,44.626057,8.718964
006090,Malvicino,006,Alessandria,AL,Piemonte,44.557566,8.418904
006091,Masio,006,Alessandria,AL,Piemonte,44.865326,8.419531
006092,Melazzo,006,Alessandria,AL,Piemonte,44.640181,8.421199
006093,Merana,006,Alessandria,AL,Piemonte,44.515408,8.289445
006094,Mirabello Monferrato,006,Alessandria,AL,Piemonte,45.033305,8.525986
006095,Molare,006,Alessandria,AL,Piemonte,44.573031,8.590190
006096,Molino dei Torti,006,Alessandria,AL,Piemonte,45.027875,8.896402
006097,Mombello Monferrato,006,Alessandria,AL,Piemonte,45.125345,8.256149
006098,Momperone,006,Alessandria,AL,Piemonte,44.840467,9.036550
006099,Moncestino,006,Alessandria,AL,Piemonte,45.157002,8.158358
006100,Mongiardino Ligure,006,Alessandria,AL,Piemonte,44.642003,9.072635
006101,Monleale,006,Alessandria,AL,Piemonte,44.871167,8.975288
006102,Montacuto,006,Alessandria,AL,Piemonte,44.760160,9.107015
006103,Montaldeo,006,Alessandria,AL,Piemonte,44.665512,8.727668
006104,Montaldo Bormida,006,Alessandria,AL,Piemonte,44.696500,8.592489
006105,Montecastello,006,Alessandria,AL,Piemonte,44.958057,8.692047
006106,Montechiaro d'Acqui,006,Alessandria,AL,Piemonte,44.589965,8.380526
006107,Montegioco,006,Alessandria,AL,Piemonte,44.840541,8.959391
006108,Montemarzino,006,Alessandria,AL,Piemonte,44.848858,8.992685
006109,Morano sul Po,006,Alessandria,AL,Piemonte,45.172333,8.353868
006110,Morbello,006,Alessandria,AL,Piemonte,44.595094,8.521388
006111,Mornese,006,Alessandria,AL,Piemonte,44.627170,8.759441
006112,Morsasco,006,Alessandria,AL,Piemonte,44.667101,8.549206
006113,Murisengo Monferrato,006,Alessandria,AL,Piemonte,45.082719,8.137796
006114,Novi Ligure,006,Alessandria,AL,Piemonte,44.765153,8.795252
006115,Occimiano,006,Alessandria,AL,Piemonte,45.061571,8.511567
006116,Odalengo Grande,006,Alessandria,AL,Piemonte,45.104833,8.161419
006117,Odalengo Piccolo,006,Alessandria,AL,Piemonte,45.073572,8.205608
006118,Olivola,006,Alessandria,AL,Piemonte,45.035114,8.368169
006119,Orsara Bormida,006,Alessandria,AL,Piemonte,44.688321,8.564953
006120,Ottiglio,006,Alessandria,AL,Piemonte,45.051948,8.341308
006121,Ovada,006,Alessandria,AL,Piemonte,44.624359,8.637783
006122,Oviglio,006,Alessandria,AL,Piemonte,44.864992,8.482024
006123,Ozzano Monferrato,006,Alessandria,AL,Piemonte,45.106826,8.369272
006124,Paderna,006,Alessandria,AL,Piemonte,44.824666,8.886392
006125,Pareto,006,Alessandria,AL,Piemonte,44.516686,8.403523
006126,Parodi Ligure,006,Alessandria,AL,Piemonte,44.672565,8.759349
006127,Pasturana,006,Alessandria,AL,Piemonte,44.750620,8.746429
006128,Pecetto di Valenza,006,Alessandria,AL,Piemonte,44.987311,8.673337
006129,Pietra Marazzi,006,Alessandria,AL,Piemonte,44.944245,8.673861
006131,Pomaro Monferrato,006,Alessandria,AL,Piemonte,45.069584,8.583701
006132,Pontecurone,006,Alessandria,AL,Piemonte,44.956386,8.939969
006133,Pontestura,006,Alessandria,AL,Piemonte,45.134761,8.328615
006134,Ponti,006,Alessandria,AL,Piemonte,44.626060,8.362494
006135,Ponzano Monferrato,006,Alessandria,AL,Piemonte,45.081401,8.271896
006136,Ponzone,006,Alessandria,AL,Piemonte,44.553395,8.493673
006137,Pozzol Groppo,006,Alessandria,AL,Piemonte,44.868639,9.039579
006138,Pozzolo Formigaro,006,Alessandria,AL,Piemonte,44.811258,8.789206
006139,Prasco,006,Alessandria,AL,Piemonte,44.643832,8.540145
006140,Predosa,006,Alessandria,AL,Piemonte,44.754314,8.639041
006141,Quargnento,006,Alessandria,AL,Piemonte,44.953993,8.486383
006142,Quattordio,006,Alessandria,AL,Piemonte,44.905261,8.387923
006143,Ricaldone,006,Alessandria,AL,Piemonte,44.735649,8.474085
006144,Rivalta Bormida,006,Alessandria,AL,Piemonte,44.711293,8.558467
006145,Rivarone,006,Alessandria,AL,Piemonte,44.973642,8.715065
006146,Roccaforte Ligure,006,Alessandria,AL,Piemonte,44.680497,9.018120
006147,Rocca Grimalda,006,Alessandria,AL,Piemonte,44.685299,8.643829
006148,Rocchetta Ligure,006,Alessandria,AL,Piemonte,44.691466,9.058077
006149,Rosignano Monferrato,006,Alessandria,AL,Piemonte,45.072805,8.416173
006150,Sala Monferrato,006,Alessandria,AL,Piemonte,45.074909,8.354636
006151,Sale,006,Alessandria,AL,Piemonte,44.965022,8.800511
006152,San Cristoforo,006,Alessandria,AL,Piemonte,44.695098,8.746041
006153,San Giorgio Monferrato,006,Alessandria,AL,Piemonte,45.110509,8.412734
006154,San Salvatore Monferrato,006,Alessandria,AL,Piemonte,45.004237,8.561478
006155,San Sebastiano Curone,006,Alessandria,AL,Piemonte,44.787077,9.070630
006156,Sant'Agata Fossili,006,Alessandria,AL,Piemonte,44.784296,8.904216
006157,Sardigliano,006,Alessandria,AL,Piemonte,44.765837,8.919649
006158,Sarezzano,006,Alessandria,AL,Piemonte,44.864317,8.926734
006159,Serralunga di Crea,006,Alessandria,AL,Piemonte,45.099698,8.289293
006160,Serravalle Scrivia,006,Alessandria,AL,Piemonte,44.723374,8.849516
006161,Sezzadio,006,Alessandria,AL,Piemonte,44.758592,8.587028
006162,Silvano d'Orba,006,Alessandria,AL,Piemonte,44.675703,8.678362
006163,Solero,006,Alessandria,AL,Piemonte,44.912570,8.501759
006164,Solonghello,006,Alessandria,AL,Piemonte,45.130107,8.290773
006165,Spigno Monferrato,006,Alessandria,AL,Piemonte,44.532952,8.340789
006166,Spineto Scrivia,006,Alessandria,AL,Piemonte,44.838012,8.873504
006167,Stazzano,006,Alessandria,AL,Piemonte,44.737093,8.899574
006168,Strevi,006,Alessandria,AL,Piemonte,44.698374,8.521327
006169,Tagliolo Monferrato,006,Alessandria,AL,Piemonte,44.612418,8.696364
006170,Tassarolo,006,Alessandria,AL,Piemonte,44.725945,8.768355
006171,Terruggia,006,Alessandria,AL,Piemonte,45.077212,8.450283
006172,Terzo,006,Alessandria,AL,Piemonte,44.677107,8.415579
006173,Ticineto,006,Alessandria,AL,Piemonte,45.101966,8.557690
006174,Tortona,006,Alessandria,AL,Piemonte,44.887045,8.841940
006175,Treville,006,Alessandria,AL,Piemonte,45.096965,8.354956
006176,Trisobbio,006,Alessandria,AL,Piemonte,44.659665,8.586454
006177,Valenza,006,Alessandria,AL,Piemonte,45.018810,8.629533
006178,Valmacca,006,Alessandria,AL,Piemonte,45.104529,8.597195
006179,Vignale Monferrato,006,Alessandria,AL,Piemonte,45.007820,8.400669
006180,Vignole Borbera,006,Alessandria,AL,Piemonte,44.709463,8.909016
006181,Viguzzolo,006,Alessandria,AL,Piemonte,44.907624,8.924523
006182,Villadeati,006,Alessandria,AL,Piemonte,45.058529,8.168763
006183,Villalvernia,006,Alessandria,AL,Piemonte,44.810282,8.858304
006184,Villamiroglio,006,Alessandria,AL,Piemonte,45.133850,8.162797
006185,Villanova Monferrato,006,Alessandria,AL,Piemonte,45.183614,8.472644
006186,Villaromagnano,006,Alessandria,AL,Piemonte,44.846861,8.897880
006187,Visone,006,Alessandria,AL,Piemonte,44.654064,8.508500
006188,Volpedo,006,Alessandria,AL,Piemonte,44.887747,8.999201
006189,Volpeglino,006,Alessandria,AL,Piemonte,44.894517,8.959201
006190,Voltaggio,006,Alessandria,AL,Piemonte,44.602523,8.845379
006191,Cassano Spinola,006,Alessandria,AL,Piemonte,44.770542,8.869337
006192,Alluvioni Piovera,006,Alessandria,AL,Piemonte,44.968124,8.753982
006193,Lu e Cuccaro Monferrato,006,Alessandria,AL,Piemonte,45.002120,8.483314
007001,Allein,007,Valle d'Aosta/Vallée d'Aoste,AO,Valle d'Aosta/Vallée d'Aoste,45.815963,7.274574
007002,Antey-Saint-André,007,Valle d'Aosta/Vallée d'Aoste,AO,Valle d'Aosta/Vallée d'Aoste,45.809133,7.599520
007003,Aosta,007,Valle d'Aosta/Vallée d'Aoste,AO,Valle d'Aosta/Vallée d'Aoste,45.749486,7.301287
007004,Arnad,007,Valle d'Aosta/Vallée d'Aoste,AO,Valle d'Aosta/Vallée d'Aoste,45.643771,7.739386
007005,Arvier,007,Valle d'Aosta/Vallée d'Aoste,AO,Valle d'Aosta/Vallée d'Aoste,45.670932,7.112879
007006,Avise,007,Valle d'Aosta/Vallée d'Aoste,AO,Valle d'Aosta/Vallée d'Aoste,45.729580,7.111953
007007,Ayas,007,Valle d'Aosta/Vallée d'Aoste,AO,Valle d'Aosta/Vallée d'Aoste,45.856691,7.730183
007008,Aymavilles,007,Valle d'Aosta/Vallée d'Aoste,AO,Valle d'Aosta/Vallée d'Aoste,45.653832,7.252789
007009,Bard,007,Valle d'Aosta/Vallée d'Aoste,AO,Valle d'Aosta/Vallée d'Aoste,45.616582,7.748471
007010,Bionaz,007,Valle d'Aosta/Vallée d'Aoste,AO,Valle d'Aosta/Vallée d'Aoste,45.909845,7.490970
007011,Brissogne,007,Valle d'Aosta/Vallée d'Aoste,AO,Valle d'Aosta/Vallée d'Aoste,45.704261,7.404144
007012,Brusson,007,Valle d'Aosta/Vallée d'Aoste,AO,Valle d'Aosta/Vallée d'Aoste,45.762369,7.754396
007013,Challand-Saint-Anselme,007,Valle d'Aosta/Vallée d'Aoste,AO,Valle d'Aosta/Vallée d'Aoste,45.714360,7.759838
007014,Challand-Saint-Victor,007,Valle d'Aosta/Vallée d'Aoste,AO,Valle d'Aosta/Vallée d'Aoste,45.683546,7.740852
007015,Chambave,007,Valle d'Aosta/Vallée d'Aoste,AO,Valle d'Aosta/Vallée d'Aoste,45.718342,7.546189
007016,Chamois,007,Valle d'Aosta/Vallée d'Aoste,AO,Valle d'Aosta/Vallée d'Aoste,45.840335,7.642870
007017,Champdepraz,007,Valle d'Aosta/Vallée d'Aoste,AO,Valle d'Aosta/Vallée d'Aoste,45.671123,7.598673
007018,Champorcher,007,Valle d'Aosta/Vallée d'Aoste,AO,Valle d'Aosta/Vallée d'Aoste,45.607967,7.581885
007019,Charvensod,007,Valle d'Aosta/Vallée d'Aoste,AO,Valle d'Aosta/Vallée d'Aoste,45.690648,7.344843
007020,Châtillon,007,Valle d'Aosta/Vallée d'Aoste,AO,Valle d'Aosta/Vallée d'Aoste,45.759628,7.626312
007021,Cogne,007,Valle d'Aosta/Vallée d'Aoste,AO,Valle d'Aosta/Vallée d'Aoste,45.589903,7.368173
007022,Courmayeur,007,Valle d'Aosta/Vallée d'Aoste,AO,Valle d'Aosta/Vallée d'Aoste,45.825714,6.950834
007023,Donnas,007,Valle d'Aosta/Vallée d'Aoste,AO,Valle d'Aosta/Vallée d'Aoste,45.584134,7.748719
007024,Doues,007,Valle d'Aosta/Vallée d'Aoste,AO,Valle d'Aosta/Vallée d'Aoste,45.832080,7.289876
007025,Emarèse,007,Valle d'Aosta/Vallée d'Aoste,AO,Valle d'Aosta/Vallée d'Aoste,45.725620,7.702747
007026,Etroubles,007,Valle d'Aosta/Vallée d'Aoste,AO,Valle d'Aosta/Vallée d'Aoste,45.844564,7.232081
007027,Fénis,007,Valle d'Aosta/Vallée d'Aoste,AO,Valle d'Aosta/Vallée d'Aoste,45.674494,7.504329
007028,Fontainemore,007,Valle d'Aosta/Vallée d'Aoste,AO,Valle d'Aosta/Vallée d'Aoste,45.648778,7.883761
007029,Gaby,007,Valle d'Aosta/Vallée d'Aoste,AO,Valle d'Aosta/Vallée d'Aoste,45.714461,7.883306
007030,Gignod,007,Valle d'Aosta/Vallée d'Aoste,AO,Valle d'Aosta/Vallée d'Aoste,45.783353,7.260491
007031,Gressan,007,Valle d'Aosta/Vallée d'Aoste,AO,Valle d'Aosta/Vallée d'Aoste,45.686834,7.305157
007032,Gressoney-La-Trinité,007,Valle d'Aosta/Vallée d'Aoste,AO,Valle d'Aosta/Vallée d'Aoste,45.872099,7.828576
007033,Gressoney-Saint-Jean,007,Valle d'Aosta/Vallée d'Aoste,AO,Valle d'Aosta/Vallée d'Aoste,45.777459,7.837329
007034,Hône,007,Valle d'Aosta/Vallée d'Aoste,AO,Valle d'Aosta/Vallée d'Aoste,45.609359,7.721301
007035,Introd,007,Valle d'Aosta/Vallée d'Aoste,AO,Valle d'Aosta/Vallée d'Aoste,45.671471,7.178791
007036,Issime,007,Valle d'Aosta/Vallée d'Aoste,AO,Valle d'Aosta/Vallée d'Aoste,45.684172,7.837518
007037,Issogne,007,Valle d'Aosta/Vallée d'Aoste,AO,Valle d'Aosta/Vallée d'Aoste,45.651734,7.659383
007038,Jovençan,007,Valle d'Aosta/Vallée d'Aoste,AO,Valle d'Aosta/Vallée d'Aoste,45.701002,7.275195
007039,La Magdeleine,007,Valle d'Aosta/Vallée d'Aoste,AO,Valle d'Aosta/Vallée d'Aoste,45.815868,7.629015
007040,La Salle,007,Valle d'Aosta/Vallée d'Aoste,AO,Valle d'Aosta/Vallée d'Aoste,45.745509,7.068423
007041,La Thuile,007,Valle d'Aosta/Vallée d'Aoste,AO,Valle d'Aosta/Vallée d'Aoste,45.700982,6.921016
007042,Lillianes,007,Valle d'Aosta/Vallée d'Aoste,AO,Valle d'Aosta/Vallée d'Aoste,45.623877,7.858920
007043,Montjovet,007,Valle d'Aosta/Vallée d'Aoste,AO,Valle d'Aosta/Vallée d'Aoste,45.711766,7.665479
007044,Morgex,007,Valle d'Aosta/Vallée d'Aoste,AO,Valle d'Aosta/Vallée d'Aoste,45.753793,7.019459
007045,Nus,007,Valle d'Aosta/Vallée d'Aoste,AO,Valle d'Aosta/Vallée d'Aoste,45.808174,7.498106
007046,Ollomont,007,Valle d'Aosta/Vallée d'Aoste,AO,Valle d'Aosta/Vallée d'Aoste,45.882063,7.311706
007047,Oyace,007,Valle d'Aosta/Vallée d'Aoste,AO,Valle d'Aosta/Vallée d'Aoste,45.841655,7.407107
007048,Perloz,007,Valle d'Aosta/Vallée d'Aoste,AO,Valle d'Aosta/Vallée d'Aoste,45.628864,7.811113
007049,Pollein,007,Valle d'Aosta/Vallée d'Aoste,AO,Valle d'Aosta/Vallée d'Aoste,45.710259,7.368312
007050,Pontboset,007,Valle d'Aosta/Vallée d'Aoste,AO,Valle d'Aosta/Vallée d'Aoste,45.590113,7.671577
007051,Pontey,007,Valle d'Aosta/Vallée d'Aoste,AO,Valle d'Aosta/Vallée d'Aoste,45.721407,7.583972
007052,Pont-Saint-Martin,007,Valle d'Aosta/Vallée d'Aoste,AO,Valle d'Aosta/Vallée d'Aoste,45.599000,7.811813
007053,Pré-Saint-Didier,007,Valle d'Aosta/Vallée d'Aoste,AO,Valle d'Aosta/Vallée d'Aoste,45.758078,6.954335
007054,Quart,007,Valle d'Aosta/Vallée d'Aoste,AO,Valle d'Aosta/Vallée d'Aoste,45.780117,7.423996
007055,Rhêmes-Notre-Dame,007,Valle d'Aosta/Vallée d'Aoste,AO,Valle d'Aosta/Vallée d'Aoste,45.534750,7.105420
007056,Rhêmes-Saint-Georges,007,Valle d'Aosta/Vallée d'Aoste,AO,Valle d'Aosta/Vallée d'Aoste,45.627395,7.145278
007057,Roisan,007,Valle d'Aosta/Vallée d'Aoste,AO,Valle d'Aosta/Vallée d'Aoste,45.789456,7.326397
007058,Saint-Christophe,007,Valle d'Aosta/Vallée d'Aoste,AO,Valle d'Aosta/Vallée d'Aoste,45.764279,7.354834
007059,Saint-Denis,007,Valle d'Aosta/Vallée d'Aoste,AO,Valle d'Aosta/Vallée d'Aoste,45.759435,7.573020
007060,Saint-Marcel,007,Valle d'Aosta/Vallée d'Aoste,AO,Valle d'Aosta/Vallée d'Aoste,45.689015,7.449537
007061,Saint-Nicolas,007,Valle d'Aosta/Vallée d'Aoste,AO,Valle d'Aosta/Vallée d'Aoste,45.726564,7.162924
007062,Saint-Oyen,007,Valle d'Aosta/Vallée d'Aoste,AO,Valle d'Aosta/Vallée d'Aoste,45.820866,7.204836
007063,Saint-Pierre,007,Valle d'Aosta/Vallée d'Aoste,AO,Valle d'Aosta/Vallée d'Aoste,45.738286,7.199269
007064,Saint-Rhémy-en-Bosses,007,Valle d'Aosta/Vallée d'Aoste,AO,Valle d'Aosta/Vallée d'Aoste,45.829158,7.148062
007065,Saint-Vincent,007,Valle d'Aosta/Vallée d'Aoste,AO,Valle d'Aosta/Vallée d'Aoste,45.756528,7.672705
007066,Sarre,007,Valle d'Aosta/Vallée d'Aoste,AO,Valle d'Aosta/Vallée d'Aoste,45.747373,7.240478
007067,Torgnon,007,Valle d'Aosta/Vallée d'Aoste,AO,Valle d'Aosta/Vallée d'Aoste,45.831635,7.562364
007068,Valgrisenche,007,Valle d'Aosta/Vallée d'Aoste,AO,Valle d'Aosta/Vallée d'Aoste,45.584339,7.040584
007069,Valpelline,007,Valle d'Aosta/Vallée d'Aoste,AO,Valle d'Aosta/Vallée d'Aoste,45.824171,7.357050
007070,Valsavarenche,007,Valle d'Aosta/Vallée d'Aoste,AO,Valle d'Aosta/Vallée d'Aoste,45.551662,7.209512
007071,Valtournenche,007,Valle d'Aosta/Vallée d'Aoste,AO,Valle d'Aosta/Vallée d'Aoste,45.909680,7.634764
007072,Verrayes,007,Valle d'Aosta/Vallée d'Aoste,AO,Valle d'Aosta/Vallée d'Aoste,45.771590,7.527998
007073,Verrès,007,Valle d'Aosta/Vallée d'Aoste,AO,Valle d'Aosta/Vallée d'Aoste,45.667787,7.696223
007074,Villeneuve,007,Valle d'Aosta/Vallée d'Aoste,AO,Valle d'Aosta/Vallée d'Aoste,45.690749,7.208253
008001,Airole,008,Imperia,IM,Liguria,43.873070,7.562093
008002,Apricale,008,Imperia,IM,Liguria,43.894481,7.665708
008003,Aquila d'Arroscia,008,Imperia,IM,Liguria,44.095248,8.003998
008004,Armo,008,Imperia,IM,Liguria,44.095700,7.906917
008005,Aurigo,008,Imperia,IM,Liguria,43.991952,7.914187
008006,Badalucco,008,Imperia,IM,Liguria,43.919550,7.815152
008007,Bajardo,008,Imperia,IM,Liguria,43.908995,7.729472
008008,Bordighera,008,Imperia,IM,Liguria,43.794377,7.673236
008009,Borghetto d'Arroscia,008,Imperia,IM,Liguria,44.070126,7.979301
008010,Borgomaro,008,Imperia,IM,Liguria,43.975799,7.908708
008011,Camporosso,008,Imperia,IM,Liguria,43.818535,7.617180
008012,Caravonica,008,Imperia,IM,Liguria,43.996476,7.955598
008014,Castellaro,008,Imperia,IM,Liguria,43.874403,7.870175
008015,Castel Vittorio,008,Imperia,IM,Liguria,43.939907,7.712654
008016,Ceriana,008,Imperia,IM,Liguria,43.886248,7.774402
008017,Cervo,008,Imperia,IM,Liguria,43.932480,8.118552
008018,Cesio,008,Imperia,IM,Liguria,44.014673,7.969712
008019,Chiusanico,008,Imperia,IM,Liguria,43.978363,7.994413
008020,Chiusavecchia,008,Imperia,IM,Liguria,43.955986,7.987130
008021,Cipressa,008,Imperia,IM,Liguria,43.861544,7.928370
008022,Civezza,008,Imperia,IM,Liguria,43.877483,7.953033
008023,Cosio d'Arroscia,008,Imperia,IM,Liguria,44.106050,7.801399
008024,Costarainera,008,Imperia,IM,Liguria,43.856346,7.945857
008025,Diano Arentino,008,Imperia,IM,Liguria,43.957458,8.034648
008026,Diano Castello,008,Imperia,IM,Liguria,43.926490,8.060891
008027,Diano Marina,008,Imperia,IM,Liguria,43.908706,8.069536
008028,Diano San Pietro,008,Imperia,IM,Liguria,43.953213,8.061375
008029,Dolceacqua,008,Imperia,IM,Liguria,43.866465,7.615735
008030,Dolcedo,008,Imperia,IM,Liguria,43.906299,7.921722
008031,Imperia,008,Imperia,IM,Liguria,43.899133,8.004063
008032,Isolabona,008,Imperia,IM,Liguria,43.902359,7.630541
008033,Lucinasco,008,Imperia,IM,Liguria,43.962423,7.961678
008034,Mendatica,008,Imperia,IM,Liguria,44.084862,7.766022
008035,Molini di Triora,008,Imperia,IM,Liguria,43.981263,7.795107
008037,Montegrosso Pian Latte,008,Imperia,IM,Liguria,44.054017,7.805275
008038,Olivetta San Michele,008,Imperia,IM,Liguria,43.868506,7.521528
008039,Ospedaletti,008,Imperia,IM,Liguria,43.810201,7.711824
008040,Perinaldo,008,Imperia,IM,Liguria,43.857164,7.682814
008041,Pietrabruna,008,Imperia,IM,Liguria,43.884894,7.903520
008042,Pieve di Teco,008,Imperia,IM,Liguria,44.050044,7.915445
008043,Pigna,008,Imperia,IM,Liguria,43.948937,7.652097
008044,Pompeiana,008,Imperia,IM,Liguria,43.861686,7.891373
008045,Pontedassio,008,Imperia,IM,Liguria,43.938973,8.000215
008046,Pornassio,008,Imperia,IM,Liguria,44.076026,7.859744
008047,Prelà,008,Imperia,IM,Liguria,43.933014,7.909226
008048,Ranzo,008,Imperia,IM,Liguria,44.065927,8.016738
008049,Rezzo,008,Imperia,IM,Liguria,44.017559,7.859403
008050,Riva Ligure,008,Imperia,IM,Liguria,43.840688,7.873211
008051,Rocchetta Nervina,008,Imperia,IM,Liguria,43.912099,7.585788
008052,San Bartolomeo al Mare,008,Imperia,IM,Liguria,43.943563,8.099414
008053,San Biagio della Cima,008,Imperia,IM,Liguria,43.824324,7.645698
008054,San Lorenzo al Mare,008,Imperia,IM,Liguria,43.858157,7.962387
008055,Sanremo,008,Imperia,IM,Liguria,43.837964,7.767253
008056,Santo Stefano al Mare,008,Imperia,IM,Liguria,43.842794,7.901369
008057,Seborga,008,Imperia,IM,Liguria,43.828345,7.699201
008058,Soldano,008,Imperia,IM,Liguria,43.834189,7.658345
008059,Taggia,008,Imperia,IM,Liguria,43.875533,7.839170
008060,Terzorio,008,Imperia,IM,Liguria,43.854236,7.902581
008061,Triora,008,Imperia,IM,Liguria,44.019006,7.724657
008062,Vallebona,008,Imperia,IM,Liguria,43.819108,7.674992
008063,Vallecrosia,008,Imperia,IM,Liguria,43.797726,7.647122
008064,Vasia,008,Imperia,IM,Liguria,43.941165,7.941611
008065,Ventimiglia,008,Imperia,IM,Liguria,43.821902,7.560225
008066,Vessalico,008,Imperia,IM,Liguria,44.050435,7.957240
008067,Villa Faraldi,008,Imperia,IM,Liguria,43.970514,8.083458
008068,Montalto Carpasio,008,Imperia,IM,Liguria,43.946295,7.850808
009001,Alassio,009,Savona,SV,Liguria,44.017928,8.160810
009002,Albenga,009,Savona,SV,Liguria,44.063693,8.184298
009003,Albissola Marina,009,Savona,SV,Liguria,44.332176,8.493372
009004,Albisola Superiore,009,Savona,SV,Liguria,44.362838,8.469794
009005,Altare,009,Savona,SV,Liguria,44.325225,8.333467
009006,Andora,009,Savona,SV,Liguria,43.981384,8.124574
009007,Arnasco,009,Savona,SV,Liguria,44.080588,8.106407
009008,Balestrino,009,Savona,SV,Liguria,44.124261,8.168076
009009,Bardineto,009,Savona,SV,Liguria,44.189327,8.139884
009010,Bergeggi,009,Savona,SV,Liguria,44.248330,8.439528
009011,Boissano,009,Savona,SV,Liguria,44.147785,8.209606
009012,Borghetto Santo Spirito,009,Savona,SV,Liguria,44.115302,8.229316
009013,Borgio Verezzi,009,Savona,SV,Liguria,44.164471,8.307774
009014,Bormida,009,Savona,SV,Liguria,44.267070,8.232050
009015,Cairo Montenotte,009,Savona,SV,Liguria,44.400356,8.312100
009016,Calice Ligure,009,Savona,SV,Liguria,44.231968,8.286637
009017,Calizzano,009,Savona,SV,Liguria,44.239754,8.124832
009018,Carcare,009,Savona,SV,Liguria,44.346554,8.291280
009019,Casanova Lerrone,009,Savona,SV,Liguria,44.032442,8.034990
009020,Castelbianco,009,Savona,SV,Liguria,44.112523,8.076100
009021,Castelvecchio di Rocca Barbena,009,Savona,SV,Liguria,44.146154,8.126075
009022,Celle Ligure,009,Savona,SV,Liguria,44.352775,8.536586
009023,Cengio,009,Savona,SV,Liguria,44.391866,8.198116
009024,Ceriale,009,Savona,SV,Liguria,44.097735,8.207111
009025,Cisano sul Neva,009,Savona,SV,Liguria,44.085761,8.145566
009026,Cosseria,009,Savona,SV,Liguria,44.374027,8.243964
009027,Dego,009,Savona,SV,Liguria,44.452162,8.300467
009028,Erli,009,Savona,SV,Liguria,44.145485,8.088504
009029,Finale Ligure,009,Savona,SV,Liguria,44.188843,8.342486
009030,Garlenda,009,Savona,SV,Liguria,44.028474,8.096761
009031,Giustenice,009,Savona,SV,Liguria,44.181680,8.222161
009032,Giusvalla,009,Savona,SV,Liguria,44.450258,8.391338
009033,Laigueglia,009,Savona,SV,Liguria,43.978275,8.156634
009034,Loano,009,Savona,SV,Liguria,44.147952,8.233476
009035,Magliolo,009,Savona,SV,Liguria,44.209849,8.215995
009036,Mallare,009,Savona,SV,Liguria,44.292570,8.295437
009037,Massimino,009,Savona,SV,Liguria,44.295550,8.081358
009038,Millesimo,009,Savona,SV,Liguria,44.346599,8.204875
009039,Mioglia,009,Savona,SV,Liguria,44.486339,8.422863
009040,Murialdo,009,Savona,SV,Liguria,44.304557,8.144936
009041,Nasino,009,Savona,SV,Liguria,44.128834,8.022025
009042,Noli,009,Savona,SV,Liguria,44.210048,8.398752
009043,Onzo,009,Savona,SV,Liguria,44.076430,8.046938
009044,Orco Feglino,009,Savona,SV,Liguria,44.234462,8.324605
009045,Ortovero,009,Savona,SV,Liguria,44.058021,8.088012
009046,Osiglia,009,Savona,SV,Liguria,44.283518,8.195854
009047,Pallare,009,Savona,SV,Liguria,44.322228,8.255565
009048,Piana Crixia,009,Savona,SV,Liguria,44.494146,8.272807
009049,Pietra Ligure,009,Savona,SV,Liguria,44.158592,8.257275
009050,Plodio,009,Savona,SV,Liguria,44.351818,8.248328
009051,Pontinvrea,009,Savona,SV,Liguria,44.431679,8.438348
009052,Quiliano,009,Savona,SV,Liguria,44.295303,8.374911
009053,Rialto,009,Savona,SV,Liguria,44.227787,8.254659
009054,Roccavignale,009,Savona,SV,Liguria,44.352118,8.164728
009055,Sassello,009,Savona,SV,Liguria,44.468803,8.531622
009056,Savona,009,Savona,SV,Liguria,44.335953,8.423590
009057,Spotorno,009,Savona,SV,Liguria,44.233701,8.405088
009058,Stella,009,Savona,SV,Liguria,44.402026,8.496830
009059,Stellanello,009,Savona,SV,Liguria,43.997231,8.055745
009060,Testico,009,Savona,SV,Liguria,44.008120,8.020194
009061,Toirano,009,Savona,SV,Liguria,44.142906,8.181916
009062,Tovo San Giacomo,009,Savona,SV,Liguria,44.182069,8.270339
009063,Urbe,009,Savona,SV,Liguria,44.482338,8.622034
009064,Vado Ligure,009,Savona,SV,Liguria,44.257851,8.394721
009065,Varazze,009,Savona,SV,Liguria,44.393607,8.568043
009066,Vendone,009,Savona,SV,Liguria,44.084113,8.071255
009067,Vezzi Portio,009,Savona,SV,Liguria,44.231731,8.358588
009068,Villanova d'Albenga,009,Savona,SV,Liguria,44.042314,8.126538
009069,Zuccarello,009,Savona,SV,Liguria,44.108685,8.123022
010001,Arenzano,210,Genova,GE,Liguria,44.421388,8.667007
010002,Avegno,210,Genova,GE,Liguria,44.392228,9.158873
010003,Bargagli,210,Genova,GE,Liguria,44.434239,9.086471
010004,Bogliasco,210,Genova,GE,Liguria,44.389768,9.077386
010005,Borzonasca,210,Genova,GE,Liguria,44.446810,9.397740
010006,Busalla,210,Genova,GE,Liguria,44.584035,8.970293
010007,Camogli,210,Genova,GE,Liguria,44.335383,9.167630
010008,Campo Ligure,210,Genova,GE,Liguria,44.532649,8.710936
010009,Campomorone,210,Genova,GE,Liguria,44.537699,8.862645
010010,Carasco,210,Genova,GE,Liguria,44.356760,9.358248
010011,Casarza Ligure,210,Genova,GE,Liguria,44.292377,9.475348
010012,Casella,210,Genova,GE,Liguria,44.533169,8.996433
010013,Castiglione Chiavarese,210,Genova,GE,Liguria,44.275812,9.524808
010014,Ceranesi,210,Genova,GE,Liguria,44.505463,8.841936
010015,Chiavari,210,Genova,GE,Liguria,44.329194,9.317105
010016,Cicagna,210,Genova,GE,Liguria,44.405837,9.231148
010017,Cogoleto,210,Genova,GE,Liguria,44.408197,8.622246
010018,Cogorno,210,Genova,GE,Liguria,44.330993,9.370653
010019,Coreglia Ligure,210,Genova,GE,Liguria,44.383067,9.261075
010020,Crocefieschi,210,Genova,GE,Liguria,44.585165,9.024827
010021,Davagna,210,Genova,GE,Liguria,44.464452,9.077197
010022,Fascia,210,Genova,GE,Liguria,44.569840,9.232583
010023,Favale di Malvaro,210,Genova,GE,Liguria,44.459149,9.258713
010024,Fontanigorda,210,Genova,GE,Liguria,44.531228,9.294446
010025,Genova,210,Genova,GE,Liguria,44.441392,8.893078
010026,Gorreto,210,Genova,GE,Liguria,44.598516,9.241208
010027,Isola del Cantone,210,Genova,GE,Liguria,44.645660,8.962976
010028,Lavagna,210,Genova,GE,Liguria,44.306104,9.375005
010029,Leivi,210,Genova,GE,Liguria,44.349593,9.316397
010030,Lorsica,210,Genova,GE,Liguria,44.454719,9.258596
010031,Lumarzo,210,Genova,GE,Liguria,44.449422,9.133306
010032,Masone,210,Genova,GE,Liguria,44.501923,8.721837
010033,Mele,210,Genova,GE,Liguria,44.470691,8.746455
010034,Mezzanego,210,Genova,GE,Liguria,44.390748,9.403300
010035,Mignanego,210,Genova,GE,Liguria,44.543740,8.920303
010036,Moconesi,210,Genova,GE,Liguria,44.443431,9.216410
010037,Moneglia,210,Genova,GE,Liguria,44.243313,9.498403
010038,Montebruno,210,Genova,GE,Liguria,44.517186,9.250249
010039,Montoggio,210,Genova,GE,Liguria,44.508388,9.051310
010040,Ne,210,Genova,GE,Liguria,44.352893,9.445961
010041,Neirone,210,Genova,GE,Liguria,44.466310,9.189731
010042,Orero,210,Genova,GE,Liguria,44.416594,9.285832
010043,Pieve Ligure,210,Genova,GE,Liguria,44.383752,9.092037
010044,Portofino,210,Genova,GE,Liguria,44.309746,9.197573
010045,Propata,210,Genova,GE,Liguria,44.567002,9.179596
010046,Rapallo,210,Genova,GE,Liguria,44.368022,9.216286
010047,Recco,210,Genova,GE,Liguria,44.369557,9.149381
010048,Rezzoaglio,210,Genova,GE,Liguria,44.513682,9.359171
010049,Ronco Scrivia,210,Genova,GE,Liguria,44.605877,8.944776
010050,Rondanina,210,Genova,GE,Liguria,44.550300,9.219324
010051,Rossiglione,210,Genova,GE,Liguria,44.556358,8.663153
010052,Rovegno,210,Genova,GE,Liguria,44.567717,9.310641
010053,San Colombano Certenoli,210,Genova,GE,Liguria,44.393573,9.322527
010054,Santa Margherita Ligure,210,Genova,GE,Liguria,44.329722,9.196462
010055,Sant'Olcese,210,Genova,GE,Liguria,44.482528,8.960848
010056,Santo Stefano d'Aveto,210,Genova,GE,Liguria,44.527331,9.458685
010057,Savignone,210,Genova,GE,Liguria,44.556851,8.989355
010058,Serra Riccò,210,Genova,GE,Liguria,44.513831,8.946002
010059,Sestri Levante,210,Genova,GE,Liguria,44.286719,9.428772
010060,Sori,210,Genova,GE,Liguria,44.392205,9.113190
010061,Tiglieto,210,Genova,GE,Liguria,44.513540,8.621348
010062,Torriglia,210,Genova,GE,Liguria,44.516524,9.152533
010063,Tribogna,210,Genova,GE,Liguria,44.416734,9.187107
010064,Uscio,210,Genova,GE,Liguria,44.415792,9.157238
010065,Valbrevenna,210,Genova,GE,Liguria,44.557399,9.086086
010066,Vobbia,210,Genova,GE,Liguria,44.601731,9.061661
010067,Zoagli,210,Genova,GE,Liguria,44.346493,9.267946
011001,Ameglia,011,La Spezia,SP,Liguria,44.058310,9.969798
011002,Arcola,011,La Spezia,SP,Liguria,44.109188,9.915047
011003,Beverino,011,La Spezia,SP,Liguria,44.193986,9.774731
011004,Bolano,011,La Spezia,SP,Liguria,44.186337,9.893625
011005,Bonassola,011,La Spezia,SP,Liguria,44.192386,9.585560
011006,Borghetto di Vara,011,La Spezia,SP,Liguria,44.218412,9.695249
011007,Brugnato,011,La Spezia,SP,Liguria,44.238048,9.731111
011008,Calice al Cornoviglio,011,La Spezia,SP,Liguria,44.237746,9.836562
011009,Carro,011,La Spezia,SP,Liguria,44.278365,9.609517
011010,Carrodano,011,La Spezia,SP,Liguria,44.243828,9.637424
011011,Castelnuovo Magra,011,La Spezia,SP,Liguria,44.094963,10.017166
011012,Deiva Marina,011,La Spezia,SP,Liguria,44.239106,9.549939
011013,Follo,011,La Spezia,SP,Liguria,44.171905,9.837493
011014,Framura,011,La Spezia,SP,Liguria,44.220185,9.571286
011015,La Spezia,011,La Spezia,SP,Liguria,44.109885,9.821188
011016,Lerici,011,La Spezia,SP,Liguria,44.079000,9.925354
011017,Levanto,011,La Spezia,SP,Liguria,44.187496,9.632747
011018,Maissana,011,La Spezia,SP,Liguria,44.331134,9.549309
011019,Monterosso al Mare,011,La Spezia,SP,Liguria,44.159133,9.660737
011020,Luni,011,La Spezia,SP,Liguria,44.083292,10.041276
011021,Pignone,011,La Spezia,SP,Liguria,44.183228,9.705500
011022,Portovenere,011,La Spezia,SP,Liguria,44.060144,9.832050
011023,Riccò del Golfo di Spezia,011,La Spezia,SP,Liguria,44.147794,9.764880
011024,Riomaggiore,011,La Spezia,SP,Liguria,44.107127,9.744864
011025,Rocchetta di Vara,011,La Spezia,SP,Liguria,44.253093,9.781385
011026,Santo Stefano di Magra,011,La Spezia,SP,Liguria,44.153657,9.929312
011027,Sarzana,011,La Spezia,SP,Liguria,44.110889,9.971302
011028,Sesta Godano,011,La Spezia,SP,Liguria,44.308419,9.686347
011029,Varese Ligure,011,La Spezia,SP,Liguria,44.377855,9.583780
011030,Vernazza,011,La Spezia,SP,Liguria,44.140777,9.698992
011031,Vezzano Ligure,011,La Spezia,SP,Liguria,44.142522,9.885233
011032,Zignago,011,La Spezia,SP,Liguria,44.289052,9.742573
012001,Agra,012,Varese,VA,Lombardia,46.036719,8.765012
012002,Albizzate,012,Varese,VA,Lombardia,45.726207,8.800063
012003,Angera,012,Varese,VA,Lombardia,45.775725,8.593866
012004,Arcisate,012,Varese,VA,Lombardia,45.854917,8.870419
012005,Arsago Seprio,012,Varese,VA,Lombardia,45.696790,8.734452
012006,Azzate,012,Varese,VA,Lombardia,45.780004,8.790825
012007,Azzio,012,Varese,VA,Lombardia,45.888189,8.706837
012008,Barasso,012,Varese,VA,Lombardia,45.849641,8.757948
012010,Bedero Valcuvia,012,Varese,VA,Lombardia,45.911058,8.798467
012011,Besano,012,Varese,VA,Lombardia,45.888965,8.897721
012012,Besnate,012,Varese,VA,Lombardia,45.701512,8.762753
012013,Besozzo,012,Varese,VA,Lombardia,45.849195,8.655603
012014,Biandronno,012,Varese,VA,Lombardia,45.814298,8.714624
012015,Bisuschio,012,Varese,VA,Lombardia,45.880128,8.867248
012016,Bodio Lomnago,012,Varese,VA,Lombardia,45.789142,8.751940
012017,Brebbia,012,Varese,VA,Lombardia,45.831384,8.640716
012019,Brenta,012,Varese,VA,Lombardia,45.906007,8.686847
012020,Brezzo di Bedero,012,Varese,VA,Lombardia,45.978975,8.714684
012021,Brinzio,012,Varese,VA,Lombardia,45.888254,8.792902
012022,Brissago-Valtravaglia,012,Varese,VA,Lombardia,45.952469,8.738014
012023,Brunello,012,Varese,VA,Lombardia,45.766801,8.798631
012024,Brusimpiano,012,Varese,VA,Lombardia,45.940667,8.884566
012025,Buguggiate,012,Varese,VA,Lombardia,45.784143,8.807082
012026,Busto Arsizio,012,Varese,VA,Lombardia,45.606199,8.841815
012027,Cadegliano-Viconago,012,Varese,VA,Lombardia,45.967751,8.832311
012029,Cairate,012,Varese,VA,Lombardia,45.689300,8.858656
012030,Cantello,012,Varese,VA,Lombardia,45.826399,8.892050
012031,Caravate,012,Varese,VA,Lombardia,45.877501,8.654182
012032,Cardano al Campo,012,Varese,VA,Lombardia,45.644737,8.756613
012033,Carnago,012,Varese,VA,Lombardia,45.717414,8.839644
012034,Caronno Pertusella,012,Varese,VA,Lombardia,45.595284,9.045943
012035,Caronno Varesino,012,Varese,VA,Lombardia,45.739791,8.830288
012036,Casale Litta,012,Varese,VA,Lombardia,45.763655,8.730697
012037,Casalzuigno,012,Varese,VA,Lombardia,45.912905,8.707574
012038,Casciago,012,Varese,VA,Lombardia,45.829324,8.773657
012039,Casorate Sempione,012,Varese,VA,Lombardia,45.664057,8.742547
012040,Cassano Magnago,012,Varese,VA,Lombardia,45.668436,8.829112
012041,Cassano Valcuvia,012,Varese,VA,Lombardia,45.932340,8.762771
012042,Castellanza,012,Varese,VA,Lombardia,45.610997,8.898666
012043,Castello Cabiaglio,012,Varese,VA,Lombardia,45.885383,8.764505
012044,Castelseprio,012,Varese,VA,Lombardia,45.716879,8.860964
012045,Castelveccana,012,Varese,VA,Lombardia,45.940450,8.664519
012046,Castiglione Olona,012,Varese,VA,Lombardia,45.754763,8.866186
012047,Castronno,012,Varese,VA,Lombardia,45.752702,8.810494
012048,Cavaria con Premezzo,012,Varese,VA,Lombardia,45.693596,8.796491
012049,Cazzago Brabbia,012,Varese,VA,Lombardia,45.799842,8.733198
012050,Cislago,012,Varese,VA,Lombardia,45.653320,8.963748
012051,Cittiglio,012,Varese,VA,Lombardia,45.906567,8.661334
012052,Clivio,012,Varese,VA,Lombardia,45.856625,8.922481
012053,Cocquio-Trevisago,012,Varese,VA,Lombardia,45.865397,8.696394
012054,Comabbio,012,Varese,VA,Lombardia,45.772284,8.677662
012055,Comerio,012,Varese,VA,Lombardia,45.852783,8.743454
012056,Cremenaga,012,Varese,VA,Lombardia,45.982528,8.800232
012057,Crosio della Valle,012,Varese,VA,Lombardia,45.760504,8.766274
012058,Cuasso al Monte,012,Varese,VA,Lombardia,45.909216,8.868202
012059,Cugliate-Fabiasco,012,Varese,VA,Lombardia,45.944034,8.818288
012060,Cunardo,012,Varese,VA,Lombardia,45.935227,8.802607
012061,Curiglia con Monteviasco,012,Varese,VA,Lombardia,46.061908,8.828571
012062,Cuveglio,012,Varese,VA,Lombardia,45.909182,8.744956
012063,Cuvio,012,Varese,VA,Lombardia,45.888315,8.737490
012064,Daverio,012,Varese,VA,Lombardia,45.772996,8.767345
012065,Dumenza,012,Varese,VA,Lombardia,46.033103,8.795107
012066,Duno,012,Varese,VA,Lombardia,45.921804,8.735522
012067,Fagnano Olona,012,Varese,VA,Lombardia,45.666432,8.865243
012068,Ferno,012,Varese,VA,Lombardia,45.619227,8.738465
012069,Ferrera di Varese,012,Varese,VA,Lombardia,45.930633,8.786465
012070,Gallarate,012,Varese,VA,Lombardia,45.663048,8.792906
012071,Galliate Lombardo,012,Varese,VA,Lombardia,45.790699,8.771480
012072,Gavirate,012,Varese,VA,Lombardia,45.842556,8.725248
012073,Gazzada Schianno,012,Varese,VA,Lombardia,45.779025,8.831625
012074,Gemonio,012,Varese,VA,Lombardia,45.882510,8.681123
012075,Gerenzano,012,Varese,VA,Lombardia,45.634549,8.989947
012076,Germignaga,012,Varese,VA,Lombardia,45.991677,8.723722
012077,Golasecca,012,Varese,VA,Lombardia,45.696984,8.663930
012078,Gorla Maggiore,012,Varese,VA,Lombardia,45.666314,8.901247
012079,Gorla Minore,012,Varese,VA,Lombardia,45.647675,8.913475
012080,Gornate Olona,012,Varese,VA,Lombardia,45.736090,8.861910
012081,Grantola,012,Varese,VA,Lombardia,45.946759,8.779858
012082,Inarzo,012,Varese,VA,Lombardia,45.786515,8.729396
012083,Induno Olona,012,Varese,VA,Lombardia,45.856765,8.835886
012084,Ispra,012,Varese,VA,Lombardia,45.813751,8.612413
012085,Jerago con Orago,012,Varese,VA,Lombardia,45.707649,8.793168
012086,Lavena Ponte Tresa,012,Varese,VA,Lombardia,45.956936,8.862187
012087,Laveno-Mombello,012,Varese,VA,Lombardia,45.907120,8.612695
012088,Leggiuno,012,Varese,VA,Lombardia,45.871760,8.602392
012089,Lonate Ceppino,012,Varese,VA,Lombardia,45.706875,8.880728
012090,Lonate Pozzolo,012,Varese,VA,Lombardia,45.589885,8.734927
012091,Lozza,012,Varese,VA,Lombardia,45.774946,8.862857
012092,Luino,012,Varese,VA,Lombardia,46.003612,8.752370
012093,Luvinate,012,Varese,VA,Lombardia,45.848545,8.769577
012096,Malnate,012,Varese,VA,Lombardia,45.797143,8.882298
012097,Marchirolo,012,Varese,VA,Lombardia,45.941484,8.837758
012098,Marnate,012,Varese,VA,Lombardia,45.630442,8.913476
012099,Marzio,012,Varese,VA,Lombardia,45.936988,8.859957
012100,Masciago Primo,012,Varese,VA,Lombardia,45.919780,8.786991
012101,Mercallo,012,Varese,VA,Lombardia,45.751857,8.669255
012102,Mesenzana,012,Varese,VA,Lombardia,45.944277,8.752266
012103,Montegrino Valtravaglia,012,Varese,VA,Lombardia,45.967604,8.778787
012104,Monvalle,012,Varese,VA,Lombardia,45.851616,8.620603
012105,Morazzone,012,Varese,VA,Lombardia,45.762881,8.833748
012106,Mornago,012,Varese,VA,Lombardia,45.736571,8.750549
012107,Oggiona con Santo Stefano,012,Varese,VA,Lombardia,45.700010,8.818565
012108,Olgiate Olona,012,Varese,VA,Lombardia,45.629864,8.877517
012109,Origgio,012,Varese,VA,Lombardia,45.592790,9.009352
012110,Orino,012,Varese,VA,Lombardia,45.879910,8.721764
012113,Porto Ceresio,012,Varese,VA,Lombardia,45.907613,8.906545
012114,Porto Valtravaglia,012,Varese,VA,Lombardia,45.959414,8.696407
012115,Rancio Valcuvia,012,Varese,VA,Lombardia,45.913313,8.773005
012116,Ranco,012,Varese,VA,Lombardia,45.797833,8.575388
012117,Saltrio,012,Varese,VA,Lombardia,45.876841,8.924767
012118,Samarate,012,Varese,VA,Lombardia,45.623578,8.782277
012119,Saronno,012,Varese,VA,Lombardia,45.627067,9.036136
012120,Sesto Calende,012,Varese,VA,Lombardia,45.740219,8.635462
012121,Solbiate Arno,012,Varese,VA,Lombardia,45.717975,8.816134
012122,Solbiate Olona,012,Varese,VA,Lombardia,45.649056,8.874341
012123,Somma Lombardo,012,Varese,VA,Lombardia,45.668916,8.698694
012124,Sumirago,012,Varese,VA,Lombardia,45.736991,8.781713
012125,Taino,012,Varese,VA,Lombardia,45.762933,8.618886
012126,Ternate,012,Varese,VA,Lombardia,45.786003,8.695577
012127,Tradate,012,Varese,VA,Lombardia,45.715206,8.918037
012128,Travedona-Monate,012,Varese,VA,Lombardia,45.804913,8.671755
012129,Tronzano Lago Maggiore,012,Varese,VA,Lombardia,46.085032,8.730739
012130,Uboldo,012,Varese,VA,Lombardia,45.609634,8.992105
012131,Valganna,012,Varese,VA,Lombardia,45.902746,8.825985
012132,Varano Borghi,012,Varese,VA,Lombardia,45.770718,8.703952
012133,Varese,012,Varese,VA,Lombardia,45.824292,8.812951
012134,Vedano Olona,012,Varese,VA,Lombardia,45.773240,8.887766
012136,Venegono Inferiore,012,Varese,VA,Lombardia,45.737043,8.902599
012137,Venegono Superiore,012,Varese,VA,Lombardia,45.754008,8.902884
012138,Vergiate,012,Varese,VA,Lombardia,45.731587,8.699908
012139,Viggiù,012,Varese,VA,Lombardia,45.869147,8.905052
012140,Vizzola Ticino,012,Varese,VA,Lombardia,45.626169,8.686053
012141,Sangiano,012,Varese,VA,Lombardia,45.877781,8.632965
012142,Maccagno con Pino e Veddasca,012,Varese,VA,Lombardia,46.072497,8.765598
012143,Cadrezzate con Osmate,012,Varese,VA,Lombardia,45.791399,8.647912
012144,Bardello con Malgesso e Bregano,012,Varese,VA,Lombardia,45.826626,8.685185
013003,Albavilla,013,Como,CO,Lombardia,45.809264,9.185524
013004,Albese con Cassano,013,Como,CO,Lombardia,45.807984,9.163818
013005,Albiolo,013,Como,CO,Lombardia,45.805559,8.942010
013006,Alserio,013,Como,CO,Lombardia,45.779959,9.203462
013007,Alzate Brianza,013,Como,CO,Lombardia,45.761042,9.182575
013009,Anzano del Parco,013,Como,CO,Lombardia,45.769594,9.208967
013010,Appiano Gentile,013,Como,CO,Lombardia,45.735989,8.967944
013011,Argegno,013,Como,CO,Lombardia,45.940731,9.127425
013012,Arosio,013,Como,CO,Lombardia,45.721110,9.210267
013013,Asso,013,Como,CO,Lombardia,45.865054,9.264841
013015,Barni,013,Como,CO,Lombardia,45.906237,9.267061
013021,Bene Lario,013,Como,CO,Lombardia,46.024564,9.172071
013022,Beregazzo con Figliaro,013,Como,CO,Lombardia,45.772461,8.952066
013023,Binago,013,Como,CO,Lombardia,45.775328,8.921303
013024,Bizzarone,013,Como,CO,Lombardia,45.835804,8.944329
013025,Blessagno,013,Como,CO,Lombardia,45.965863,9.102593
013026,Blevio,013,Como,CO,Lombardia,45.838035,9.105292
013028,Bregnano,013,Como,CO,Lombardia,45.694655,9.057269
013029,Brenna,013,Como,CO,Lombardia,45.739425,9.182962
013030,Brienno,013,Como,CO,Lombardia,45.914451,9.126725
013032,Brunate,013,Como,CO,Lombardia,45.821301,9.099513
013034,Bulgarograsso,013,Como,CO,Lombardia,45.747704,9.005486
013035,Cabiate,013,Como,CO,Lombardia,45.675756,9.171253
013036,Cadorago,013,Como,CO,Lombardia,45.721628,9.042365
013037,Caglio,013,Como,CO,Lombardia,45.870785,9.220835
013040,Campione d'Italia,013,Como,CO,Lombardia,45.972067,8.969472
013041,Cantù,013,Como,CO,Lombardia,45.739167,9.139816
013042,Canzo,013,Como,CO,Lombardia,45.848302,9.290716
013043,Capiago Intimiano,013,Como,CO,Lombardia,45.770274,9.127419
013044,Carate Urio,013,Como,CO,Lombardia,45.878961,9.113894
013045,Carbonate,013,Como,CO,Lombardia,45.689008,8.939437
013046,Carimate,013,Como,CO,Lombardia,45.708089,9.110911
013047,Carlazzo,013,Como,CO,Lombardia,46.052213,9.158009
013048,Carugo,013,Como,CO,Lombardia,45.716481,9.193968
013052,Caslino d'Erba,013,Como,CO,Lombardia,45.846507,9.220829
013053,Casnate con Bernate,013,Como,CO,Lombardia,45.759765,9.073455
013055,Cassina Rizzardi,013,Como,CO,Lombardia,45.750926,9.026833
013058,Castelmarte,013,Como,CO,Lombardia,45.835733,9.243427
013059,Castelnuovo Bozzente,013,Como,CO,Lombardia,45.758972,8.941505
013062,Cavargna,013,Como,CO,Lombardia,46.106729,9.101024
013063,Cerano d'Intelvi,013,Como,CO,Lombardia,45.930817,9.074905
013064,Cermenate,013,Como,CO,Lombardia,45.700405,9.082113
013065,Cernobbio,013,Como,CO,Lombardia,45.855406,9.070421
013068,Cirimido,013,Como,CO,Lombardia,45.697132,9.013024
013071,Claino con Osteno,013,Como,CO,Lombardia,46.009836,9.095643
013074,Colonno,013,Como,CO,Lombardia,45.963056,9.144829
013075,Como,013,Como,CO,Lombardia,45.804584,9.080998
013077,Corrido,013,Como,CO,Lombardia,46.055150,9.124855
013083,Cremia,013,Como,CO,Lombardia,46.087369,9.256899
013084,Cucciago,013,Como,CO,Lombardia,45.739665,9.097025
013085,Cusino,013,Como,CO,Lombardia,46.085991,9.174654
013087,Dizzasco,013,Como,CO,Lombardia,45.948231,9.112677
013089,Domaso,013,Como,CO,Lombardia,46.150732,9.330717
013090,Dongo,013,Como,CO,Lombardia,46.124729,9.270417
013092,Dosso del Liro,013,Como,CO,Lombardia,46.195996,9.236972
013095,Erba,013,Como,CO,Lombardia,45.811961,9.218140
013097,Eupilio,013,Como,CO,Lombardia,45.815849,9.267035
013098,Faggeto Lario,013,Como,CO,Lombardia,45.857386,9.170871
013099,Faloppio,013,Como,CO,Lombardia,45.807930,8.969756
013100,Fenegrò,013,Como,CO,Lombardia,45.695609,8.998990
013101,Figino Serenza,013,Como,CO,Lombardia,45.712844,9.134937
013102,Fino Mornasco,013,Como,CO,Lombardia,45.741871,9.055774
013106,Garzeno,013,Como,CO,Lombardia,46.128805,9.195349
013107,Gera Lario,013,Como,CO,Lombardia,46.158931,9.388216
013110,Grandate,013,Como,CO,Lombardia,45.772396,9.056626
013111,Grandola ed Uniti,013,Como,CO,Lombardia,46.043766,9.194658
013113,Griante,013,Como,CO,Lombardia,45.998970,9.239782
013114,Guanzate,013,Como,CO,Lombardia,45.726572,9.011671
013118,Inverigo,013,Como,CO,Lombardia,45.737827,9.225392
013119,Laglio,013,Como,CO,Lombardia,45.888227,9.133155
013120,Laino,013,Como,CO,Lombardia,45.982450,9.099768
013121,Lambrugo,013,Como,CO,Lombardia,45.759948,9.243250
013123,Lasnigo,013,Como,CO,Lombardia,45.887605,9.266965
013126,Lezzeno,013,Como,CO,Lombardia,45.942124,9.194947
013128,Limido Comasco,013,Como,CO,Lombardia,45.687114,8.977657
013129,Lipomo,013,Como,CO,Lombardia,45.790840,9.121788
013130,Livo,013,Como,CO,Lombardia,46.209961,9.294951
013131,Locate Varesino,013,Como,CO,Lombardia,45.689593,8.924196
013133,Lomazzo,013,Como,CO,Lombardia,45.691344,9.032596
013134,Longone al Segrino,013,Como,CO,Lombardia,45.821857,9.255287
013135,Luisago,013,Como,CO,Lombardia,45.760860,9.041287
013136,Lurago d'Erba,013,Como,CO,Lombardia,45.756156,9.220977
013137,Lurago Marinone,013,Como,CO,Lombardia,45.704709,8.975777
013138,Lurate Caccivio,013,Como,CO,Lombardia,45.765862,8.993548
013139,Magreglio,013,Como,CO,Lombardia,45.918594,9.251527
013143,Mariano Comense,013,Como,CO,Lombardia,45.697791,9.174622
013144,Maslianico,013,Como,CO,Lombardia,45.844698,9.048583
013145,Menaggio,013,Como,CO,Lombardia,46.021310,9.237556
013147,Merone,013,Como,CO,Lombardia,45.783795,9.248395
013152,Moltrasio,013,Como,CO,Lombardia,45.871525,9.092244
013153,Monguzzo,013,Como,CO,Lombardia,45.779740,9.228100
013154,Montano Lucino,013,Como,CO,Lombardia,45.791418,9.030699
013155,Montemezzo,013,Como,CO,Lombardia,46.196512,9.364729
013157,Montorfano,013,Como,CO,Lombardia,45.781139,9.146113
013159,Mozzate,013,Como,CO,Lombardia,45.675303,8.949823
013160,Musso,013,Como,CO,Lombardia,46.113711,9.269477
013161,Nesso,013,Como,CO,Lombardia,45.904117,9.167935
013163,Novedrate,013,Como,CO,Lombardia,45.698078,9.131850
013165,Olgiate Comasco,013,Como,CO,Lombardia,45.786073,8.970349
013169,Oltrona di San Mamette,013,Como,CO,Lombardia,45.754724,8.971279
013170,Orsenigo,013,Como,CO,Lombardia,45.777750,9.175798
013178,Peglio,013,Como,CO,Lombardia,46.181336,9.277244
013183,Pianello del Lario,013,Como,CO,Lombardia,46.102270,9.261051
013184,Pigra,013,Como,CO,Lombardia,45.964096,9.123633
013185,Plesio,013,Como,CO,Lombardia,46.060964,9.215555
013186,Pognana Lario,013,Como,CO,Lombardia,45.881745,9.162736
013187,Ponna,013,Como,CO,Lombardia,45.994500,9.111230
013188,Ponte Lambro,013,Como,CO,Lombardia,45.829589,9.219151
013189,Porlezza,013,Como,CO,Lombardia,46.028514,9.120398
013192,Proserpio,013,Como,CO,Lombardia,45.829921,9.252533
013193,Pusiano,013,Como,CO,Lombardia,45.817719,9.282821
013195,Rezzago,013,Como,CO,Lombardia,45.858140,9.238391
013197,Rodero,013,Como,CO,Lombardia,45.825024,8.918523
013201,Rovellasca,013,Como,CO,Lombardia,45.667864,9.049028
013202,Rovello Porro,013,Como,CO,Lombardia,45.655089,9.037475
013203,Sala Comacina,013,Como,CO,Lombardia,45.970101,9.156348
013204,San Bartolomeo Val Cavargna,013,Como,CO,Lombardia,46.097686,9.158336
013206,San Fermo della Battaglia,013,Como,CO,Lombardia,45.809088,9.036323
013207,San Nazzaro Val Cavargna,013,Como,CO,Lombardia,46.106680,9.131665
013211,Schignano,013,Como,CO,Lombardia,45.918922,9.097109
013212,Senna Comasco,013,Como,CO,Lombardia,45.760644,9.101699
013216,Sorico,013,Como,CO,Lombardia,46.188284,9.404134
013217,Sormano,013,Como,CO,Lombardia,45.894000,9.232473
013218,Stazzona,013,Como,CO,Lombardia,46.150784,9.250740
013222,Tavernerio,013,Como,CO,Lombardia,45.813190,9.140636
013223,Torno,013,Como,CO,Lombardia,45.850827,9.128424
013226,Trezzone,013,Como,CO,Lombardia,46.182998,9.349836
013227,Turate,013,Como,CO,Lombardia,45.661205,9.004740
013229,Valbrona,013,Como,CO,Lombardia,45.877270,9.304264
013232,Valmorea,013,Como,CO,Lombardia,45.819492,8.934499
013233,Val Rezzo,013,Como,CO,Lombardia,46.071742,9.098813
013234,Valsolda,013,Como,CO,Lombardia,46.035047,9.050909
013236,Veleso,013,Como,CO,Lombardia,45.915418,9.185834
013238,Veniano,013,Como,CO,Lombardia,45.717034,8.982104
013239,Vercana,013,Como,CO,Lombardia,46.189258,9.335833
013242,Vertemate con Minoprio,013,Como,CO,Lombardia,45.727032,9.078814
013245,Villa Guardia,013,Como,CO,Lombardia,45.774558,9.022630
013246,Zelbio,013,Como,CO,Lombardia,45.901705,9.199442
013248,San Siro,013,Como,CO,Lombardia,46.061021,9.257982
013249,Gravedona ed Uniti,013,Como,CO,Lombardia,46.155666,9.221928
013250,Bellagio,013,Como,CO,Lombardia,45.955508,9.249423
013251,Colverde,013,Como,CO,Lombardia,45.805659,9.001303
013252,Tremezzina,013,Como,CO,Lombardia,45.984442,9.187209
013253,Alta Valle Intelvi,013,Como,CO,Lombardia,45.975722,9.036401
013254,Centro Valle Intelvi,013,Como,CO,Lombardia,45.946994,9.060936
013255,Solbiate con Cagno,013,Como,CO,Lombardia,45.800568,8.919720
013256,Uggiate con Ronago,013,Como,CO,Lombardia,45.825172,8.969143
014001,Albaredo per San Marco,014,Sondrio,SO,Lombardia,46.080152,9.619895
014002,Albosaggia,014,Sondrio,SO,Lombardia,46.126034,9.859562
014003,Andalo Valtellino,014,Sondrio,SO,Lombardia,46.116065,9.473968
014004,Aprica,014,Sondrio,SO,Lombardia,46.131312,10.146564
014005,Ardenno,014,Sondrio,SO,Lombardia,46.180902,9.646087
014006,Bema,014,Sondrio,SO,Lombardia,46.079001,9.583219
014007,Berbenno di Valtellina,014,Sondrio,SO,Lombardia,46.191566,9.738256
014008,Bianzone,014,Sondrio,SO,Lombardia,46.201284,10.098308
014009,Bormio,014,Sondrio,SO,Lombardia,46.497824,10.406936
014010,Buglio in Monte,014,Sondrio,SO,Lombardia,46.209803,9.700026
014011,Caiolo,014,Sondrio,SO,Lombardia,46.108257,9.818117
014012,Campodolcino,014,Sondrio,SO,Lombardia,46.402224,9.348125
014013,Caspoggio,014,Sondrio,SO,Lombardia,46.253302,9.872163
014014,Castello dell'Acqua,014,Sondrio,SO,Lombardia,46.139637,10.013214
014015,Castione Andevenno,014,Sondrio,SO,Lombardia,46.184631,9.806222
014016,Cedrasco,014,Sondrio,SO,Lombardia,46.111411,9.791963
014017,Cercino,014,Sondrio,SO,Lombardia,46.164632,9.507396
014018,Chiavenna,014,Sondrio,SO,Lombardia,46.326905,9.405146
014019,Chiesa in Valmalenco,014,Sondrio,SO,Lombardia,46.300625,9.798383
014020,Chiuro,014,Sondrio,SO,Lombardia,46.233706,10.013046
014021,Cino,014,Sondrio,SO,Lombardia,46.168328,9.486262
014022,Civo,014,Sondrio,SO,Lombardia,46.179470,9.584366
014023,Colorina,014,Sondrio,SO,Lombardia,46.141107,9.720990
014024,Cosio Valtellino,014,Sondrio,SO,Lombardia,46.121245,9.526980
014025,Dazio,014,Sondrio,SO,Lombardia,46.159400,9.614591
014026,Delebio,014,Sondrio,SO,Lombardia,46.111997,9.447640
014027,Dubino,014,Sondrio,SO,Lombardia,46.166164,9.444715
014028,Faedo Valtellino,014,Sondrio,SO,Lombardia,46.144134,9.903160
014029,Forcola,014,Sondrio,SO,Lombardia,46.138899,9.683706
014030,Fusine,014,Sondrio,SO,Lombardia,46.100503,9.763542
014031,Gerola Alta,014,Sondrio,SO,Lombardia,46.046093,9.550682
014032,Gordona,014,Sondrio,SO,Lombardia,46.279448,9.312335
014033,Grosio,014,Sondrio,SO,Lombardia,46.347641,10.223007
014034,Grosotto,014,Sondrio,SO,Lombardia,46.296389,10.214575
014035,Madesimo,014,Sondrio,SO,Lombardia,46.459361,9.330565
014036,Lanzada,014,Sondrio,SO,Lombardia,46.318997,9.921955
014037,Livigno,014,Sondrio,SO,Lombardia,46.524591,10.137009
014038,Lovero,014,Sondrio,SO,Lombardia,46.227652,10.232527
014039,Mantello,014,Sondrio,SO,Lombardia,46.156060,9.478753
014040,Mazzo di Valtellina,014,Sondrio,SO,Lombardia,46.259501,10.259030
014041,Mello,014,Sondrio,SO,Lombardia,46.170467,9.542357
014043,Mese,014,Sondrio,SO,Lombardia,46.308160,9.376790
014044,Montagna in Valtellina,014,Sondrio,SO,Lombardia,46.221636,9.923950
014045,Morbegno,014,Sondrio,SO,Lombardia,46.133479,9.587077
014046,Novate Mezzola,014,Sondrio,SO,Lombardia,46.242004,9.506023
014047,Pedesina,014,Sondrio,SO,Lombardia,46.079080,9.523115
014048,Piantedo,014,Sondrio,SO,Lombardia,46.126999,9.423621
014049,Piateda,014,Sondrio,SO,Lombardia,46.094814,9.910990
014050,Piuro,014,Sondrio,SO,Lombardia,46.396219,9.440328
014051,Poggiridenti,014,Sondrio,SO,Lombardia,46.172419,9.926604
014052,Ponte in Valtellina,014,Sondrio,SO,Lombardia,46.139928,9.982413
014053,Postalesio,014,Sondrio,SO,Lombardia,46.188407,9.778298
014054,Prata Camportaccio,014,Sondrio,SO,Lombardia,46.284669,9.423404
014055,Rasura,014,Sondrio,SO,Lombardia,46.093518,9.533962
014056,Rogolo,014,Sondrio,SO,Lombardia,46.101716,9.486749
014057,Samolaco,014,Sondrio,SO,Lombardia,46.241576,9.379468
014058,San Giacomo Filippo,014,Sondrio,SO,Lombardia,46.353688,9.347194
014059,Sernio,014,Sondrio,SO,Lombardia,46.224300,10.209982
014060,Sondalo,014,Sondrio,SO,Lombardia,46.343013,10.366964
014061,Sondrio,014,Sondrio,SO,Lombardia,46.180188,9.856666
014062,Spriana,014,Sondrio,SO,Lombardia,46.217037,9.881483
014063,Talamona,014,Sondrio,SO,Lombardia,46.122747,9.627690
014064,Tartano,014,Sondrio,SO,Lombardia,46.090806,9.687265
014065,Teglio,014,Sondrio,SO,Lombardia,46.130264,10.087046
014066,Tirano,014,Sondrio,SO,Lombardia,46.212010,10.179499
014067,Torre di Santa Maria,014,Sondrio,SO,Lombardia,46.232604,9.813974
014068,Tovo di Sant'Agata,014,Sondrio,SO,Lombardia,46.232413,10.265927
014069,Traona,014,Sondrio,SO,Lombardia,46.151369,9.527429
014070,Tresivio,014,Sondrio,SO,Lombardia,46.198331,9.951120
014071,Valdidentro,014,Sondrio,SO,Lombardia,46.488414,10.264131
014072,Valdisotto,014,Sondrio,SO,Lombardia,46.418290,10.348760
014073,Valfurva,014,Sondrio,SO,Lombardia,46.427575,10.508602
014074,Val Masino,014,Sondrio,SO,Lombardia,46.250875,9.639103
014075,Verceia,014,Sondrio,SO,Lombardia,46.197234,9.467524
014076,Vervio,014,Sondrio,SO,Lombardia,46.262093,10.207247
014077,Villa di Chiavenna,014,Sondrio,SO,Lombardia,46.321576,9.496247
014078,Villa di Tirano,014,Sondrio,SO,Lombardia,46.187652,10.140095
015002,Abbiategrasso,215,Milano,MI,Lombardia,45.381891,8.895430
015005,Albairate,215,Milano,MI,Lombardia,45.422230,8.945404
015007,Arconate,215,Milano,MI,Lombardia,45.539841,8.841460
015009,Arese,215,Milano,MI,Lombardia,45.550487,9.073497
015010,Arluno,215,Milano,MI,Lombardia,45.508924,8.942095
015011,Assago,215,Milano,MI,Lombardia,45.402637,9.135546
015012,Bareggio,215,Milano,MI,Lombardia,45.474423,8.999610
015014,Basiano,215,Milano,MI,Lombardia,45.581112,9.463504
015015,Basiglio,215,Milano,MI,Lombardia,45.349159,9.165653
015016,Bellinzago Lombardo,215,Milano,MI,Lombardia,45.534749,9.444768
015019,Bernate Ticino,215,Milano,MI,Lombardia,45.477127,8.811970
015022,Besate,215,Milano,MI,Lombardia,45.306455,8.965082
015024,Binasco,215,Milano,MI,Lombardia,45.330691,9.102676
015026,Boffalora sopra Ticino,215,Milano,MI,Lombardia,45.459492,8.828645
015027,Bollate,215,Milano,MI,Lombardia,45.550305,9.114640
015032,Bresso,215,Milano,MI,Lombardia,45.536482,9.194971
015035,Bubbiano,215,Milano,MI,Lombardia,45.328624,9.003888
015036,Buccinasco,215,Milano,MI,Lombardia,45.407120,9.109342
015038,Buscate,215,Milano,MI,Lombardia,45.545767,8.812907
015040,Bussero,215,Milano,MI,Lombardia,45.536395,9.370010
015041,Busto Garolfo,215,Milano,MI,Lombardia,45.544564,8.884532
015042,Calvignasco,215,Milano,MI,Lombardia,45.327054,9.026167
015044,Cambiago,215,Milano,MI,Lombardia,45.571591,9.422481
015046,Canegrate,215,Milano,MI,Lombardia,45.565950,8.924832
015050,Carpiano,215,Milano,MI,Lombardia,45.343681,9.271271
015051,Carugate,215,Milano,MI,Lombardia,45.551355,9.342873
015055,Casarile,215,Milano,MI,Lombardia,45.314646,9.100919
015058,Casorezzo,215,Milano,MI,Lombardia,45.526131,8.907303
015059,Cassano d'Adda,215,Milano,MI,Lombardia,45.526630,9.517585
015060,Cassina de' Pecchi,215,Milano,MI,Lombardia,45.515988,9.375273
015061,Cassinetta di Lugagnano,215,Milano,MI,Lombardia,45.426099,8.907268
015062,Castano Primo,215,Milano,MI,Lombardia,45.550140,8.766232
015070,Cernusco sul Naviglio,215,Milano,MI,Lombardia,45.526035,9.332718
015071,Cerro al Lambro,215,Milano,MI,Lombardia,45.332253,9.327575
015072,Cerro Maggiore,215,Milano,MI,Lombardia,45.589606,8.965403
015074,Cesano Boscone,215,Milano,MI,Lombardia,45.441250,9.087186
015076,Cesate,215,Milano,MI,Lombardia,45.596989,9.080012
015077,Cinisello Balsamo,215,Milano,MI,Lombardia,45.557388,9.218092
015078,Cisliano,215,Milano,MI,Lombardia,45.438714,8.986382
015081,Cologno Monzese,215,Milano,MI,Lombardia,45.533333,9.280249
015082,Colturano,215,Milano,MI,Lombardia,45.380319,9.339622
015085,Corbetta,215,Milano,MI,Lombardia,45.460415,8.929967
015086,Cormano,215,Milano,MI,Lombardia,45.543691,9.164235
015087,Cornaredo,215,Milano,MI,Lombardia,45.491814,9.024058
015093,Corsico,215,Milano,MI,Lombardia,45.433250,9.101832
015096,Cuggiono,215,Milano,MI,Lombardia,45.504391,8.799143
015097,Cusago,215,Milano,MI,Lombardia,45.446777,9.029700
015098,Cusano Milanino,215,Milano,MI,Lombardia,45.552641,9.184689
015099,Dairago,215,Milano,MI,Lombardia,45.564924,8.854973
015101,Dresano,215,Milano,MI,Lombardia,45.374983,9.365183
015103,Gaggiano,215,Milano,MI,Lombardia,45.399843,9.026542
015105,Garbagnate Milanese,215,Milano,MI,Lombardia,45.574714,9.077108
015106,Gessate,215,Milano,MI,Lombardia,45.555480,9.434207
015108,Gorgonzola,215,Milano,MI,Lombardia,45.529439,9.409574
015110,Grezzago,215,Milano,MI,Lombardia,45.591450,9.494331
015112,Gudo Visconti,215,Milano,MI,Lombardia,45.377100,8.995952
015113,Inveruno,215,Milano,MI,Lombardia,45.517316,8.853414
015114,Inzago,215,Milano,MI,Lombardia,45.541725,9.480065
015115,Lacchiarella,215,Milano,MI,Lombardia,45.321865,9.157397
015116,Lainate,215,Milano,MI,Lombardia,45.566104,9.025702
015118,Legnano,215,Milano,MI,Lombardia,45.593708,8.907769
015122,Liscate,215,Milano,MI,Lombardia,45.474645,9.411206
015125,Locate di Triulzi,215,Milano,MI,Lombardia,45.357987,9.230258
015130,Magenta,215,Milano,MI,Lombardia,45.453279,8.862417
015131,Magnago,215,Milano,MI,Lombardia,45.576360,8.809131
015134,Marcallo con Casone,215,Milano,MI,Lombardia,45.486461,8.869477
015136,Masate,215,Milano,MI,Lombardia,45.564537,9.462866
015139,Mediglia,215,Milano,MI,Lombardia,45.410031,9.337912
015140,Melegnano,215,Milano,MI,Lombardia,45.355285,9.319976
015142,Melzo,215,Milano,MI,Lombardia,45.498299,9.425371
015144,Mesero,215,Milano,MI,Lombardia,45.495640,8.850223
015146,Milano,215,Milano,MI,Lombardia,45.468408,9.173046
015150,Morimondo,215,Milano,MI,Lombardia,45.343420,8.955229
015151,Motta Visconti,215,Milano,MI,Lombardia,45.284342,8.989081
015154,Nerviano,215,Milano,MI,Lombardia,45.552730,8.980299
015155,Nosate,215,Milano,MI,Lombardia,45.554408,8.721025
015157,Novate Milanese,215,Milano,MI,Lombardia,45.531886,9.139968
015158,Noviglio,215,Milano,MI,Lombardia,45.362546,9.067189
015159,Opera,215,Milano,MI,Lombardia,45.379651,9.208505
015164,Ossona,215,Milano,MI,Lombardia,45.505363,8.898806
015165,Ozzero,215,Milano,MI,Lombardia,45.363543,8.921222
015166,Paderno Dugnano,215,Milano,MI,Lombardia,45.572023,9.166437
015167,Pantigliate,215,Milano,MI,Lombardia,45.440698,9.359904
015168,Parabiago,215,Milano,MI,Lombardia,45.549413,8.943393
015169,Paullo,215,Milano,MI,Lombardia,45.416851,9.403936
015170,Pero,215,Milano,MI,Lombardia,45.510761,9.077071
015171,Peschiera Borromeo,215,Milano,MI,Lombardia,45.442300,9.303490
015172,Pessano con Bornago,215,Milano,MI,Lombardia,45.550789,9.389413
015173,Pieve Emanuele,215,Milano,MI,Lombardia,45.352229,9.196104
015175,Pioltello,215,Milano,MI,Lombardia,45.491517,9.323475
015176,Pogliano Milanese,215,Milano,MI,Lombardia,45.537102,8.990921
015177,Pozzo d'Adda,215,Milano,MI,Lombardia,45.571690,9.497681
015178,Pozzuolo Martesana,215,Milano,MI,Lombardia,45.512578,9.460408
015179,Pregnana Milanese,215,Milano,MI,Lombardia,45.515857,9.005282
015181,Rescaldina,215,Milano,MI,Lombardia,45.622095,8.951452
015182,Rho,215,Milano,MI,Lombardia,45.531058,9.049422
015183,Robecchetto con Induno,215,Milano,MI,Lombardia,45.515355,8.762403
015184,Robecco sul Naviglio,215,Milano,MI,Lombardia,45.426618,8.869322
015185,Rodano,215,Milano,MI,Lombardia,45.472078,9.349699
015188,Rosate,215,Milano,MI,Lombardia,45.350974,9.018802
015189,Rozzano,215,Milano,MI,Lombardia,45.384174,9.159564
015191,San Colombano al Lambro,215,Milano,MI,Lombardia,45.178839,9.487934
015192,San Donato Milanese,215,Milano,MI,Lombardia,45.412516,9.258449
015194,San Giorgio su Legnano,215,Milano,MI,Lombardia,45.570754,8.909031
015195,San Giuliano Milanese,215,Milano,MI,Lombardia,45.382478,9.280408
015200,Santo Stefano Ticino,215,Milano,MI,Lombardia,45.488194,8.912733
015201,San Vittore Olona,215,Milano,MI,Lombardia,45.582342,8.943428
015202,San Zenone al Lambro,215,Milano,MI,Lombardia,45.323406,9.365057
015204,Sedriano,215,Milano,MI,Lombardia,45.487445,8.974866
015205,Segrate,215,Milano,MI,Lombardia,45.483910,9.285475
015206,Senago,215,Milano,MI,Lombardia,45.573463,9.119102
015209,Sesto San Giovanni,215,Milano,MI,Lombardia,45.535052,9.242418
015210,Settala,215,Milano,MI,Lombardia,45.454100,9.389209
015211,Settimo Milanese,215,Milano,MI,Lombardia,45.480119,9.053932
015213,Solaro,215,Milano,MI,Lombardia,45.614861,9.080563
015219,Trezzano Rosa,215,Milano,MI,Lombardia,45.584213,9.481716
015220,Trezzano sul Naviglio,215,Milano,MI,Lombardia,45.420928,9.058776
015221,Trezzo sull'Adda,215,Milano,MI,Lombardia,45.608990,9.505510
015222,Tribiano,215,Milano,MI,Lombardia,45.404119,9.373218
015224,Truccazzano,215,Milano,MI,Lombardia,45.480187,9.473328
015226,Turbigo,215,Milano,MI,Lombardia,45.526515,8.735170
015229,Vanzago,215,Milano,MI,Lombardia,45.519888,8.984448
015230,Vaprio d'Adda,215,Milano,MI,Lombardia,45.573720,9.521275
015236,Vernate,215,Milano,MI,Lombardia,45.321508,9.053895
015237,Vignate,215,Milano,MI,Lombardia,45.498414,9.379150
015242,Vimodrone,215,Milano,MI,Lombardia,45.515415,9.288073
015243,Vittuone,215,Milano,MI,Lombardia,45.479197,8.955864
015244,Vizzolo Predabissi,215,Milano,MI,Lombardia,45.356849,9.347310
015247,Zibido San Giacomo,215,Milano,MI,Lombardia,45.368234,9.106517
015248,Villa Cortese,215,Milano,MI,Lombardia,45.566558,8.886505
015249,Vanzaghello,215,Milano,MI,Lombardia,45.582470,8.781230
015250,Baranzate,215,Milano,MI,Lombardia,45.528391,9.111916
015251,Vermezzo con Zelo,215,Milano,MI,Lombardia,45.391113,8.980896
016001,Adrara San Martino,016,Bergamo,BG,Lombardia,45.710414,9.954921
016002,Adrara San Rocco,016,Bergamo,BG,Lombardia,45.725719,9.972648
016003,Albano Sant'Alessandro,016,Bergamo,BG,Lombardia,45.688817,9.775063
016004,Albino,016,Bergamo,BG,Lombardia,45.758355,9.822242
016005,Almè,016,Bergamo,BG,Lombardia,45.738116,9.613592
016006,Almenno San Bartolomeo,016,Bergamo,BG,Lombardia,45.750003,9.566480
016007,Almenno San Salvatore,016,Bergamo,BG,Lombardia,45.752190,9.591728
016008,Alzano Lombardo,016,Bergamo,BG,Lombardia,45.752585,9.716620
016009,Ambivere,016,Bergamo,BG,Lombardia,45.721436,9.538963
016010,Antegnate,016,Bergamo,BG,Lombardia,45.488022,9.800133
016011,Arcene,016,Bergamo,BG,Lombardia,45.573450,9.615258
016012,Ardesio,016,Bergamo,BG,Lombardia,45.945649,9.888468
016013,Arzago d'Adda,016,Bergamo,BG,Lombardia,45.474358,9.564668
016014,Averara,016,Bergamo,BG,Lombardia,46.011617,9.635411
016015,Aviatico,016,Bergamo,BG,Lombardia,45.791155,9.783375
016016,Azzano San Paolo,016,Bergamo,BG,Lombardia,45.657270,9.680620
016017,Azzone,016,Bergamo,BG,Lombardia,45.974255,10.132689
016018,Bagnatica,016,Bergamo,BG,Lombardia,45.654279,9.770770
016019,Barbata,016,Bergamo,BG,Lombardia,45.458859,9.773480
016020,Bariano,016,Bergamo,BG,Lombardia,45.513350,9.709069
016021,Barzana,016,Bergamo,BG,Lombardia,45.731070,9.567395
016022,Bedulita,016,Bergamo,BG,Lombardia,45.792282,9.544052
016023,Berbenno,016,Bergamo,BG,Lombardia,45.805937,9.568157
016024,Bergamo,016,Bergamo,BG,Lombardia,45.696526,9.663778
016025,Berzo San Fermo,016,Bergamo,BG,Lombardia,45.713389,9.911233
016026,Bianzano,016,Bergamo,BG,Lombardia,45.774529,9.900630
016027,Blello,016,Bergamo,BG,Lombardia,45.833338,9.570273
016028,Bolgare,016,Bergamo,BG,Lombardia,45.631448,9.818863
016029,Boltiere,016,Bergamo,BG,Lombardia,45.598613,9.577343
016030,Bonate Sopra,016,Bergamo,BG,Lombardia,45.681669,9.563231
016031,Bonate Sotto,016,Bergamo,BG,Lombardia,45.663636,9.562338
016032,Borgo di Terzo,016,Bergamo,BG,Lombardia,45.725358,9.878937
016033,Bossico,016,Bergamo,BG,Lombardia,45.840596,10.045144
016034,Bottanuco,016,Bergamo,BG,Lombardia,45.639234,9.513455
016035,Bracca,016,Bergamo,BG,Lombardia,45.820732,9.704919
016036,Branzi,016,Bergamo,BG,Lombardia,45.999155,9.778877
016037,Brembate,016,Bergamo,BG,Lombardia,45.608109,9.548012
016038,Brembate di Sopra,016,Bergamo,BG,Lombardia,45.717261,9.579737
016040,Brignano Gera d'Adda,016,Bergamo,BG,Lombardia,45.547919,9.654391
016041,Brumano,016,Bergamo,BG,Lombardia,45.856341,9.494385
016042,Brusaporto,016,Bergamo,BG,Lombardia,45.670024,9.763639
016043,Calcinate,016,Bergamo,BG,Lombardia,45.620912,9.790770
016044,Calcio,016,Bergamo,BG,Lombardia,45.502423,9.843466
016046,Calusco d'Adda,016,Bergamo,BG,Lombardia,45.686875,9.477449
016047,Calvenzano,016,Bergamo,BG,Lombardia,45.488911,9.601166
016048,Camerata Cornello,016,Bergamo,BG,Lombardia,45.916123,9.641258
016049,Canonica d'Adda,016,Bergamo,BG,Lombardia,45.576581,9.544291
016050,Capizzone,016,Bergamo,BG,Lombardia,45.788262,9.579208
016051,Capriate San Gervasio,016,Bergamo,BG,Lombardia,45.613373,9.531592
016052,Caprino Bergamasco,016,Bergamo,BG,Lombardia,45.759156,9.496766
016053,Caravaggio,016,Bergamo,BG,Lombardia,45.492167,9.653422
016055,Carobbio degli Angeli,016,Bergamo,BG,Lombardia,45.662953,9.838184
016056,Carona,016,Bergamo,BG,Lombardia,46.027115,9.834966
016057,Carvico,016,Bergamo,BG,Lombardia,45.703986,9.488131
016058,Casazza,016,Bergamo,BG,Lombardia,45.746043,9.906579
016059,Casirate d'Adda,016,Bergamo,BG,Lombardia,45.498158,9.556509
016060,Casnigo,016,Bergamo,BG,Lombardia,45.825925,9.871081
016061,Cassiglio,016,Bergamo,BG,Lombardia,45.952711,9.607593
016062,Castelli Calepio,016,Bergamo,BG,Lombardia,45.633920,9.898286
016063,Castel Rozzone,016,Bergamo,BG,Lombardia,45.553108,9.622541
016064,Castione della Presolana,016,Bergamo,BG,Lombardia,45.918575,10.058756
016065,Castro,016,Bergamo,BG,Lombardia,45.800237,10.063250
016066,Cavernago,016,Bergamo,BG,Lombardia,45.621600,9.758594
016067,Cazzano Sant'Andrea,016,Bergamo,BG,Lombardia,45.810855,9.880718
016068,Cenate Sopra,016,Bergamo,BG,Lombardia,45.719807,9.821783
016069,Cenate Sotto,016,Bergamo,BG,Lombardia,45.701490,9.814188
016070,Cene,016,Bergamo,BG,Lombardia,45.780355,9.845942
016071,Cerete,016,Bergamo,BG,Lombardia,45.855532,9.999276
016072,Chignolo d'Isola,016,Bergamo,BG,Lombardia,45.666059,9.529003
016073,Chiuduno,016,Bergamo,BG,Lombardia,45.650253,9.850220
016074,Cisano Bergamasco,016,Bergamo,BG,Lombardia,45.748675,9.467017
016075,Ciserano,016,Bergamo,BG,Lombardia,45.585429,9.596083
016076,Cividate al Piano,016,Bergamo,BG,Lombardia,45.545238,9.829855
016077,Clusone,016,Bergamo,BG,Lombardia,45.873148,9.937472
016078,Colere,016,Bergamo,BG,Lombardia,45.962158,10.082640
016079,Cologno al Serio,016,Bergamo,BG,Lombardia,45.572654,9.715207
016080,Colzate,016,Bergamo,BG,Lombardia,45.834185,9.839999
016081,Comun Nuovo,016,Bergamo,BG,Lombardia,45.615339,9.661180
016082,Corna Imagna,016,Bergamo,BG,Lombardia,45.833621,9.548728
016083,Cortenuova,016,Bergamo,BG,Lombardia,45.533321,9.802877
016084,Costa di Mezzate,016,Bergamo,BG,Lombardia,45.654848,9.797544
016085,Costa Valle Imagna,016,Bergamo,BG,Lombardia,45.802418,9.502514
016086,Costa Volpino,016,Bergamo,BG,Lombardia,45.840690,10.089618
016087,Covo,016,Bergamo,BG,Lombardia,45.505575,9.788649
016088,Credaro,016,Bergamo,BG,Lombardia,45.661853,9.918882
016089,Curno,016,Bergamo,BG,Lombardia,45.686381,9.606872
016090,Cusio,016,Bergamo,BG,Lombardia,46.002032,9.600828
016091,Dalmine,016,Bergamo,BG,Lombardia,45.646450,9.599410
016092,Dossena,016,Bergamo,BG,Lombardia,45.894800,9.701052
016093,Endine Gaiano,016,Bergamo,BG,Lombardia,45.786063,9.978368
016094,Entratico,016,Bergamo,BG,Lombardia,45.703172,9.881762
016096,Fara Gera d'Adda,016,Bergamo,BG,Lombardia,45.545416,9.545587
016097,Fara Olivana con Sola,016,Bergamo,BG,Lombardia,45.490206,9.736851
016098,Filago,016,Bergamo,BG,Lombardia,45.632697,9.550921
016099,Fino del Monte,016,Bergamo,BG,Lombardia,45.907101,9.996430
016100,Fiorano al Serio,016,Bergamo,BG,Lombardia,45.803222,9.838756
016101,Fontanella,016,Bergamo,BG,Lombardia,45.455014,9.804195
016102,Fonteno,016,Bergamo,BG,Lombardia,45.753520,10.002837
016103,Foppolo,016,Bergamo,BG,Lombardia,46.048753,9.756915
016104,Foresto Sparso,016,Bergamo,BG,Lombardia,45.692536,9.913968
016105,Fornovo San Giovanni,016,Bergamo,BG,Lombardia,45.494157,9.690590
016106,Fuipiano Valle Imagna,016,Bergamo,BG,Lombardia,45.856515,9.532212
016107,Gandellino,016,Bergamo,BG,Lombardia,46.006028,9.937426
016108,Gandino,016,Bergamo,BG,Lombardia,45.824309,9.930142
016109,Gandosso,016,Bergamo,BG,Lombardia,45.661487,9.895628
016110,Gaverina Terme,016,Bergamo,BG,Lombardia,45.758399,9.882651
016111,Gazzaniga,016,Bergamo,BG,Lombardia,45.810690,9.800046
016113,Ghisalba,016,Bergamo,BG,Lombardia,45.594240,9.761929
016114,Gorlago,016,Bergamo,BG,Lombardia,45.672057,9.833604
016115,Gorle,016,Bergamo,BG,Lombardia,45.701612,9.715793
016116,Gorno,016,Bergamo,BG,Lombardia,45.866276,9.843080
016117,Grassobbio,016,Bergamo,BG,Lombardia,45.647732,9.723563
016118,Gromo,016,Bergamo,BG,Lombardia,45.972988,9.962721
016119,Grone,016,Bergamo,BG,Lombardia,45.730787,9.930987
016120,Grumello del Monte,016,Bergamo,BG,Lombardia,45.638281,9.874655
016121,Isola di Fondra,016,Bergamo,BG,Lombardia,45.976030,9.743232
016122,Isso,016,Bergamo,BG,Lombardia,45.472881,9.749299
016123,Lallio,016,Bergamo,BG,Lombardia,45.662191,9.627296
016124,Leffe,016,Bergamo,BG,Lombardia,45.790361,9.882352
016125,Lenna,016,Bergamo,BG,Lombardia,45.933219,9.683202
016126,Levate,016,Bergamo,BG,Lombardia,45.626905,9.628089
016127,Locatello,016,Bergamo,BG,Lombardia,45.843178,9.530849
016128,Lovere,016,Bergamo,BG,Lombardia,45.819652,10.070750
016129,Lurano,016,Bergamo,BG,Lombardia,45.567904,9.640521
016130,Luzzana,016,Bergamo,BG,Lombardia,45.721684,9.867913
016131,Madone,016,Bergamo,BG,Lombardia,45.649938,9.546670
016132,Mapello,016,Bergamo,BG,Lombardia,45.706435,9.540330
016133,Martinengo,016,Bergamo,BG,Lombardia,45.560688,9.773475
016134,Mezzoldo,016,Bergamo,BG,Lombardia,46.032829,9.658988
016135,Misano di Gera d'Adda,016,Bergamo,BG,Lombardia,45.467867,9.627329
016136,Moio de' Calvi,016,Bergamo,BG,Lombardia,45.962281,9.702427
016137,Monasterolo del Castello,016,Bergamo,BG,Lombardia,45.758605,9.942134
016139,Montello,016,Bergamo,BG,Lombardia,45.671875,9.800758
016140,Morengo,016,Bergamo,BG,Lombardia,45.540694,9.708134
016141,Mornico al Serio,016,Bergamo,BG,Lombardia,45.587844,9.805029
016142,Mozzanica,016,Bergamo,BG,Lombardia,45.471370,9.689790
016143,Mozzo,016,Bergamo,BG,Lombardia,45.702329,9.609239
016144,Nembro,016,Bergamo,BG,Lombardia,45.752412,9.752743
016145,Olmo al Brembo,016,Bergamo,BG,Lombardia,45.970467,9.648851
016146,Oltre il Colle,016,Bergamo,BG,Lombardia,45.912526,9.784322
016147,Oltressenda Alta,016,Bergamo,BG,Lombardia,45.941578,9.985818
016148,Oneta,016,Bergamo,BG,Lombardia,45.868842,9.809596
016149,Onore,016,Bergamo,BG,Lombardia,45.888437,10.027082
016150,Orio al Serio,016,Bergamo,BG,Lombardia,45.670096,9.697816
016151,Ornica,016,Bergamo,BG,Lombardia,45.999477,9.570861
016152,Osio Sopra,016,Bergamo,BG,Lombardia,45.629601,9.585554
016153,Osio Sotto,016,Bergamo,BG,Lombardia,45.614914,9.585177
016154,Pagazzano,016,Bergamo,BG,Lombardia,45.534406,9.675033
016155,Paladina,016,Bergamo,BG,Lombardia,45.728463,9.610407
016156,Palazzago,016,Bergamo,BG,Lombardia,45.750835,9.532875
016157,Palosco,016,Bergamo,BG,Lombardia,45.584143,9.831536
016158,Parre,016,Bergamo,BG,Lombardia,45.903359,9.882660
016159,Parzanica,016,Bergamo,BG,Lombardia,45.736881,10.042806
016160,Pedrengo,016,Bergamo,BG,Lombardia,45.695452,9.739981
016161,Peia,016,Bergamo,BG,Lombardia,45.795802,9.911071
016162,Pianico,016,Bergamo,BG,Lombardia,45.806089,10.040258
016163,Piario,016,Bergamo,BG,Lombardia,45.892474,9.923864
016164,Piazza Brembana,016,Bergamo,BG,Lombardia,45.949216,9.657968
016165,Piazzatorre,016,Bergamo,BG,Lombardia,46.006047,9.695057
016166,Piazzolo,016,Bergamo,BG,Lombardia,45.973855,9.672180
016167,Pognano,016,Bergamo,BG,Lombardia,45.584295,9.641075
016168,Ponte Nossa,016,Bergamo,BG,Lombardia,45.859668,9.886257
016169,Ponteranica,016,Bergamo,BG,Lombardia,45.739941,9.674550
016170,Ponte San Pietro,016,Bergamo,BG,Lombardia,45.702147,9.579534
016171,Pontida,016,Bergamo,BG,Lombardia,45.730797,9.499651
016172,Pontirolo Nuovo,016,Bergamo,BG,Lombardia,45.572341,9.569002
016173,Pradalunga,016,Bergamo,BG,Lombardia,45.737823,9.793878
016174,Predore,016,Bergamo,BG,Lombardia,45.685240,10.018542
016175,Premolo,016,Bergamo,BG,Lombardia,45.898482,9.847845
016176,Presezzo,016,Bergamo,BG,Lombardia,45.692909,9.569021
016177,Pumenengo,016,Bergamo,BG,Lombardia,45.470115,9.864461
016178,Ranica,016,Bergamo,BG,Lombardia,45.728073,9.711752
016179,Ranzanico,016,Bergamo,BG,Lombardia,45.791270,9.940411
016180,Riva di Solto,016,Bergamo,BG,Lombardia,45.767249,10.040962
016182,Rogno,016,Bergamo,BG,Lombardia,45.862887,10.116935
016183,Romano di Lombardia,016,Bergamo,BG,Lombardia,45.522420,9.751070
016184,Roncobello,016,Bergamo,BG,Lombardia,45.953090,9.762199
016185,Roncola,016,Bergamo,BG,Lombardia,45.778504,9.545363
016186,Rota d'Imagna,016,Bergamo,BG,Lombardia,45.835180,9.512902
016187,Rovetta,016,Bergamo,BG,Lombardia,45.906362,9.992818
016188,San Giovanni Bianco,016,Bergamo,BG,Lombardia,45.880991,9.646510
016189,San Paolo d'Argon,016,Bergamo,BG,Lombardia,45.686158,9.803179
016190,San Pellegrino Terme,016,Bergamo,BG,Lombardia,45.840142,9.661846
016191,Santa Brigida,016,Bergamo,BG,Lombardia,46.000342,9.618791
016193,Sarnico,016,Bergamo,BG,Lombardia,45.674468,9.969510
016194,Scanzorosciate,016,Bergamo,BG,Lombardia,45.712929,9.765703
016195,Schilpario,016,Bergamo,BG,Lombardia,46.024284,10.172833
016196,Sedrina,016,Bergamo,BG,Lombardia,45.774818,9.629353
016197,Selvino,016,Bergamo,BG,Lombardia,45.784175,9.749312
016198,Seriate,016,Bergamo,BG,Lombardia,45.672213,9.732674
016199,Serina,016,Bergamo,BG,Lombardia,45.886024,9.734450
016200,Solto Collina,016,Bergamo,BG,Lombardia,45.784455,10.024471
016201,Songavazzo,016,Bergamo,BG,Lombardia,45.872402,10.040532
016202,Sorisole,016,Bergamo,BG,Lombardia,45.750956,9.652496
016203,Sotto il Monte Giovanni XXIII,016,Bergamo,BG,Lombardia,45.707075,9.507610
016204,Sovere,016,Bergamo,BG,Lombardia,45.823096,10.013237
016205,Spinone al Lago,016,Bergamo,BG,Lombardia,45.764889,9.918685
016206,Spirano,016,Bergamo,BG,Lombardia,45.581536,9.667574
016207,Stezzano,016,Bergamo,BG,Lombardia,45.644948,9.651002
016208,Strozza,016,Bergamo,BG,Lombardia,45.771538,9.580977
016209,Suisio,016,Bergamo,BG,Lombardia,45.656227,9.504524
016210,Taleggio,016,Bergamo,BG,Lombardia,45.901488,9.577287
016211,Tavernola Bergamasca,016,Bergamo,BG,Lombardia,45.703335,10.045696
016212,Telgate,016,Bergamo,BG,Lombardia,45.619077,9.848720
016213,Terno d'Isola,016,Bergamo,BG,Lombardia,45.685613,9.526956
016214,Torre Boldone,016,Bergamo,BG,Lombardia,45.722072,9.701395
016215,Torre de' Busi,016,Bergamo,BG,Lombardia,45.780496,9.485001
016216,Torre de' Roveri,016,Bergamo,BG,Lombardia,45.701004,9.774918
016217,Torre Pallavicina,016,Bergamo,BG,Lombardia,45.448056,9.863540
016218,Trescore Balneario,016,Bergamo,BG,Lombardia,45.698702,9.851979
016219,Treviglio,016,Bergamo,BG,Lombardia,45.530621,9.594440
016220,Treviolo,016,Bergamo,BG,Lombardia,45.670953,9.607028
016221,Ubiale Clanezzo,016,Bergamo,BG,Lombardia,45.781769,9.607127
016222,Urgnano,016,Bergamo,BG,Lombardia,45.604203,9.707112
016223,Valbondione,016,Bergamo,BG,Lombardia,46.044366,10.009911
016224,Valbrembo,016,Bergamo,BG,Lombardia,45.717173,9.605675
016225,Valgoglio,016,Bergamo,BG,Lombardia,45.983765,9.879193
016226,Valleve,016,Bergamo,BG,Lombardia,46.036243,9.717981
016227,Valnegra,016,Bergamo,BG,Lombardia,45.956987,9.685011
016229,Valtorta,016,Bergamo,BG,Lombardia,45.981931,9.535249
016230,Vedeseta,016,Bergamo,BG,Lombardia,45.908037,9.538906
016232,Verdellino,016,Bergamo,BG,Lombardia,45.602571,9.611698
016233,Verdello,016,Bergamo,BG,Lombardia,45.602739,9.634990
016234,Vertova,016,Bergamo,BG,Lombardia,45.828827,9.813640
016235,Viadanica,016,Bergamo,BG,Lombardia,45.690543,9.974303
016236,Vigano San Martino,016,Bergamo,BG,Lombardia,45.731419,9.889702
016237,Vigolo,016,Bergamo,BG,Lombardia,45.720548,10.007502
016238,Villa d'Adda,016,Bergamo,BG,Lombardia,45.716210,9.463881
016239,Villa d'Almè,016,Bergamo,BG,Lombardia,45.753176,9.623669
016240,Villa di Serio,016,Bergamo,BG,Lombardia,45.723818,9.744695
016241,Villa d'Ogna,016,Bergamo,BG,Lombardia,45.907960,9.933344
016242,Villongo,016,Bergamo,BG,Lombardia,45.673713,9.927924
016243,Vilminore di Scalve,016,Bergamo,BG,Lombardia,46.007417,10.073738
016244,Zandobbio,016,Bergamo,BG,Lombardia,45.684497,9.876372
016245,Zanica,016,Bergamo,BG,Lombardia,45.632728,9.697739
016246,Zogno,016,Bergamo,BG,Lombardia,45.794242,9.680245
016247,Costa Serina,016,Bergamo,BG,Lombardia,45.824702,9.747915
016248,Algua,016,Bergamo,BG,Lombardia,45.818568,9.730715
016249,Cornalba,016,Bergamo,BG,Lombardia,45.855159,9.758783
016250,Medolago,016,Bergamo,BG,Lombardia,45.671128,9.499065
016251,Solza,016,Bergamo,BG,Lombardia,45.677944,9.487763
016252,Sant'Omobono Terme,016,Bergamo,BG,Lombardia,45.817681,9.515140
016253,Val Brembilla,016,Bergamo,BG,Lombardia,45.829551,9.598765
017001,Acquafredda,017,Brescia,BS,Lombardia,45.306394,10.408445
017002,Adro,017,Brescia,BS,Lombardia,45.620027,9.965625
017003,Agnosine,017,Brescia,BS,Lombardia,45.642919,10.349786
017004,Alfianello,017,Brescia,BS,Lombardia,45.266396,10.149544
017005,Anfo,017,Brescia,BS,Lombardia,45.784530,10.481439
017006,Angolo Terme,017,Brescia,BS,Lombardia,45.906802,10.132363
017007,Artogne,017,Brescia,BS,Lombardia,45.838986,10.196942
017008,Azzano Mella,017,Brescia,BS,Lombardia,45.464838,10.112869
017009,Bagnolo Mella,017,Brescia,BS,Lombardia,45.421739,10.183454
017010,Bagolino,017,Brescia,BS,Lombardia,45.855491,10.453955
017011,Barbariga,017,Brescia,BS,Lombardia,45.407271,10.046003
017012,Barghe,017,Brescia,BS,Lombardia,45.682486,10.406364
017013,Bassano Bresciano,017,Brescia,BS,Lombardia,45.324363,10.128749
017014,Bedizzole,017,Brescia,BS,Lombardia,45.500225,10.420616
017015,Berlingo,017,Brescia,BS,Lombardia,45.506027,10.033772
017016,Berzo Demo,017,Brescia,BS,Lombardia,46.103507,10.342544
017017,Berzo Inferiore,017,Brescia,BS,Lombardia,45.897309,10.295626
017018,Bienno,017,Brescia,BS,Lombardia,45.902910,10.353586
017019,Bione,017,Brescia,BS,Lombardia,45.675102,10.337760
017020,Borgo San Giacomo,017,Brescia,BS,Lombardia,45.346193,9.978524
017021,Borgosatollo,017,Brescia,BS,Lombardia,45.478479,10.239381
017022,Borno,017,Brescia,BS,Lombardia,45.955590,10.179076
017023,Botticino,017,Brescia,BS,Lombardia,45.550038,10.314007
017024,Bovegno,017,Brescia,BS,Lombardia,45.813578,10.276337
017025,Bovezzo,017,Brescia,BS,Lombardia,45.601093,10.249461
017026,Brandico,017,Brescia,BS,Lombardia,45.453861,10.043614
017027,Braone,017,Brescia,BS,Lombardia,45.973109,10.386417
017028,Breno,017,Brescia,BS,Lombardia,45.939727,10.403565
017029,Brescia,017,Brescia,BS,Lombardia,45.532558,10.225623
017030,Brione,017,Brescia,BS,Lombardia,45.643779,10.153760
017031,Caino,017,Brescia,BS,Lombardia,45.617104,10.325287
017032,Calcinato,017,Brescia,BS,Lombardia,45.458211,10.402922
017033,Calvagese della Riviera,017,Brescia,BS,Lombardia,45.528696,10.457464
017034,Calvisano,017,Brescia,BS,Lombardia,45.352421,10.350391
017035,Capo di Ponte,017,Brescia,BS,Lombardia,46.044960,10.312913
017036,Capovalle,017,Brescia,BS,Lombardia,45.745272,10.538509
017037,Capriano del Colle,017,Brescia,BS,Lombardia,45.452061,10.137568
017038,Capriolo,017,Brescia,BS,Lombardia,45.635142,9.932058
017039,Carpenedolo,017,Brescia,BS,Lombardia,45.349249,10.435316
017040,Castegnato,017,Brescia,BS,Lombardia,45.557685,10.113115
017041,Castelcovati,017,Brescia,BS,Lombardia,45.497283,9.945166
017042,Castel Mella,017,Brescia,BS,Lombardia,45.499775,10.143070
017043,Castenedolo,017,Brescia,BS,Lombardia,45.467287,10.295315
017044,Casto,017,Brescia,BS,Lombardia,45.689913,10.299508
017045,Castrezzato,017,Brescia,BS,Lombardia,45.508680,9.982164
017046,Cazzago San Martino,017,Brescia,BS,Lombardia,45.575371,10.035783
017047,Cedegolo,017,Brescia,BS,Lombardia,46.061510,10.383202
017048,Cellatica,017,Brescia,BS,Lombardia,45.578653,10.178262
017049,Cerveno,017,Brescia,BS,Lombardia,46.014375,10.285349
017050,Ceto,017,Brescia,BS,Lombardia,45.993848,10.411489
017051,Cevo,017,Brescia,BS,Lombardia,46.067902,10.430593
017052,Chiari,017,Brescia,BS,Lombardia,45.533119,9.918201
017053,Cigole,017,Brescia,BS,Lombardia,45.312080,10.184423
017054,Cimbergo,017,Brescia,BS,Lombardia,46.022756,10.408017
017055,Cividate Camuno,017,Brescia,BS,Lombardia,45.938892,10.265956
017056,Coccaglio,017,Brescia,BS,Lombardia,45.554761,9.967994
017057,Collebeato,017,Brescia,BS,Lombardia,45.584665,10.208136
017058,Collio,017,Brescia,BS,Lombardia,45.824512,10.352145
017059,Cologne,017,Brescia,BS,Lombardia,45.577120,9.931465
017060,Comezzano-Cizzago,017,Brescia,BS,Lombardia,45.468841,9.953949
017061,Concesio,017,Brescia,BS,Lombardia,45.611489,10.214183
017062,Corte Franca,017,Brescia,BS,Lombardia,45.630797,10.002342
017063,Corteno Golgi,017,Brescia,BS,Lombardia,46.139261,10.220318
017064,Corzano,017,Brescia,BS,Lombardia,45.439381,10.016869
017065,Darfo Boario Terme,017,Brescia,BS,Lombardia,45.887108,10.197893
017066,Dello,017,Brescia,BS,Lombardia,45.416339,10.099773
017067,Desenzano del Garda,017,Brescia,BS,Lombardia,45.453936,10.564277
017068,Edolo,017,Brescia,BS,Lombardia,46.181847,10.382297
017069,Erbusco,017,Brescia,BS,Lombardia,45.594240,9.967677
017070,Esine,017,Brescia,BS,Lombardia,45.890755,10.257887
017071,Fiesse,017,Brescia,BS,Lombardia,45.228810,10.333897
017072,Flero,017,Brescia,BS,Lombardia,45.480549,10.172172
017073,Gambara,017,Brescia,BS,Lombardia,45.257957,10.307182
017074,Gardone Riviera,017,Brescia,BS,Lombardia,45.636728,10.566845
017075,Gardone Val Trompia,017,Brescia,BS,Lombardia,45.702595,10.177355
017076,Gargnano,017,Brescia,BS,Lombardia,45.705268,10.642076
017077,Gavardo,017,Brescia,BS,Lombardia,45.590084,10.440472
017078,Ghedi,017,Brescia,BS,Lombardia,45.400300,10.278862
017079,Gianico,017,Brescia,BS,Lombardia,45.855965,10.220308
017080,Gottolengo,017,Brescia,BS,Lombardia,45.304550,10.272106
017081,Gussago,017,Brescia,BS,Lombardia,45.590218,10.151220
017082,Idro,017,Brescia,BS,Lombardia,45.756116,10.497565
017083,Incudine,017,Brescia,BS,Lombardia,46.228846,10.364597
017084,Irma,017,Brescia,BS,Lombardia,45.774801,10.299314
017085,Iseo,017,Brescia,BS,Lombardia,45.663049,10.042129
017086,Isorella,017,Brescia,BS,Lombardia,45.307425,10.315726
017087,Lavenone,017,Brescia,BS,Lombardia,45.765192,10.428528
017088,Leno,017,Brescia,BS,Lombardia,45.361096,10.218465
017089,Limone sul Garda,017,Brescia,BS,Lombardia,45.820315,10.794395
017090,Lodrino,017,Brescia,BS,Lombardia,45.714369,10.270759
017091,Lograto,017,Brescia,BS,Lombardia,45.487516,10.068747
017092,Lonato del Garda,017,Brescia,BS,Lombardia,45.442605,10.499780
017093,Longhena,017,Brescia,BS,Lombardia,45.434620,10.060544
017094,Losine,017,Brescia,BS,Lombardia,45.979705,10.308144
017095,Lozio,017,Brescia,BS,Lombardia,45.996176,10.248267
017096,Lumezzane,017,Brescia,BS,Lombardia,45.648562,10.269529
017097,Maclodio,017,Brescia,BS,Lombardia,45.480802,10.040323
017098,Magasa,017,Brescia,BS,Lombardia,45.782832,10.633897
017099,Mairano,017,Brescia,BS,Lombardia,45.455670,10.083430
017100,Malegno,017,Brescia,BS,Lombardia,45.959950,10.270722
017101,Malonno,017,Brescia,BS,Lombardia,46.122041,10.298205
017102,Manerba del Garda,017,Brescia,BS,Lombardia,45.552663,10.582383
017103,Manerbio,017,Brescia,BS,Lombardia,45.352423,10.146564
017104,Marcheno,017,Brescia,BS,Lombardia,45.710219,10.222090
017105,Marmentino,017,Brescia,BS,Lombardia,45.751882,10.288922
017106,Marone,017,Brescia,BS,Lombardia,45.746333,10.097497
017107,Mazzano,017,Brescia,BS,Lombardia,45.499610,10.354141
017108,Milzano,017,Brescia,BS,Lombardia,45.274544,10.192907
017109,Moniga del Garda,017,Brescia,BS,Lombardia,45.525610,10.574600
017110,Monno,017,Brescia,BS,Lombardia,46.234700,10.322018
017111,Monte Isola,017,Brescia,BS,Lombardia,45.709051,10.080063
017112,Monticelli Brusati,017,Brescia,BS,Lombardia,45.635113,10.097710
017113,Montichiari,017,Brescia,BS,Lombardia,45.411198,10.381967
017114,Montirone,017,Brescia,BS,Lombardia,45.445612,10.232791
017115,Mura,017,Brescia,BS,Lombardia,45.715181,10.341443
017116,Muscoline,017,Brescia,BS,Lombardia,45.557959,10.467285
017117,Nave,017,Brescia,BS,Lombardia,45.589858,10.287629
017118,Niardo,017,Brescia,BS,Lombardia,45.959121,10.365376
017119,Nuvolento,017,Brescia,BS,Lombardia,45.541312,10.387631
017120,Nuvolera,017,Brescia,BS,Lombardia,45.534061,10.366115
017121,Odolo,017,Brescia,BS,Lombardia,45.639049,10.387944
017122,Offlaga,017,Brescia,BS,Lombardia,45.382664,10.111025
017123,Ome,017,Brescia,BS,Lombardia,45.629665,10.124370
017124,Ono San Pietro,017,Brescia,BS,Lombardia,46.033326,10.292853
017125,Orzinuovi,017,Brescia,BS,Lombardia,45.397875,9.936426
017126,Orzivecchi,017,Brescia,BS,Lombardia,45.421203,9.964311
017127,Ospitaletto,017,Brescia,BS,Lombardia,45.551451,10.074949
017128,Ossimo,017,Brescia,BS,Lombardia,45.965758,10.230428
017129,Padenghe sul Garda,017,Brescia,BS,Lombardia,45.508223,10.545537
017130,Paderno Franciacorta,017,Brescia,BS,Lombardia,45.582825,10.084026
017131,Paisco Loveno,017,Brescia,BS,Lombardia,46.073751,10.235766
017132,Paitone,017,Brescia,BS,Lombardia,45.568589,10.397012
017133,Palazzolo sull'Oglio,017,Brescia,BS,Lombardia,45.592169,9.889963
017134,Paratico,017,Brescia,BS,Lombardia,45.656005,9.957385
017135,Paspardo,017,Brescia,BS,Lombardia,46.042549,10.382237
017136,Passirano,017,Brescia,BS,Lombardia,45.598662,10.061691
017137,Pavone del Mella,017,Brescia,BS,Lombardia,45.302825,10.218987
017138,San Paolo,017,Brescia,BS,Lombardia,45.374344,10.028430
017139,Pertica Alta,017,Brescia,BS,Lombardia,45.741424,10.342238
017140,Pertica Bassa,017,Brescia,BS,Lombardia,45.760586,10.377327
017141,Pezzaze,017,Brescia,BS,Lombardia,45.780472,10.224054
017142,Pian Camuno,017,Brescia,BS,Lombardia,45.830255,10.161990
017143,Pisogne,017,Brescia,BS,Lombardia,45.796840,10.137727
017144,Polaveno,017,Brescia,BS,Lombardia,45.663404,10.135954
017145,Polpenazze del Garda,017,Brescia,BS,Lombardia,45.546194,10.500425
017146,Pompiano,017,Brescia,BS,Lombardia,45.419181,9.993954
017147,Poncarale,017,Brescia,BS,Lombardia,45.458104,10.183140
017148,Ponte di Legno,017,Brescia,BS,Lombardia,46.278368,10.524347
017149,Pontevico,017,Brescia,BS,Lombardia,45.280197,10.101858
017150,Pontoglio,017,Brescia,BS,Lombardia,45.562173,9.856432
017151,Pozzolengo,017,Brescia,BS,Lombardia,45.409845,10.622657
017152,Pralboino,017,Brescia,BS,Lombardia,45.264302,10.232520
017153,Preseglie,017,Brescia,BS,Lombardia,45.668698,10.385246
017155,Prevalle,017,Brescia,BS,Lombardia,45.544080,10.420323
017156,Provaglio d'Iseo,017,Brescia,BS,Lombardia,45.632543,10.053637
017157,Provaglio Val Sabbia,017,Brescia,BS,Lombardia,45.687106,10.444080
017158,Puegnago del Garda,017,Brescia,BS,Lombardia,45.571043,10.510409
017159,Quinzano d'Oglio,017,Brescia,BS,Lombardia,45.312314,10.005369
017160,Remedello,017,Brescia,BS,Lombardia,45.274114,10.369192
017161,Rezzato,017,Brescia,BS,Lombardia,45.507554,10.316995
017162,Roccafranca,017,Brescia,BS,Lombardia,45.454857,9.917747
017163,Rodengo Saiano,017,Brescia,BS,Lombardia,45.593206,10.111255
017164,Roè Volciano,017,Brescia,BS,Lombardia,45.617733,10.496784
017165,Roncadelle,017,Brescia,BS,Lombardia,45.534705,10.142485
017166,Rovato,017,Brescia,BS,Lombardia,45.545538,10.010606
017167,Rudiano,017,Brescia,BS,Lombardia,45.487953,9.893237
017168,Sabbio Chiese,017,Brescia,BS,Lombardia,45.644375,10.431470
017169,Sale Marasino,017,Brescia,BS,Lombardia,45.710876,10.128050
017170,Salò,017,Brescia,BS,Lombardia,45.608039,10.540830
017171,San Felice del Benaco,017,Brescia,BS,Lombardia,45.586509,10.580469
017172,San Gervasio Bresciano,017,Brescia,BS,Lombardia,45.299692,10.153002
017173,San Zeno Naviglio,017,Brescia,BS,Lombardia,45.486668,10.215050
017174,Sarezzo,017,Brescia,BS,Lombardia,45.665157,10.202049
017175,Saviore dell'Adamello,017,Brescia,BS,Lombardia,46.115610,10.486469
017176,Sellero,017,Brescia,BS,Lombardia,46.065664,10.326702
017177,Seniga,017,Brescia,BS,Lombardia,45.246141,10.188543
017178,Serle,017,Brescia,BS,Lombardia,45.578592,10.358469
017179,Sirmione,017,Brescia,BS,Lombardia,45.478246,10.616563
017180,Soiano del Lago,017,Brescia,BS,Lombardia,45.531452,10.506563
017181,Sonico,017,Brescia,BS,Lombardia,46.141931,10.406229
017182,Sulzano,017,Brescia,BS,Lombardia,45.680771,10.109195
017183,Tavernole sul Mella,017,Brescia,BS,Lombardia,45.750901,10.212795
017184,Temù,017,Brescia,BS,Lombardia,46.253455,10.481134
017185,Tignale,017,Brescia,BS,Lombardia,45.746463,10.703673
017186,Torbole Casaglia,017,Brescia,BS,Lombardia,45.507256,10.113310
017187,Toscolano-Maderno,017,Brescia,BS,Lombardia,45.656905,10.608570
017188,Travagliato,017,Brescia,BS,Lombardia,45.522080,10.077683
017189,Tremosine sul Garda,017,Brescia,BS,Lombardia,45.798163,10.725720
017190,Trenzano,017,Brescia,BS,Lombardia,45.478336,10.003368
017191,Treviso Bresciano,017,Brescia,BS,Lombardia,45.712700,10.469067
017192,Urago d'Oglio,017,Brescia,BS,Lombardia,45.519026,9.872622
017193,Vallio Terme,017,Brescia,BS,Lombardia,45.611675,10.388069
017194,Valvestino,017,Brescia,BS,Lombardia,45.761941,10.592112
017195,Verolanuova,017,Brescia,BS,Lombardia,45.337582,10.078646
017196,Verolavecchia,017,Brescia,BS,Lombardia,45.314751,10.048026
017197,Vestone,017,Brescia,BS,Lombardia,45.709928,10.401470
017198,Vezza d'Oglio,017,Brescia,BS,Lombardia,46.267394,10.396589
017199,Villa Carcina,017,Brescia,BS,Lombardia,45.636244,10.191805
017200,Villachiara,017,Brescia,BS,Lombardia,45.354143,9.917407
017201,Villanuova sul Clisi,017,Brescia,BS,Lombardia,45.610544,10.464107
017202,Vione,017,Brescia,BS,Lombardia,46.260663,10.440889
017203,Visano,017,Brescia,BS,Lombardia,45.312420,10.366627
017204,Vobarno,017,Brescia,BS,Lombardia,45.671137,10.500961
017205,Zone,017,Brescia,BS,Lombardia,45.758832,10.131293
017206,Piancogno,017,Brescia,BS,Lombardia,45.930723,10.196826
018001,Alagna,018,Pavia,PV,Lombardia,45.166279,8.892155
018003,Albonese,018,Pavia,PV,Lombardia,45.289541,8.706972
018004,Albuzzano,018,Pavia,PV,Lombardia,45.188762,9.271498
018005,Arena Po,018,Pavia,PV,Lombardia,45.084171,9.377477
018006,Badia Pavese,018,Pavia,PV,Lombardia,45.123698,9.456526
018007,Bagnaria,018,Pavia,PV,Lombardia,44.825775,9.132223
018008,Barbianello,018,Pavia,PV,Lombardia,45.076348,9.202803
018009,Bascapè,018,Pavia,PV,Lombardia,45.303387,9.320224
018011,Bastida Pancarana,018,Pavia,PV,Lombardia,45.096987,9.088534
018012,Battuda,018,Pavia,PV,Lombardia,45.274174,9.063837
018013,Belgioioso,018,Pavia,PV,Lombardia,45.147144,9.305330
018014,Bereguardo,018,Pavia,PV,Lombardia,45.253075,9.014189
018015,Borgarello,018,Pavia,PV,Lombardia,45.240566,9.148746
018016,Borgo Priolo,018,Pavia,PV,Lombardia,44.955067,9.144852
018017,Borgoratto Mormorolo,018,Pavia,PV,Lombardia,44.941778,9.200464
018018,Borgo San Siro,018,Pavia,PV,Lombardia,45.244455,8.925716
018019,Bornasco,018,Pavia,PV,Lombardia,45.266805,9.212925
018020,Bosnasco,018,Pavia,PV,Lombardia,45.057380,9.366048
018021,Brallo di Pregola,018,Pavia,PV,Lombardia,44.720824,9.280860
018022,Breme,018,Pavia,PV,Lombardia,45.132735,8.622156
018023,Bressana Bottarone,018,Pavia,PV,Lombardia,45.081848,9.128931
018024,Broni,018,Pavia,PV,Lombardia,45.070628,9.250217
018025,Calvignano,018,Pavia,PV,Lombardia,44.983884,9.164828
018026,Campospinoso Albaredo,018,Pavia,PV,Lombardia,45.108663,9.244083
018027,Candia Lomellina,018,Pavia,PV,Lombardia,45.175281,8.585823
018029,Canneto Pavese,018,Pavia,PV,Lombardia,45.047123,9.283971
018030,Carbonara al Ticino,018,Pavia,PV,Lombardia,45.176660,9.080963
018031,Casanova Lonati,018,Pavia,PV,Lombardia,45.094599,9.213340
018032,Casatisma,018,Pavia,PV,Lombardia,45.053230,9.122519
018033,Casei Gerola,018,Pavia,PV,Lombardia,45.012259,8.932245
018034,Casorate Primo,018,Pavia,PV,Lombardia,45.306908,9.013021
018035,Cassolnovo,018,Pavia,PV,Lombardia,45.368445,8.802807
018036,Castana,018,Pavia,PV,Lombardia,45.023658,9.277966
018037,Casteggio,018,Pavia,PV,Lombardia,45.009192,9.132203
018038,Castelletto di Branduzzo,018,Pavia,PV,Lombardia,45.066209,9.091011
018039,Castello d'Agogna,018,Pavia,PV,Lombardia,45.230441,8.686624
018040,Castelnovetto,018,Pavia,PV,Lombardia,45.258529,8.624923
018041,Cava Manara,018,Pavia,PV,Lombardia,45.126918,9.119404
018042,Cecima,018,Pavia,PV,Lombardia,44.845560,9.074271
018043,Ceranova,018,Pavia,PV,Lombardia,45.256860,9.247316
018044,Ceretto Lomellina,018,Pavia,PV,Lombardia,45.250892,8.670227
018045,Cergnago,018,Pavia,PV,Lombardia,45.198350,8.764346
018046,Certosa di Pavia,018,Pavia,PV,Lombardia,45.250070,9.123424
018047,Cervesina,018,Pavia,PV,Lombardia,45.065146,9.010357
018048,Chignolo Po,018,Pavia,PV,Lombardia,45.146995,9.500056
018049,Cigognola,018,Pavia,PV,Lombardia,45.038487,9.247426
018050,Cilavegna,018,Pavia,PV,Lombardia,45.306260,8.748358
018051,Codevilla,018,Pavia,PV,Lombardia,44.964260,9.060857
018052,Confienza,018,Pavia,PV,Lombardia,45.334448,8.575279
018053,Copiano,018,Pavia,PV,Lombardia,45.195695,9.331010
018054,Corana,018,Pavia,PV,Lombardia,45.067166,8.971624
018057,Corvino San Quirico,018,Pavia,PV,Lombardia,45.017137,9.155301
018058,Costa de' Nobili,018,Pavia,PV,Lombardia,45.134205,9.390209
018059,Cozzo,018,Pavia,PV,Lombardia,45.207419,8.616787
018060,Cura Carpignano,018,Pavia,PV,Lombardia,45.206153,9.249210
018061,Dorno,018,Pavia,PV,Lombardia,45.148734,8.952784
018062,Ferrera Erbognone,018,Pavia,PV,Lombardia,45.103357,8.858031
018063,Filighera,018,Pavia,PV,Lombardia,45.177856,9.315043
018064,Fortunago,018,Pavia,PV,Lombardia,44.912542,9.182781
018065,Frascarolo,018,Pavia,PV,Lombardia,45.045593,8.686238
018066,Galliavola,018,Pavia,PV,Lombardia,45.095019,8.819429
018067,Gambarana,018,Pavia,PV,Lombardia,45.039928,8.765993
018068,Gambolò,018,Pavia,PV,Lombardia,45.258503,8.861905
018069,Garlasco,018,Pavia,PV,Lombardia,45.203836,8.932436
018071,Gerenzago,018,Pavia,PV,Lombardia,45.199509,9.362913
018072,Giussago,018,Pavia,PV,Lombardia,45.280998,9.151115
018073,Godiasco Salice Terme,018,Pavia,PV,Lombardia,44.889193,9.066821
018074,Golferenzo,018,Pavia,PV,Lombardia,44.960111,9.305897
018075,Gravellona Lomellina,018,Pavia,PV,Lombardia,45.336642,8.775033
018076,Gropello Cairoli,018,Pavia,PV,Lombardia,45.173818,8.996931
018077,Inverno e Monteleone,018,Pavia,PV,Lombardia,45.194087,9.396536
018078,Landriano,018,Pavia,PV,Lombardia,45.309676,9.271047
018079,Langosco,018,Pavia,PV,Lombardia,45.217896,8.558089
018080,Lardirago,018,Pavia,PV,Lombardia,45.239398,9.247246
018081,Linarolo,018,Pavia,PV,Lombardia,45.150013,9.254280
018083,Lomello,018,Pavia,PV,Lombardia,45.122253,8.785720
018084,Lungavilla,018,Pavia,PV,Lombardia,45.036089,9.081381
018085,Magherno,018,Pavia,PV,Lombardia,45.220112,9.332570
018086,Marcignago,018,Pavia,PV,Lombardia,45.247514,9.085331
018087,Marzano,018,Pavia,PV,Lombardia,45.248160,9.290341
018088,Mede,018,Pavia,PV,Lombardia,45.094994,8.738311
018089,Menconico,018,Pavia,PV,Lombardia,44.800084,9.276444
018090,Mezzana Bigli,018,Pavia,PV,Lombardia,45.065356,8.884260
018091,Mezzana Rabattone,018,Pavia,PV,Lombardia,45.098713,9.036755
018092,Mezzanino,018,Pavia,PV,Lombardia,45.127492,9.206697
018093,Miradolo Terme,018,Pavia,PV,Lombardia,45.174450,9.443918
018094,Montalto Pavese,018,Pavia,PV,Lombardia,44.978521,9.221728
018095,Montebello della Battaglia,018,Pavia,PV,Lombardia,45.003715,9.095126
018096,Montecalvo Versiggia,018,Pavia,PV,Lombardia,44.977899,9.275795
018097,Montescano,018,Pavia,PV,Lombardia,45.028643,9.291890
018098,Montesegale,018,Pavia,PV,Lombardia,44.904180,9.128092
018099,Monticelli Pavese,018,Pavia,PV,Lombardia,45.111334,9.516791
018100,Montù Beccaria,018,Pavia,PV,Lombardia,45.030603,9.320349
018101,Mornico Losana,018,Pavia,PV,Lombardia,45.006738,9.211428
018102,Mortara,018,Pavia,PV,Lombardia,45.250216,8.747856
018103,Nicorvo,018,Pavia,PV,Lombardia,45.284050,8.669163
018104,Olevano di Lomellina,018,Pavia,PV,Lombardia,45.208177,8.722115
018105,Oliva Gessi,018,Pavia,PV,Lombardia,45.000954,9.183687
018106,Ottobiano,018,Pavia,PV,Lombardia,45.153804,8.828597
018107,Palestro,018,Pavia,PV,Lombardia,45.294036,8.535472
018108,Pancarana,018,Pavia,PV,Lombardia,45.074966,9.048258
018109,Parona,018,Pavia,PV,Lombardia,45.283341,8.761289
018110,Pavia,018,Pavia,PV,Lombardia,45.197755,9.164924
018111,Pietra de' Giorgi,018,Pavia,PV,Lombardia,45.016897,9.240148
018112,Pieve Albignola,018,Pavia,PV,Lombardia,45.104356,8.965843
018113,Pieve del Cairo,018,Pavia,PV,Lombardia,45.058959,8.808825
018114,Pieve Porto Morone,018,Pavia,PV,Lombardia,45.107655,9.449368
018115,Pinarolo Po,018,Pavia,PV,Lombardia,45.080373,9.170459
018116,Pizzale,018,Pavia,PV,Lombardia,45.043425,9.056078
018117,Ponte Nizza,018,Pavia,PV,Lombardia,44.854747,9.115586
018118,Portalbera,018,Pavia,PV,Lombardia,45.096826,9.319134
018119,Rea,018,Pavia,PV,Lombardia,45.115828,9.155000
018120,Redavalle,018,Pavia,PV,Lombardia,45.046734,9.206263
018121,Retorbido,018,Pavia,PV,Lombardia,44.947443,9.044566
018122,Rivanazzano Terme,018,Pavia,PV,Lombardia,44.931286,9.018224
018123,Robbio,018,Pavia,PV,Lombardia,45.300691,8.610819
018124,Robecco Pavese,018,Pavia,PV,Lombardia,45.048767,9.149718
018125,Rocca de' Giorgi,018,Pavia,PV,Lombardia,44.955438,9.253667
018126,Rocca Susella,018,Pavia,PV,Lombardia,44.917313,9.095512
018127,Rognano,018,Pavia,PV,Lombardia,45.295611,9.087008
018128,Romagnese,018,Pavia,PV,Lombardia,44.833950,9.324290
018129,Roncaro,018,Pavia,PV,Lombardia,45.228660,9.269753
018130,Rosasco,018,Pavia,PV,Lombardia,45.252957,8.566735
018131,Rovescala,018,Pavia,PV,Lombardia,45.008855,9.348438
018133,San Cipriano Po,018,Pavia,PV,Lombardia,45.113571,9.285100
018134,San Damiano al Colle,018,Pavia,PV,Lombardia,45.031428,9.353635
018135,San Genesio ed Uniti,018,Pavia,PV,Lombardia,45.237719,9.190047
018136,San Giorgio di Lomellina,018,Pavia,PV,Lombardia,45.174441,8.784359
018137,San Martino Siccomario,018,Pavia,PV,Lombardia,45.159011,9.117347
018138,Sannazzaro de' Burgondi,018,Pavia,PV,Lombardia,45.097236,8.912974
018139,Santa Cristina e Bissone,018,Pavia,PV,Lombardia,45.155483,9.419148
018140,Santa Giuletta,018,Pavia,PV,Lombardia,45.037170,9.185548
018141,Sant'Alessio con Vialone,018,Pavia,PV,Lombardia,45.224185,9.228367
018142,Santa Margherita di Staffora,018,Pavia,PV,Lombardia,44.742922,9.233614
018143,Santa Maria della Versa,018,Pavia,PV,Lombardia,44.988160,9.309108
018144,Sant'Angelo Lomellina,018,Pavia,PV,Lombardia,45.238549,8.644865
018145,San Zenone al Po,018,Pavia,PV,Lombardia,45.112348,9.370726
018146,Sartirana Lomellina,018,Pavia,PV,Lombardia,45.107102,8.664586
018147,Scaldasole,018,Pavia,PV,Lombardia,45.131424,8.901923
018148,Semiana,018,Pavia,PV,Lombardia,45.137938,8.726677
018149,Silvano Pietra,018,Pavia,PV,Lombardia,45.047605,8.947830
018150,Siziano,018,Pavia,PV,Lombardia,45.311795,9.210594
018151,Sommo,018,Pavia,PV,Lombardia,45.122273,9.079078
018152,Spessa,018,Pavia,PV,Lombardia,45.118712,9.333857
018153,Stradella,018,Pavia,PV,Lombardia,45.075899,9.305133
018154,Suardi,018,Pavia,PV,Lombardia,45.028314,8.743495
018155,Torrazza Coste,018,Pavia,PV,Lombardia,44.961398,9.092142
018156,Torre Beretti e Castellaro,018,Pavia,PV,Lombardia,45.072674,8.686738
018157,Torre d'Arese,018,Pavia,PV,Lombardia,45.237276,9.317891
018158,Torre de' Negri,018,Pavia,PV,Lombardia,45.146399,9.338291
018159,Torre d'Isola,018,Pavia,PV,Lombardia,45.224207,9.070131
018160,Torrevecchia Pia,018,Pavia,PV,Lombardia,45.276311,9.293221
018161,Torricella Verzate,018,Pavia,PV,Lombardia,45.021803,9.170332
018162,Travacò Siccomario,018,Pavia,PV,Lombardia,45.149203,9.173330
018163,Trivolzio,018,Pavia,PV,Lombardia,45.261091,9.047151
018164,Tromello,018,Pavia,PV,Lombardia,45.208361,8.853129
018165,Trovo,018,Pavia,PV,Lombardia,45.287833,9.040005
018166,Val di Nizza,018,Pavia,PV,Lombardia,44.872421,9.184080
018167,Valeggio,018,Pavia,PV,Lombardia,45.149470,8.868495
018168,Valle Lomellina,018,Pavia,PV,Lombardia,45.156693,8.672207
018169,Valle Salimbene,018,Pavia,PV,Lombardia,45.165498,9.232456
018171,Varzi,018,Pavia,PV,Lombardia,44.812949,9.205393
018172,Velezzo Lomellina,018,Pavia,PV,Lombardia,45.159044,8.738091
018173,Vellezzo Bellini,018,Pavia,PV,Lombardia,45.273603,9.103626
018174,Verretto,018,Pavia,PV,Lombardia,45.041184,9.108050
018175,Verrua Po,018,Pavia,PV,Lombardia,45.110810,9.175159
018176,Vidigulfo,018,Pavia,PV,Lombardia,45.289894,9.237918
018177,Vigevano,018,Pavia,PV,Lombardia,45.307774,8.868177
018178,Villa Biscossi,018,Pavia,PV,Lombardia,45.086713,8.786766
018179,Villanova d'Ardenghi,018,Pavia,PV,Lombardia,45.165395,9.039561
018180,Villanterio,018,Pavia,PV,Lombardia,45.225690,9.364260
018181,Vistarino,018,Pavia,PV,Lombardia,45.210272,9.306773
018182,Voghera,018,Pavia,PV,Lombardia,45.008268,9.013466
018183,Volpara,018,Pavia,PV,Lombardia,44.946537,9.304467
018184,Zavattarello,018,Pavia,PV,Lombardia,44.866796,9.276970
018185,Zeccone,018,Pavia,PV,Lombardia,45.259449,9.190086
018186,Zeme,018,Pavia,PV,Lombardia,45.192988,8.674877
018187,Zenevredo,018,Pavia,PV,Lombardia,45.056307,9.337825
018188,Zerbo,018,Pavia,PV,Lombardia,45.106731,9.400697
018189,Zerbolò,018,Pavia,PV,Lombardia,45.213125,9.019285
018190,Zinasco,018,Pavia,PV,Lombardia,45.120069,9.024395
018191,Cornale e Bastida,018,Pavia,PV,Lombardia,45.045231,8.915211
018192,Corteolona e Genzone,018,Pavia,PV,Lombardia,45.167210,9.364605
018193,Colli Verdi,018,Pavia,PV,Lombardia,44.904792,9.249308
019001,Acquanegra Cremonese,019,Cremona,CR,Lombardia,45.174507,9.891072
019002,Agnadello,019,Cremona,CR,Lombardia,45.443013,9.559034
019003,Annicco,019,Cremona,CR,Lombardia,45.252697,9.882781
019004,Azzanello,019,Cremona,CR,Lombardia,45.312679,9.918616
019005,Bagnolo Cremasco,019,Cremona,CR,Lombardia,45.365253,9.613564
019006,Bonemerse,019,Cremona,CR,Lombardia,45.107987,10.090556
019007,Bordolano,019,Cremona,CR,Lombardia,45.289226,9.978744
019009,Calvatone,019,Cremona,CR,Lombardia,45.130447,10.452395
019010,Camisano,019,Cremona,CR,Lombardia,45.445066,9.748175
019011,Campagnola Cremasca,019,Cremona,CR,Lombardia,45.400655,9.672363
019012,Capergnanica,019,Cremona,CR,Lombardia,45.333713,9.643464
019013,Cappella Cantone,019,Cremona,CR,Lombardia,45.245562,9.833951
019014,Cappella de' Picenardi,019,Cremona,CR,Lombardia,45.145232,10.232896
019015,Capralba,019,Cremona,CR,Lombardia,45.435778,9.642575
019016,Casalbuttano ed Uniti,019,Cremona,CR,Lombardia,45.249414,9.963530
019017,Casale Cremasco-Vidolasco,019,Cremona,CR,Lombardia,45.440608,9.717790
019018,Casaletto Ceredano,019,Cremona,CR,Lombardia,45.313701,9.621191
019019,Casaletto di Sopra,019,Cremona,CR,Lombardia,45.415323,9.791673
019020,Casaletto Vaprio,019,Cremona,CR,Lombardia,45.409912,9.642145
019021,Casalmaggiore,019,Cremona,CR,Lombardia,44.986981,10.454197
019022,Casalmorano,019,Cremona,CR,Lombardia,45.287815,9.905951
019023,Casteldidone,019,Cremona,CR,Lombardia,45.065108,10.402102
019024,Castel Gabbiano,019,Cremona,CR,Lombardia,45.469642,9.717278
019025,Castelleone,019,Cremona,CR,Lombardia,45.291484,9.772097
019026,Castelverde,019,Cremona,CR,Lombardia,45.199821,9.989917
019027,Castelvisconti,019,Cremona,CR,Lombardia,45.301253,9.947693
019028,Cella Dati,019,Cremona,CR,Lombardia,45.086255,10.214255
019029,Chieve,019,Cremona,CR,Lombardia,45.338110,9.612831
019030,Cicognolo,019,Cremona,CR,Lombardia,45.163574,10.203202
019031,Cingia de' Botti,019,Cremona,CR,Lombardia,45.080032,10.268507
019032,Corte de' Cortesi con Cignone,019,Cremona,CR,Lombardia,45.266972,10.004725
019033,Corte de' Frati,019,Cremona,CR,Lombardia,45.227078,10.106013
019034,Credera Rubbiano,019,Cremona,CR,Lombardia,45.298477,9.651734
019035,Crema,019,Cremona,CR,Lombardia,45.366084,9.683039
019036,Cremona,019,Cremona,CR,Lombardia,45.140922,10.029772
019037,Cremosano,019,Cremona,CR,Lombardia,45.388901,9.645457
019038,Crotta d'Adda,019,Cremona,CR,Lombardia,45.155402,9.866352
019039,Cumignano sul Naviglio,019,Cremona,CR,Lombardia,45.349340,9.839816
019040,Derovere,019,Cremona,CR,Lombardia,45.111759,10.244957
019041,Dovera,019,Cremona,CR,Lombardia,45.365919,9.537938
019043,Fiesco,019,Cremona,CR,Lombardia,45.334351,9.777021
019044,Formigara,019,Cremona,CR,Lombardia,45.232012,9.757029
019045,Gabbioneta-Binanuova,019,Cremona,CR,Lombardia,45.218513,10.203648
019046,Gadesco-Pieve Delmona,019,Cremona,CR,Lombardia,45.163901,10.120511
019047,Genivolta,019,Cremona,CR,Lombardia,45.338942,9.875617
019048,Gerre de' Caprioli,019,Cremona,CR,Lombardia,45.088876,10.037626
019049,Gombito,019,Cremona,CR,Lombardia,45.253944,9.736063
019050,Grontardo,019,Cremona,CR,Lombardia,45.202282,10.142677
019051,Grumello Cremonese ed Uniti,019,Cremona,CR,Lombardia,45.202681,9.862940
019052,Gussola,019,Cremona,CR,Lombardia,45.008546,10.343316
019053,Isola Dovarese,019,Cremona,CR,Lombardia,45.170114,10.311209
019054,Izano,019,Cremona,CR,Lombardia,45.354340,9.752236
019055,Madignano,019,Cremona,CR,Lombardia,45.336931,9.723134
019056,Malagnino,019,Cremona,CR,Lombardia,45.130233,10.116804
019057,Martignana di Po,019,Cremona,CR,Lombardia,45.005585,10.374937
019058,Monte Cremasco,019,Cremona,CR,Lombardia,45.375644,9.569942
019059,Montodine,019,Cremona,CR,Lombardia,45.278127,9.700097
019060,Moscazzano,019,Cremona,CR,Lombardia,45.291870,9.678903
019061,Motta Baluffi,019,Cremona,CR,Lombardia,45.049208,10.239712
019062,Offanengo,019,Cremona,CR,Lombardia,45.385922,9.749760
019063,Olmeneta,019,Cremona,CR,Lombardia,45.239560,10.028264
019064,Ostiano,019,Cremona,CR,Lombardia,45.225119,10.259056
019065,Paderno Ponchielli,019,Cremona,CR,Lombardia,45.230202,9.926704
019066,Palazzo Pignano,019,Cremona,CR,Lombardia,45.399857,9.582333
019067,Pandino,019,Cremona,CR,Lombardia,45.410441,9.538812
019068,Persico Dosimo,019,Cremona,CR,Lombardia,45.183244,10.083946
019069,Pescarolo ed Uniti,019,Cremona,CR,Lombardia,45.193460,10.198556
019070,Pessina Cremonese,019,Cremona,CR,Lombardia,45.182146,10.261324
019072,Pianengo,019,Cremona,CR,Lombardia,45.403677,9.697082
019073,Pieranica,019,Cremona,CR,Lombardia,45.429046,9.609095
019074,Pieve d'Olmi,019,Cremona,CR,Lombardia,45.079222,10.133680
019075,Pieve San Giacomo,019,Cremona,CR,Lombardia,45.126765,10.192343
019076,Pizzighettone,019,Cremona,CR,Lombardia,45.191602,9.805031
019077,Pozzaglio ed Uniti,019,Cremona,CR,Lombardia,45.212666,10.047042
019078,Quintano,019,Cremona,CR,Lombardia,45.421169,9.621082
019079,Ricengo,019,Cremona,CR,Lombardia,45.409952,9.737156
019080,Ripalta Arpina,019,Cremona,CR,Lombardia,45.290042,9.723585
019081,Ripalta Cremasca,019,Cremona,CR,Lombardia,45.327966,9.681882
019082,Ripalta Guerina,019,Cremona,CR,Lombardia,45.306564,9.706069
019083,Rivarolo del Re ed Uniti,019,Cremona,CR,Lombardia,45.036173,10.470118
019084,Rivolta d'Adda,019,Cremona,CR,Lombardia,45.459964,9.513296
019085,Robecco d'Oglio,019,Cremona,CR,Lombardia,45.258008,10.059244
019086,Romanengo,019,Cremona,CR,Lombardia,45.383575,9.787647
019087,Salvirola,019,Cremona,CR,Lombardia,45.357019,9.790425
019088,San Bassano,019,Cremona,CR,Lombardia,45.238811,9.801070
019089,San Daniele Po,019,Cremona,CR,Lombardia,45.055168,10.179752
019090,San Giovanni in Croce,019,Cremona,CR,Lombardia,45.076566,10.378395
019091,San Martino del Lago,019,Cremona,CR,Lombardia,45.078939,10.314971
019092,Scandolara Ravara,019,Cremona,CR,Lombardia,45.048182,10.311576
019093,Scandolara Ripa d'Oglio,019,Cremona,CR,Lombardia,45.226572,10.152322
019094,Sergnano,019,Cremona,CR,Lombardia,45.431494,9.689486
019095,Sesto ed Uniti,019,Cremona,CR,Lombardia,45.182866,9.925778
019096,Solarolo Rainerio,019,Cremona,CR,Lombardia,45.073047,10.350853
019097,Soncino,019,Cremona,CR,Lombardia,45.406793,9.852424
019098,Soresina,019,Cremona,CR,Lombardia,45.290663,9.851219
019099,Sospiro,019,Cremona,CR,Lombardia,45.107721,10.160720
019100,Spinadesco,019,Cremona,CR,Lombardia,45.132399,9.932929
019101,Spineda,019,Cremona,CR,Lombardia,45.060445,10.516059
019102,Spino d'Adda,019,Cremona,CR,Lombardia,45.393956,9.486812
019103,Stagno Lombardo,019,Cremona,CR,Lombardia,45.061821,10.089588
019104,Ticengo,019,Cremona,CR,Lombardia,45.381370,9.821636
019105,Torlino Vimercati,019,Cremona,CR,Lombardia,45.427558,9.593981
019106,Tornata,019,Cremona,CR,Lombardia,45.104152,10.436594
019107,Torre de' Picenardi,019,Cremona,CR,Lombardia,45.130497,10.290578
019108,Torricella del Pizzo,019,Cremona,CR,Lombardia,45.019135,10.284139
019109,Trescore Cremasco,019,Cremona,CR,Lombardia,45.398767,9.616052
019110,Trigolo,019,Cremona,CR,Lombardia,45.326838,9.818245
019111,Vaiano Cremasco,019,Cremona,CR,Lombardia,45.374102,9.592277
019112,Vailate,019,Cremona,CR,Lombardia,45.456686,9.596847
019113,Vescovato,019,Cremona,CR,Lombardia,45.163046,10.167139
019114,Volongo,019,Cremona,CR,Lombardia,45.206129,10.300217
019115,Voltido,019,Cremona,CR,Lombardia,45.108707,10.335147
019116,Piadena Drizzona,019,Cremona,CR,Lombardia,45.131413,10.369859
020001,Acquanegra sul Chiese,020,Mantova,MN,Lombardia,45.156804,10.454435
020002,Asola,020,Mantova,MN,Lombardia,45.219366,10.430005
020003,Bagnolo San Vito,020,Mantova,MN,Lombardia,45.079461,10.881944
020007,Bozzolo,020,Mantova,MN,Lombardia,45.106662,10.486815
020008,Canneto sull'Oglio,020,Mantova,MN,Lombardia,45.166472,10.381360
020010,Casalmoro,020,Mantova,MN,Lombardia,45.269902,10.412613
020011,Casaloldo,020,Mantova,MN,Lombardia,45.254993,10.486079
020012,Casalromano,020,Mantova,MN,Lombardia,45.197656,10.347104
020013,Castelbelforte,020,Mantova,MN,Lombardia,45.217736,10.894544
020014,Castel d'Ario,020,Mantova,MN,Lombardia,45.176298,10.971185
020015,Castel Goffredo,020,Mantova,MN,Lombardia,45.296133,10.478356
020016,Castellucchio,020,Mantova,MN,Lombardia,45.148237,10.633430
020017,Castiglione delle Stiviere,020,Mantova,MN,Lombardia,45.378851,10.494715
020018,Cavriana,020,Mantova,MN,Lombardia,45.346575,10.605225
020019,Ceresara,020,Mantova,MN,Lombardia,45.254083,10.559763
020020,Commessaggio,020,Mantova,MN,Lombardia,45.036694,10.566107
020021,Curtatone,020,Mantova,MN,Lombardia,45.106939,10.715024
020022,Dosolo,020,Mantova,MN,Lombardia,44.963858,10.640610
020024,Gazoldo degli Ippoliti,020,Mantova,MN,Lombardia,45.193898,10.565347
020025,Gazzuolo,020,Mantova,MN,Lombardia,45.070421,10.566384
020026,Goito,020,Mantova,MN,Lombardia,45.250360,10.660936
020027,Gonzaga,020,Mantova,MN,Lombardia,44.954339,10.831495
020028,Guidizzolo,020,Mantova,MN,Lombardia,45.308777,10.570891
020029,Magnacavallo,020,Mantova,MN,Lombardia,45.002631,11.181303
020030,Mantova,020,Mantova,MN,Lombardia,45.149209,10.806947
020031,Marcaria,020,Mantova,MN,Lombardia,45.104380,10.597088
020032,Mariana Mantovana,020,Mantova,MN,Lombardia,45.186095,10.489814
020033,Marmirolo,020,Mantova,MN,Lombardia,45.240967,10.745784
020034,Medole,020,Mantova,MN,Lombardia,45.329195,10.521899
020035,Moglia,020,Mantova,MN,Lombardia,44.950913,10.926172
020036,Monzambano,020,Mantova,MN,Lombardia,45.379905,10.667867
020037,Motteggiana,020,Mantova,MN,Lombardia,45.034499,10.763893
020038,Ostiglia,020,Mantova,MN,Lombardia,45.085794,11.150791
020039,Pegognaga,020,Mantova,MN,Lombardia,44.997950,10.862330
020041,Piubega,020,Mantova,MN,Lombardia,45.219641,10.526090
020042,Poggio Rusco,020,Mantova,MN,Lombardia,44.963495,11.158118
020043,Pomponesco,020,Mantova,MN,Lombardia,44.939506,10.595308
020044,Ponti sul Mincio,020,Mantova,MN,Lombardia,45.411001,10.689643
020045,Porto Mantovano,020,Mantova,MN,Lombardia,45.192348,10.755753
020046,Quingentole,020,Mantova,MN,Lombardia,45.033622,11.047398
020047,Quistello,020,Mantova,MN,Lombardia,45.000575,10.994392
020048,Redondesco,020,Mantova,MN,Lombardia,45.172469,10.517435
020050,Rivarolo Mantovano,020,Mantova,MN,Lombardia,45.068913,10.448029
020051,Rodigo,020,Mantova,MN,Lombardia,45.195118,10.641917
020052,Roncoferraro,020,Mantova,MN,Lombardia,45.122904,10.948565
020053,Roverbella,020,Mantova,MN,Lombardia,45.261318,10.807557
020054,Sabbioneta,020,Mantova,MN,Lombardia,45.007054,10.515504
020055,San Benedetto Po,020,Mantova,MN,Lombardia,45.034393,10.930005
020056,San Giacomo delle Segnate,020,Mantova,MN,Lombardia,44.967982,11.017016
020057,San Giorgio Bigarello,020,Mantova,MN,Lombardia,45.183453,10.883720
020058,San Giovanni del Dosso,020,Mantova,MN,Lombardia,44.971229,11.065396
020059,San Martino dall'Argine,020,Mantova,MN,Lombardia,45.094950,10.529289
020060,Schivenoglia,020,Mantova,MN,Lombardia,45.001417,11.068685
020061,Sermide e Felonica,020,Mantova,MN,Lombardia,44.978360,11.295120
020062,Serravalle a Po,020,Mantova,MN,Lombardia,45.075080,11.080084
020063,Solferino,020,Mantova,MN,Lombardia,45.368547,10.556349
020064,Sustinente,020,Mantova,MN,Lombardia,45.080268,11.025386
020065,Suzzara,020,Mantova,MN,Lombardia,45.004148,10.743615
020066,Viadana,020,Mantova,MN,Lombardia,44.976595,10.582224
020068,Villimpenta,020,Mantova,MN,Lombardia,45.137703,11.015437
020070,Volta Mantovana,020,Mantova,MN,Lombardia,45.314149,10.665304
020071,Borgo Virgilio,020,Mantova,MN,Lombardia,45.081859,10.786614
020072,Borgo Mantovano,020,Mantova,MN,Lombardia,45.026813,11.115241
020073,Borgocarbonara,020,Mantova,MN,Lombardia,45.032631,11.218060
021001,Aldino,021,Bolzano/Bozen,BZ,Trentino-Alto Adige/Südtirol,46.359572,11.392341
021002,Andriano,021,Bolzano/Bozen,BZ,Trentino-Alto Adige/Südtirol,46.518580,11.231409
021003,Anterivo,021,Bolzano/Bozen,BZ,Trentino-Alto Adige/Südtirol,46.279348,11.367902
021004,Appiano sulla strada del vino,021,Bolzano/Bozen,BZ,Trentino-Alto Adige/Südtirol,46.467345,11.256055
021005,Avelengo,021,Bolzano/Bozen,BZ,Trentino-Alto Adige/Südtirol,46.658710,11.249679
021006,Badia,021,Bolzano/Bozen,BZ,Trentino-Alto Adige/Südtirol,46.582271,11.920433
021007,Barbiano,021,Bolzano/Bozen,BZ,Trentino-Alto Adige/Südtirol,46.606710,11.491997
021008,Bolzano,021,Bolzano/Bozen,BZ,Trentino-Alto Adige/Südtirol,46.485757,11.348622
021009,Braies,021,Bolzano/Bozen,BZ,Trentino-Alto Adige/Südtirol,46.687372,12.122066
021010,Brennero,021,Bolzano/Bozen,BZ,Trentino-Alto Adige/Südtirol,46.962721,11.398581
021011,Bressanone,021,Bolzano/Bozen,BZ,Trentino-Alto Adige/Südtirol,46.699715,11.683998
021012,Bronzolo,021,Bolzano/Bozen,BZ,Trentino-Alto Adige/Südtirol,46.398259,11.319310
021013,Brunico,021,Bolzano/Bozen,BZ,Trentino-Alto Adige/Südtirol,46.790757,11.948843
021014,Caines,021,Bolzano/Bozen,BZ,Trentino-Alto Adige/Südtirol,46.701322,11.169200
021015,Caldaro sulla strada del vino,021,Bolzano/Bozen,BZ,Trentino-Alto Adige/Südtirol,46.393385,11.245711
021016,Campo di Trens,021,Bolzano/Bozen,BZ,Trentino-Alto Adige/Südtirol,46.858611,11.510194
021017,Campo Tures,021,Bolzano/Bozen,BZ,Trentino-Alto Adige/Südtirol,46.930659,12.037801
021018,Castelbello-Ciardes,021,Bolzano/Bozen,BZ,Trentino-Alto Adige/Südtirol,46.625635,10.929597
021019,Castelrotto,021,Bolzano/Bozen,BZ,Trentino-Alto Adige/Südtirol,46.546557,11.612784
021020,Cermes,021,Bolzano/Bozen,BZ,Trentino-Alto Adige/Südtirol,46.633743,11.135109
021021,Chienes,021,Bolzano/Bozen,BZ,Trentino-Alto Adige/Südtirol,46.814508,11.823672
021022,Chiusa,021,Bolzano/Bozen,BZ,Trentino-Alto Adige/Südtirol,46.671145,11.539930
021023,Cornedo all'Isarco,021,Bolzano/Bozen,BZ,Trentino-Alto Adige/Südtirol,46.466265,11.462332
021024,Cortaccia sulla strada del vino,021,Bolzano/Bozen,BZ,Trentino-Alto Adige/Südtirol,46.305788,11.201269
021025,Cortina sulla strada del vino,021,Bolzano/Bozen,BZ,Trentino-Alto Adige/Südtirol,46.266399,11.222950
021026,Corvara in Badia,021,Bolzano/Bozen,BZ,Trentino-Alto Adige/Südtirol,46.544647,11.856774
021027,Curon Venosta,021,Bolzano/Bozen,BZ,Trentino-Alto Adige/Südtirol,46.808873,10.579537
021028,Dobbiaco,021,Bolzano/Bozen,BZ,Trentino-Alto Adige/Südtirol,46.696679,12.237475
021029,Egna,021,Bolzano/Bozen,BZ,Trentino-Alto Adige/Südtirol,46.295591,11.268746
021030,Falzes,021,Bolzano/Bozen,BZ,Trentino-Alto Adige/Südtirol,46.830610,11.879479
021031,Fiè allo Sciliar,021,Bolzano/Bozen,BZ,Trentino-Alto Adige/Südtirol,46.508033,11.520343
021032,Fortezza,021,Bolzano/Bozen,BZ,Trentino-Alto Adige/Südtirol,46.799087,11.558748
021033,Funes,021,Bolzano/Bozen,BZ,Trentino-Alto Adige/Südtirol,46.639495,11.713106
021034,Gais,021,Bolzano/Bozen,BZ,Trentino-Alto Adige/Südtirol,46.857070,11.978774
021035,Gargazzone,021,Bolzano/Bozen,BZ,Trentino-Alto Adige/Südtirol,46.577416,11.202807
021036,Glorenza,021,Bolzano/Bozen,BZ,Trentino-Alto Adige/Südtirol,46.655544,10.545332
021037,Laces,021,Bolzano/Bozen,BZ,Trentino-Alto Adige/Südtirol,46.601347,10.857449
021038,Lagundo,021,Bolzano/Bozen,BZ,Trentino-Alto Adige/Südtirol,46.677632,11.098708
021039,Laion,021,Bolzano/Bozen,BZ,Trentino-Alto Adige/Südtirol,46.612148,11.597068
021040,Laives,021,Bolzano/Bozen,BZ,Trentino-Alto Adige/Südtirol,46.438441,11.345066
021041,Lana,021,Bolzano/Bozen,BZ,Trentino-Alto Adige/Südtirol,46.603401,11.144243
021042,Lasa,021,Bolzano/Bozen,BZ,Trentino-Alto Adige/Südtirol,46.605971,10.668975
021043,Lauregno,021,Bolzano/Bozen,BZ,Trentino-Alto Adige/Südtirol,46.474951,11.051229
021044,Luson,021,Bolzano/Bozen,BZ,Trentino-Alto Adige/Südtirol,46.733138,11.770958
021045,Magrè sulla strada del vino,021,Bolzano/Bozen,BZ,Trentino-Alto Adige/Südtirol,46.273694,11.199747
021046,Malles Venosta,021,Bolzano/Bozen,BZ,Trentino-Alto Adige/Südtirol,46.722913,10.585528
021047,Marebbe,021,Bolzano/Bozen,BZ,Trentino-Alto Adige/Südtirol,46.665156,11.973996
021048,Marlengo,021,Bolzano/Bozen,BZ,Trentino-Alto Adige/Südtirol,46.652822,11.129444
021049,Martello,021,Bolzano/Bozen,BZ,Trentino-Alto Adige/Südtirol,46.514495,10.721164
021050,Meltina,021,Bolzano/Bozen,BZ,Trentino-Alto Adige/Südtirol,46.586016,11.263390
021051,Merano,021,Bolzano/Bozen,BZ,Trentino-Alto Adige/Südtirol,46.656168,11.182403
021052,Monguelfo-Tesido,021,Bolzano/Bozen,BZ,Trentino-Alto Adige/Südtirol,46.776532,12.117548
021053,Montagna sulla strada del vino,021,Bolzano/Bozen,BZ,Trentino-Alto Adige/Südtirol,46.321720,11.315793
021054,Moso in Passiria,021,Bolzano/Bozen,BZ,Trentino-Alto Adige/Südtirol,46.835494,11.128117
021055,Nalles,021,Bolzano/Bozen,BZ,Trentino-Alto Adige/Südtirol,46.533948,11.201793
021056,Naturno,021,Bolzano/Bozen,BZ,Trentino-Alto Adige/Südtirol,46.641555,11.001718
021057,Naz-Sciaves,021,Bolzano/Bozen,BZ,Trentino-Alto Adige/Südtirol,46.764641,11.666432
021058,Nova Levante,021,Bolzano/Bozen,BZ,Trentino-Alto Adige/Südtirol,46.424135,11.563917
021059,Nova Ponente,021,Bolzano/Bozen,BZ,Trentino-Alto Adige/Südtirol,46.403725,11.457039
021060,Ora,021,Bolzano/Bozen,BZ,Trentino-Alto Adige/Südtirol,46.363248,11.305102
021061,Ortisei,021,Bolzano/Bozen,BZ,Trentino-Alto Adige/Südtirol,46.590730,11.688168
021062,Parcines,021,Bolzano/Bozen,BZ,Trentino-Alto Adige/Südtirol,46.698139,11.044658
021063,Perca,021,Bolzano/Bozen,BZ,Trentino-Alto Adige/Südtirol,46.825022,12.024371
021064,Plaus,021,Bolzano/Bozen,BZ,Trentino-Alto Adige/Südtirol,46.643591,11.051504
021065,Ponte Gardena,021,Bolzano/Bozen,BZ,Trentino-Alto Adige/Südtirol,46.592356,11.538075
021066,Postal,021,Bolzano/Bozen,BZ,Trentino-Alto Adige/Südtirol,46.604966,11.196615
021067,Prato allo Stelvio,021,Bolzano/Bozen,BZ,Trentino-Alto Adige/Südtirol,46.605746,10.573381
021068,Predoi,021,Bolzano/Bozen,BZ,Trentino-Alto Adige/Südtirol,47.046901,12.140445
021069,Proves,021,Bolzano/Bozen,BZ,Trentino-Alto Adige/Südtirol,46.488325,11.016933
021070,Racines,021,Bolzano/Bozen,BZ,Trentino-Alto Adige/Südtirol,46.887019,11.304020
021071,Rasun-Anterselva,021,Bolzano/Bozen,BZ,Trentino-Alto Adige/Südtirol,46.845029,12.110159
021072,Renon,021,Bolzano/Bozen,BZ,Trentino-Alto Adige/Südtirol,46.553652,11.435963
021073,Rifiano,021,Bolzano/Bozen,BZ,Trentino-Alto Adige/Südtirol,46.747283,11.148640
021074,Rio di Pusteria,021,Bolzano/Bozen,BZ,Trentino-Alto Adige/Südtirol,46.852607,11.634512
021075,Rodengo,021,Bolzano/Bozen,BZ,Trentino-Alto Adige/Südtirol,46.787044,11.724564
021076,Salorno sulla strada del vino,021,Bolzano/Bozen,BZ,Trentino-Alto Adige/Südtirol,46.250767,11.241363
021077,San Candido,021,Bolzano/Bozen,BZ,Trentino-Alto Adige/Südtirol,46.713857,12.307354
021079,San Genesio Atesino,021,Bolzano/Bozen,BZ,Trentino-Alto Adige/Südtirol,46.561573,11.321949
021080,San Leonardo in Passiria,021,Bolzano/Bozen,BZ,Trentino-Alto Adige/Südtirol,46.798033,11.275396
021081,San Lorenzo di Sebato,021,Bolzano/Bozen,BZ,Trentino-Alto Adige/Südtirol,46.765550,11.871600
021082,San Martino in Badia,021,Bolzano/Bozen,BZ,Trentino-Alto Adige/Südtirol,46.654664,11.844532
021083,San Martino in Passiria,021,Bolzano/Bozen,BZ,Trentino-Alto Adige/Südtirol,46.777748,11.200684
021084,San Pancrazio,021,Bolzano/Bozen,BZ,Trentino-Alto Adige/Südtirol,46.574344,11.066886
021085,Santa Cristina Valgardena,021,Bolzano/Bozen,BZ,Trentino-Alto Adige/Südtirol,46.566072,11.735376
021086,Sarentino,021,Bolzano/Bozen,BZ,Trentino-Alto Adige/Südtirol,46.711818,11.386601
021087,Scena,021,Bolzano/Bozen,BZ,Trentino-Alto Adige/Südtirol,46.709578,11.233910
021088,Selva dei Molini,021,Bolzano/Bozen,BZ,Trentino-Alto Adige/Südtirol,46.916898,11.815378
021089,Selva di Val Gardena,021,Bolzano/Bozen,BZ,Trentino-Alto Adige/Südtirol,46.554882,11.781427
021091,Senales,021,Bolzano/Bozen,BZ,Trentino-Alto Adige/Südtirol,46.729980,10.872327
021092,Sesto,021,Bolzano/Bozen,BZ,Trentino-Alto Adige/Südtirol,46.672729,12.374179
021093,Silandro,021,Bolzano/Bozen,BZ,Trentino-Alto Adige/Südtirol,46.648980,10.763096
021094,Sluderno,021,Bolzano/Bozen,BZ,Trentino-Alto Adige/Südtirol,46.658018,10.604922
021095,Stelvio,021,Bolzano/Bozen,BZ,Trentino-Alto Adige/Südtirol,46.538233,10.546821
021096,Terento,021,Bolzano/Bozen,BZ,Trentino-Alto Adige/Südtirol,46.846977,11.782342
021097,Terlano,021,Bolzano/Bozen,BZ,Trentino-Alto Adige/Südtirol,46.532610,11.250143
021098,Termeno sulla strada del vino,021,Bolzano/Bozen,BZ,Trentino-Alto Adige/Südtirol,46.343468,11.236076
021099,Tesimo,021,Bolzano/Bozen,BZ,Trentino-Alto Adige/Südtirol,46.550916,11.149864
021100,Tires,021,Bolzano/Bozen,BZ,Trentino-Alto Adige/Südtirol,46.474757,11.581237
021101,Tirolo,021,Bolzano/Bozen,BZ,Trentino-Alto Adige/Südtirol,46.713839,11.129074
021102,Trodena nel parco naturale,021,Bolzano/Bozen,BZ,Trentino-Alto Adige/Südtirol,46.315282,11.356791
021103,Tubre,021,Bolzano/Bozen,BZ,Trentino-Alto Adige/Südtirol,46.658001,10.443950
021104,Ultimo,021,Bolzano/Bozen,BZ,Trentino-Alto Adige/Südtirol,46.510483,10.906283
021105,Vadena,021,Bolzano/Bozen,BZ,Trentino-Alto Adige/Südtirol,46.394481,11.295095
021106,Valdaora,021,Bolzano/Bozen,BZ,Trentino-Alto Adige/Südtirol,46.740484,12.023421
021107,Val di Vizze,021,Bolzano/Bozen,BZ,Trentino-Alto Adige/Südtirol,46.950770,11.585294
021108,Valle Aurina,021,Bolzano/Bozen,BZ,Trentino-Alto Adige/Südtirol,46.988171,11.943166
021109,Valle di Casies,021,Bolzano/Bozen,BZ,Trentino-Alto Adige/Südtirol,46.820764,12.225137
021110,Vandoies,021,Bolzano/Bozen,BZ,Trentino-Alto Adige/Südtirol,46.886523,11.702391
021111,Varna,021,Bolzano/Bozen,BZ,Trentino-Alto Adige/Südtirol,46.745701,11.569957
021112,Verano,021,Bolzano/Bozen,BZ,Trentino-Alto Adige/Südtirol,46.621389,11.247118
021113,Villabassa,021,Bolzano/Bozen,BZ,Trentino-Alto Adige/Südtirol,46.735121,12.165908
021114,Villandro,021,Bolzano/Bozen,BZ,Trentino-Alto Adige/Südtirol,46.644752,11.485039
021115,Vipiteno,021,Bolzano/Bozen,BZ,Trentino-Alto Adige/Südtirol,46.914184,11.422836
021116,Velturno,021,Bolzano/Bozen,BZ,Trentino-Alto Adige/Südtirol,46.685000,11.585298
021117,La Valle,021,Bolzano/Bozen,BZ,Trentino-Alto Adige/Südtirol,46.649129,11.939044
021118,Senale-San Felice,021,Bolzano/Bozen,BZ,Trentino-Alto Adige/Südtirol,46.509259,11.131199
022001,Ala,022,Trento,TN,Trentino-Alto Adige/Südtirol,45.747839,11.039748
022002,Albiano,022,Trento,TN,Trentino-Alto Adige/Südtirol,46.141578,11.184889
022003,Aldeno,022,Trento,TN,Trentino-Alto Adige/Südtirol,45.971157,11.092626
022005,Andalo,022,Trento,TN,Trentino-Alto Adige/Südtirol,46.161674,10.994186
022006,Arco,022,Trento,TN,Trentino-Alto Adige/Südtirol,45.929176,10.905934
022007,Avio,022,Trento,TN,Trentino-Alto Adige/Südtirol,45.731936,10.919175
022009,Baselga di Pinè,022,Trento,TN,Trentino-Alto Adige/Südtirol,46.140652,11.281522
022011,Bedollo,022,Trento,TN,Trentino-Alto Adige/Südtirol,46.164394,11.316359
022013,Besenello,022,Trento,TN,Trentino-Alto Adige/Südtirol,45.952865,11.142333
022015,Bieno,022,Trento,TN,Trentino-Alto Adige/Südtirol,46.097960,11.562956
022017,Bleggio Superiore,022,Trento,TN,Trentino-Alto Adige/Südtirol,46.009568,10.793306
022018,Bocenago,022,Trento,TN,Trentino-Alto Adige/Südtirol,46.117666,10.772037
022021,Bondone,022,Trento,TN,Trentino-Alto Adige/Südtirol,45.804108,10.575873
022022,Borgo Valsugana,022,Trento,TN,Trentino-Alto Adige/Südtirol,46.014777,11.434292
022025,Brentonico,022,Trento,TN,Trentino-Alto Adige/Südtirol,45.804314,10.935469
022026,Bresimo,022,Trento,TN,Trentino-Alto Adige/Südtirol,46.422827,10.924403
022029,Caderzone Terme,022,Trento,TN,Trentino-Alto Adige/Südtirol,46.147719,10.728805
022032,Calceranica al Lago,022,Trento,TN,Trentino-Alto Adige/Südtirol,45.998873,11.243948
022033,Caldes,022,Trento,TN,Trentino-Alto Adige/Südtirol,46.376500,10.956837
022034,Caldonazzo,022,Trento,TN,Trentino-Alto Adige/Südtirol,45.983031,11.271153
022035,Calliano,022,Trento,TN,Trentino-Alto Adige/Südtirol,45.943619,11.116205
022036,Campitello di Fassa,022,Trento,TN,Trentino-Alto Adige/Südtirol,46.490613,11.711405
022037,Campodenno,022,Trento,TN,Trentino-Alto Adige/Südtirol,46.247565,11.002710
022038,Canal San Bovo,022,Trento,TN,Trentino-Alto Adige/Südtirol,46.199218,11.700102
022039,Canazei,022,Trento,TN,Trentino-Alto Adige/Südtirol,46.469707,11.810671
022040,Capriana,022,Trento,TN,Trentino-Alto Adige/Südtirol,46.270180,11.331005
022042,Carisolo,022,Trento,TN,Trentino-Alto Adige/Südtirol,46.203921,10.731944
022043,Carzano,022,Trento,TN,Trentino-Alto Adige/Südtirol,46.073537,11.494101
022045,Castel Condino,022,Trento,TN,Trentino-Alto Adige/Südtirol,45.922421,10.585884
022047,Castello-Molina di Fiemme,022,Trento,TN,Trentino-Alto Adige/Südtirol,46.225872,11.432966
022048,Castello Tesino,022,Trento,TN,Trentino-Alto Adige/Südtirol,46.121050,11.645903
022049,Castelnuovo,022,Trento,TN,Trentino-Alto Adige/Südtirol,46.037709,11.494969
022050,Cavalese,022,Trento,TN,Trentino-Alto Adige/Südtirol,46.247947,11.474417
022051,Cavareno,022,Trento,TN,Trentino-Alto Adige/Südtirol,46.406597,11.173281
022052,Cavedago,022,Trento,TN,Trentino-Alto Adige/Südtirol,46.183901,11.009589
022053,Cavedine,022,Trento,TN,Trentino-Alto Adige/Südtirol,45.986072,10.989051
022054,Cavizzana,022,Trento,TN,Trentino-Alto Adige/Südtirol,46.363933,10.964390
022058,Cimone,022,Trento,TN,Trentino-Alto Adige/Südtirol,45.979685,11.059252
022059,Cinte Tesino,022,Trento,TN,Trentino-Alto Adige/Südtirol,46.092771,11.653432
022060,Cis,022,Trento,TN,Trentino-Alto Adige/Südtirol,46.400780,10.991919
022061,Civezzano,022,Trento,TN,Trentino-Alto Adige/Südtirol,46.100754,11.181034
022062,Cles,022,Trento,TN,Trentino-Alto Adige/Südtirol,46.346951,10.988876
022064,Commezzadura,022,Trento,TN,Trentino-Alto Adige/Südtirol,46.313485,10.837585
022068,Croviana,022,Trento,TN,Trentino-Alto Adige/Südtirol,46.332229,10.913899
022071,Dambel,022,Trento,TN,Trentino-Alto Adige/Südtirol,46.402282,11.096010
022074,Denno,022,Trento,TN,Trentino-Alto Adige/Südtirol,46.273202,11.021416
022078,Drena,022,Trento,TN,Trentino-Alto Adige/Südtirol,45.955569,10.962043
022079,Dro,022,Trento,TN,Trentino-Alto Adige/Südtirol,45.990012,10.923753
022081,Fai della Paganella,022,Trento,TN,Trentino-Alto Adige/Südtirol,46.177136,11.060520
022083,Fiavè,022,Trento,TN,Trentino-Alto Adige/Südtirol,45.985256,10.820216
022085,Fierozzo,022,Trento,TN,Trentino-Alto Adige/Südtirol,46.105686,11.342098
022087,Folgaria,022,Trento,TN,Trentino-Alto Adige/Südtirol,45.908785,11.199228
022089,Fornace,022,Trento,TN,Trentino-Alto Adige/Südtirol,46.122276,11.205080
022090,Frassilongo,022,Trento,TN,Trentino-Alto Adige/Südtirol,46.076167,11.316956
022091,Garniga Terme,022,Trento,TN,Trentino-Alto Adige/Südtirol,46.005190,11.073048
022092,Giovo,022,Trento,TN,Trentino-Alto Adige/Südtirol,46.179209,11.160663
022093,Giustino,022,Trento,TN,Trentino-Alto Adige/Südtirol,46.190290,10.714410
022095,Grigno,022,Trento,TN,Trentino-Alto Adige/Südtirol,45.993720,11.632506
022097,Imer,022,Trento,TN,Trentino-Alto Adige/Südtirol,46.150790,11.786477
022098,Isera,022,Trento,TN,Trentino-Alto Adige/Südtirol,45.892939,10.997243
022102,Lavarone,022,Trento,TN,Trentino-Alto Adige/Südtirol,45.941525,11.285688
022103,Lavis,022,Trento,TN,Trentino-Alto Adige/Südtirol,46.150656,11.103428
022104,Levico Terme,022,Trento,TN,Trentino-Alto Adige/Südtirol,45.996486,11.330040
022106,Livo,022,Trento,TN,Trentino-Alto Adige/Südtirol,46.421618,11.005503
022108,Lona-Lases,022,Trento,TN,Trentino-Alto Adige/Südtirol,46.167713,11.279553
022109,Luserna,022,Trento,TN,Trentino-Alto Adige/Südtirol,45.932029,11.336438
022110,Malé,022,Trento,TN,Trentino-Alto Adige/Südtirol,46.360754,10.893532
022112,Massimeno,022,Trento,TN,Trentino-Alto Adige/Südtirol,46.142085,10.654625
022113,Mazzin,022,Trento,TN,Trentino-Alto Adige/Südtirol,46.465375,11.706666
022114,Mezzana,022,Trento,TN,Trentino-Alto Adige/Südtirol,46.322711,10.800574
022115,Mezzano,022,Trento,TN,Trentino-Alto Adige/Südtirol,46.159141,11.815045
022116,Mezzocorona,022,Trento,TN,Trentino-Alto Adige/Südtirol,46.230300,11.127552
022117,Mezzolombardo,022,Trento,TN,Trentino-Alto Adige/Südtirol,46.206541,11.090504
022118,Moena,022,Trento,TN,Trentino-Alto Adige/Südtirol,46.364468,11.706233
022120,Molveno,022,Trento,TN,Trentino-Alto Adige/Südtirol,46.156651,10.946137
022123,Mori,022,Trento,TN,Trentino-Alto Adige/Südtirol,45.859866,10.957252
022124,Nago-Torbole,022,Trento,TN,Trentino-Alto Adige/Südtirol,45.850955,10.881317
022127,Nogaredo,022,Trento,TN,Trentino-Alto Adige/Südtirol,45.907527,11.017469
022128,Nomi,022,Trento,TN,Trentino-Alto Adige/Südtirol,45.940006,11.085123
022129,Novaledo,022,Trento,TN,Trentino-Alto Adige/Südtirol,46.028675,11.366306
022130,Ospedaletto,022,Trento,TN,Trentino-Alto Adige/Südtirol,46.031345,11.570116
022131,Ossana,022,Trento,TN,Trentino-Alto Adige/Südtirol,46.274997,10.729523
022133,Palù del Fersina,022,Trento,TN,Trentino-Alto Adige/Südtirol,46.133516,11.367171
022134,Panchià,022,Trento,TN,Trentino-Alto Adige/Südtirol,46.266800,11.548511
022135,Ronzo-Chienis,022,Trento,TN,Trentino-Alto Adige/Südtirol,45.898686,10.957655
022136,Peio,022,Trento,TN,Trentino-Alto Adige/Südtirol,46.370306,10.652000
022137,Pellizzano,022,Trento,TN,Trentino-Alto Adige/Südtirol,46.310188,10.724197
022138,Pelugo,022,Trento,TN,Trentino-Alto Adige/Südtirol,46.103531,10.649878
022139,Pergine Valsugana,022,Trento,TN,Trentino-Alto Adige/Südtirol,46.058271,11.236101
022142,Pieve Tesino,022,Trento,TN,Trentino-Alto Adige/Südtirol,46.146830,11.581348
022143,Pinzolo,022,Trento,TN,Trentino-Alto Adige/Südtirol,46.221591,10.795577
022144,Pomarolo,022,Trento,TN,Trentino-Alto Adige/Südtirol,45.941075,11.056529
022147,Predazzo,022,Trento,TN,Trentino-Alto Adige/Südtirol,46.312343,11.643097
022150,Rabbi,022,Trento,TN,Trentino-Alto Adige/Südtirol,46.411746,10.792581
022153,Riva del Garda,022,Trento,TN,Trentino-Alto Adige/Südtirol,45.889133,10.821272
022155,Romeno,022,Trento,TN,Trentino-Alto Adige/Südtirol,46.385020,11.109206
022156,Roncegno Terme,022,Trento,TN,Trentino-Alto Adige/Südtirol,46.056042,11.387327
022157,Ronchi Valsugana,022,Trento,TN,Trentino-Alto Adige/Südtirol,46.081672,11.418519
022159,Ronzone,022,Trento,TN,Trentino-Alto Adige/Südtirol,46.445995,11.186096
022160,Roverè della Luna,022,Trento,TN,Trentino-Alto Adige/Südtirol,46.258536,11.160936
022161,Rovereto,022,Trento,TN,Trentino-Alto Adige/Südtirol,45.864883,11.045442
022162,Ruffrè-Mendola,022,Trento,TN,Trentino-Alto Adige/Südtirol,46.423753,11.192408
022163,Rumo,022,Trento,TN,Trentino-Alto Adige/Südtirol,46.456205,10.988832
022164,Sagron Mis,022,Trento,TN,Trentino-Alto Adige/Südtirol,46.194976,11.934053
022165,Samone,022,Trento,TN,Trentino-Alto Adige/Südtirol,46.089651,11.523765
022167,San Michele all'Adige,022,Trento,TN,Trentino-Alto Adige/Südtirol,46.200279,11.147792
022168,Sant'Orsola Terme,022,Trento,TN,Trentino-Alto Adige/Südtirol,46.114327,11.296627
022169,Sanzeno,022,Trento,TN,Trentino-Alto Adige/Südtirol,46.374417,11.071864
022170,Sarnonico,022,Trento,TN,Trentino-Alto Adige/Südtirol,46.431525,11.160604
022171,Scurelle,022,Trento,TN,Trentino-Alto Adige/Südtirol,46.131530,11.530260
022172,Segonzano,022,Trento,TN,Trentino-Alto Adige/Südtirol,46.191960,11.282344
022173,Sfruz,022,Trento,TN,Trentino-Alto Adige/Südtirol,46.343813,11.152190
022176,Soraga di Fassa,022,Trento,TN,Trentino-Alto Adige/Südtirol,46.392839,11.752356
022177,Sover,022,Trento,TN,Trentino-Alto Adige/Südtirol,46.218886,11.332777
022179,Spiazzo,022,Trento,TN,Trentino-Alto Adige/Südtirol,46.149591,10.646708
022180,Spormaggiore,022,Trento,TN,Trentino-Alto Adige/Südtirol,46.203374,11.007788
022181,Sporminore,022,Trento,TN,Trentino-Alto Adige/Südtirol,46.226098,11.008521
022182,Stenico,022,Trento,TN,Trentino-Alto Adige/Südtirol,46.097123,10.840143
022183,Storo,022,Trento,TN,Trentino-Alto Adige/Südtirol,45.848859,10.559483
022184,Strembo,022,Trento,TN,Trentino-Alto Adige/Südtirol,46.173300,10.647113
022188,Telve,022,Trento,TN,Trentino-Alto Adige/Südtirol,46.138617,11.463008
022189,Telve di Sopra,022,Trento,TN,Trentino-Alto Adige/Südtirol,46.107678,11.444945
022190,Tenna,022,Trento,TN,Trentino-Alto Adige/Südtirol,46.021621,11.261139
022191,Tenno,022,Trento,TN,Trentino-Alto Adige/Südtirol,45.939816,10.815249
022193,Terragnolo,022,Trento,TN,Trentino-Alto Adige/Südtirol,45.861892,11.169742
022195,Terzolas,022,Trento,TN,Trentino-Alto Adige/Südtirol,46.359409,10.931453
022196,Tesero,022,Trento,TN,Trentino-Alto Adige/Südtirol,46.287210,11.519851
022199,Tione di Trento,022,Trento,TN,Trentino-Alto Adige/Südtirol,46.024712,10.718203
022200,Ton,022,Trento,TN,Trentino-Alto Adige/Südtirol,46.262794,11.097291
022202,Torcegno,022,Trento,TN,Trentino-Alto Adige/Südtirol,46.098897,11.417655
022203,Trambileno,022,Trento,TN,Trentino-Alto Adige/Südtirol,45.835544,11.129107
022205,Trento,022,Trento,TN,Trentino-Alto Adige/Südtirol,46.061342,11.110764
022209,Valfloriana,022,Trento,TN,Trentino-Alto Adige/Südtirol,46.217653,11.384085
022210,Vallarsa,022,Trento,TN,Trentino-Alto Adige/Südtirol,45.782572,11.119240
022213,Vermiglio,022,Trento,TN,Trentino-Alto Adige/Südtirol,46.269624,10.646420
022216,Vignola-Falesina,022,Trento,TN,Trentino-Alto Adige/Südtirol,46.053898,11.282236
022222,Villa Lagarina,022,Trento,TN,Trentino-Alto Adige/Südtirol,45.942999,11.020148
022224,Volano,022,Trento,TN,Trentino-Alto Adige/Südtirol,45.912766,11.081053
022226,Ziano di Fiemme,022,Trento,TN,Trentino-Alto Adige/Südtirol,46.269535,11.582824
022228,Comano Terme,022,Trento,TN,Trentino-Alto Adige/Südtirol,46.044942,10.862503
022229,Ledro,022,Trento,TN,Trentino-Alto Adige/Südtirol,45.885116,10.719139
022230,Predaia,022,Trento,TN,Trentino-Alto Adige/Südtirol,46.327702,11.119463
022231,San Lorenzo Dorsino,022,Trento,TN,Trentino-Alto Adige/Südtirol,46.109028,10.902217
022232,Valdaone,022,Trento,TN,Trentino-Alto Adige/Südtirol,46.016435,10.545001
022233,Dimaro Folgarida,022,Trento,TN,Trentino-Alto Adige/Südtirol,46.297695,10.882464
022234,Pieve di Bono-Prezzo,022,Trento,TN,Trentino-Alto Adige/Südtirol,45.940329,10.656233
022235,Altavalle,022,Trento,TN,Trentino-Alto Adige/Südtirol,46.223367,11.267463
022236,Altopiano della Vigolana,022,Trento,TN,Trentino-Alto Adige/Südtirol,45.987115,11.200412
022237,Amblar-Don,022,Trento,TN,Trentino-Alto Adige/Südtirol,46.385765,11.171638
022238,Borgo Chiese,022,Trento,TN,Trentino-Alto Adige/Südtirol,45.900195,10.570045
022239,Borgo Lares,022,Trento,TN,Trentino-Alto Adige/Südtirol,46.005027,10.735682
022240,Castel Ivano,022,Trento,TN,Trentino-Alto Adige/Südtirol,46.065248,11.535407
022241,Cembra Lisignago,022,Trento,TN,Trentino-Alto Adige/Südtirol,46.182663,11.205342
022242,Contà,022,Trento,TN,Trentino-Alto Adige/Südtirol,46.295025,11.017464
022243,Madruzzo,022,Trento,TN,Trentino-Alto Adige/Südtirol,46.036170,10.983745
022244,Porte di Rendena,022,Trento,TN,Trentino-Alto Adige/Südtirol,46.074556,10.660959
022245,Primiero San Martino di Castrozza,022,Trento,TN,Trentino-Alto Adige/Südtirol,46.242142,11.826629
022246,Sella Giudicarie,022,Trento,TN,Trentino-Alto Adige/Südtirol,46.013206,10.636792
022247,Tre Ville,022,Trento,TN,Trentino-Alto Adige/Südtirol,46.156604,10.831594
022248,Vallelaghi,022,Trento,TN,Trentino-Alto Adige/Südtirol,46.101000,11.009399
022249,Ville d'Anaunia,022,Trento,TN,Trentino-Alto Adige/Südtirol,46.277200,10.962396
022250,San Giovanni di Fassa,022,Trento,TN,Trentino-Alto Adige/Südtirol,46.423719,11.703687
022251,Terre d'Adige,022,Trento,TN,Trentino-Alto Adige/Südtirol,46.161488,11.068561
022252,Borgo d'Anaunia,022,Trento,TN,Trentino-Alto Adige/Südtirol,46.473233,11.138303
022253,Novella,022,Trento,TN,Trentino-Alto Adige/Südtirol,46.430683,11.070836
022254,Ville di Fiemme,022,Trento,TN,Trentino-Alto Adige/Südtirol,46.317627,11.448786
023001,Affi,023,Verona,VR,Veneto,45.557034,10.776696
023002,Albaredo d'Adige,023,Verona,VR,Veneto,45.298307,11.291571
023003,Angiari,023,Verona,VR,Veneto,45.222234,11.266007
023004,Arcole,023,Verona,VR,Veneto,45.365410,11.298694
023005,Badia Calavena,023,Verona,VR,Veneto,45.574719,11.153907
023006,Bardolino,023,Verona,VR,Veneto,45.538989,10.696178
023007,Belfiore,023,Verona,VR,Veneto,45.374527,11.217157
023008,Bevilacqua,023,Verona,VR,Veneto,45.216002,11.391869
023009,Bonavigo,023,Verona,VR,Veneto,45.246370,11.295797
023010,Boschi Sant'Anna,023,Verona,VR,Veneto,45.207665,11.366642
023011,Bosco Chiesanuova,023,Verona,VR,Veneto,45.653795,11.046539
023012,Bovolone,023,Verona,VR,Veneto,45.264068,11.116671
023013,Brentino Belluno,023,Verona,VR,Veneto,45.670456,10.881661
023014,Brenzone sul Garda,023,Verona,VR,Veneto,45.695036,10.765561
023015,Bussolengo,023,Verona,VR,Veneto,45.466322,10.845996
023016,Buttapietra,023,Verona,VR,Veneto,45.342881,11.002795
023017,Caldiero,023,Verona,VR,Veneto,45.406442,11.169403
023018,Caprino Veronese,023,Verona,VR,Veneto,45.618327,10.802348
023019,Casaleone,023,Verona,VR,Veneto,45.144801,11.199109
023020,Castagnaro,023,Verona,VR,Veneto,45.089622,11.403354
023021,Castel d'Azzano,023,Verona,VR,Veneto,45.358464,10.948979
023022,Castelnuovo del Garda,023,Verona,VR,Veneto,45.444206,10.740398
023023,Cavaion Veronese,023,Verona,VR,Veneto,45.531193,10.778144
023024,Cazzano di Tramigna,023,Verona,VR,Veneto,45.482707,11.211412
023025,Cerea,023,Verona,VR,Veneto,45.173664,11.218083
023026,Cerro Veronese,023,Verona,VR,Veneto,45.569608,11.031956
023027,Cologna Veneta,023,Verona,VR,Veneto,45.308291,11.398105
023028,Colognola ai Colli,023,Verona,VR,Veneto,45.427862,11.188993
023029,Concamarise,023,Verona,VR,Veneto,45.204424,11.141991
023030,Costermano sul Garda,023,Verona,VR,Veneto,45.592217,10.736635
023031,Dolcè,023,Verona,VR,Veneto,45.619758,10.877031
023032,Erbè,023,Verona,VR,Veneto,45.241789,10.973545
023033,Erbezzo,023,Verona,VR,Veneto,45.661097,10.997194
023034,Ferrara di Monte Baldo,023,Verona,VR,Veneto,45.682505,10.846804
023035,Fumane,023,Verona,VR,Veneto,45.582100,10.889950
023036,Garda,023,Verona,VR,Veneto,45.576542,10.687367
023037,Gazzo Veronese,023,Verona,VR,Veneto,45.134943,11.094732
023038,Grezzana,023,Verona,VR,Veneto,45.547078,11.017570
023039,Illasi,023,Verona,VR,Veneto,45.468666,11.177086
023040,Isola della Scala,023,Verona,VR,Veneto,45.277500,11.020644
023041,Isola Rizza,023,Verona,VR,Veneto,45.277907,11.190096
023042,Lavagno,023,Verona,VR,Veneto,45.440615,11.131689
023043,Lazise,023,Verona,VR,Veneto,45.485901,10.710838
023044,Legnago,023,Verona,VR,Veneto,45.164643,11.301176
023045,Malcesine,023,Verona,VR,Veneto,45.768862,10.830734
023046,Marano di Valpolicella,023,Verona,VR,Veneto,45.558394,10.915779
023047,Mezzane di Sotto,023,Verona,VR,Veneto,45.488390,11.122485
023048,Minerbe,023,Verona,VR,Veneto,45.249082,11.352707
023049,Montecchia di Crosara,023,Verona,VR,Veneto,45.477681,11.267801
023050,Monteforte d'Alpone,023,Verona,VR,Veneto,45.436051,11.286915
023051,Mozzecane,023,Verona,VR,Veneto,45.309067,10.838555
023052,Negrar di Valpolicella,023,Verona,VR,Veneto,45.538802,10.952839
023053,Nogara,023,Verona,VR,Veneto,45.187749,11.064592
023054,Nogarole Rocca,023,Verona,VR,Veneto,45.280369,10.879159
023055,Oppeano,023,Verona,VR,Veneto,45.310289,11.113411
023056,Palù,023,Verona,VR,Veneto,45.326319,11.142414
023057,Pastrengo,023,Verona,VR,Veneto,45.497382,10.796458
023058,Pescantina,023,Verona,VR,Veneto,45.490650,10.861219
023059,Peschiera del Garda,023,Verona,VR,Veneto,45.438321,10.674338
023060,Povegliano Veronese,023,Verona,VR,Veneto,45.340345,10.889564
023061,Pressana,023,Verona,VR,Veneto,45.274762,11.397217
023062,Rivoli Veronese,023,Verona,VR,Veneto,45.572353,10.810481
023063,Roncà,023,Verona,VR,Veneto,45.484641,11.298955
023064,Ronco all'Adige,023,Verona,VR,Veneto,45.326163,11.224564
023065,Roverchiara,023,Verona,VR,Veneto,45.263945,11.239652
023066,Roveredo di Guà,023,Verona,VR,Veneto,45.273311,11.462953
023067,Roverè Veronese,023,Verona,VR,Veneto,45.600633,11.078045
023068,Salizzole,023,Verona,VR,Veneto,45.222010,11.089417
023069,San Bonifacio,023,Verona,VR,Veneto,45.396733,11.286741
023070,San Giovanni Ilarione,023,Verona,VR,Veneto,45.526467,11.236381
023071,San Giovanni Lupatoto,023,Verona,VR,Veneto,45.369057,11.037755
023072,Sanguinetto,023,Verona,VR,Veneto,45.173425,11.154190
023073,San Martino Buon Albergo,023,Verona,VR,Veneto,45.420054,11.098631
023074,San Mauro di Saline,023,Verona,VR,Veneto,45.560141,11.109511
023075,San Pietro di Morubio,023,Verona,VR,Veneto,45.242502,11.201506
023076,San Pietro in Cariano,023,Verona,VR,Veneto,45.506483,10.898479
023077,Sant'Ambrogio di Valpolicella,023,Verona,VR,Veneto,45.538718,10.841766
023078,Sant'Anna d'Alfaedo,023,Verona,VR,Veneto,45.631271,10.950186
023079,San Zeno di Montagna,023,Verona,VR,Veneto,45.648410,10.766072
023080,Selva di Progno,023,Verona,VR,Veneto,45.641960,11.142665
023081,Soave,023,Verona,VR,Veneto,45.436286,11.241994
023082,Sommacampagna,023,Verona,VR,Veneto,45.400933,10.845133
023083,Sona,023,Verona,VR,Veneto,45.428435,10.813899
023084,Sorgà,023,Verona,VR,Veneto,45.198991,10.990194
023085,Terrazzo,023,Verona,VR,Veneto,45.163793,11.392329
023086,Torri del Benaco,023,Verona,VR,Veneto,45.618835,10.680682
023087,Tregnago,023,Verona,VR,Veneto,45.528480,11.166733
023088,Trevenzuolo,023,Verona,VR,Veneto,45.265403,10.932386
023089,Valeggio sul Mincio,023,Verona,VR,Veneto,45.353775,10.741721
023090,Velo Veronese,023,Verona,VR,Veneto,45.612112,11.106667
023091,Verona,023,Verona,VR,Veneto,45.448611,11.002039
023092,Veronella,023,Verona,VR,Veneto,45.318352,11.317862
023093,Vestenanova,023,Verona,VR,Veneto,45.583113,11.215724
023094,Vigasio,023,Verona,VR,Veneto,45.323643,10.938973
023095,Villa Bartolomea,023,Verona,VR,Veneto,45.117949,11.350433
023096,Villafranca di Verona,023,Verona,VR,Veneto,45.359866,10.849837
023097,Zevio,023,Verona,VR,Veneto,45.362122,11.122159
023098,Zimella,023,Verona,VR,Veneto,45.347795,11.358124
024001,Agugliaro,024,Vicenza,VI,Veneto,45.324729,11.580301
024002,Albettone,024,Vicenza,VI,Veneto,45.359179,11.596892
024003,Alonte,024,Vicenza,VI,Veneto,45.362504,11.432261
024004,Altavilla Vicentina,024,Vicenza,VI,Veneto,45.504412,11.477441
024005,Altissimo,024,Vicenza,VI,Veneto,45.614900,11.246826
024006,Arcugnano,024,Vicenza,VI,Veneto,45.477965,11.534440
024007,Arsiero,024,Vicenza,VI,Veneto,45.839546,11.308921
024008,Arzignano,024,Vicenza,VI,Veneto,45.525519,11.337953
024009,Asiago,024,Vicenza,VI,Veneto,45.929058,11.506928
024010,Asigliano Veneto,024,Vicenza,VI,Veneto,45.311375,11.458296
024012,Bassano del Grappa,024,Vicenza,VI,Veneto,45.774083,11.707223
024013,Bolzano Vicentino,024,Vicenza,VI,Veneto,45.598297,11.618921
024014,Breganze,024,Vicenza,VI,Veneto,45.698759,11.579280
024015,Brendola,024,Vicenza,VI,Veneto,45.465247,11.453543
024016,Bressanvido,024,Vicenza,VI,Veneto,45.639864,11.637658
024017,Brogliano,024,Vicenza,VI,Veneto,45.590830,11.332604
024018,Caldogno,024,Vicenza,VI,Veneto,45.611206,11.512869
024019,Caltrano,024,Vicenza,VI,Veneto,45.789885,11.473635
024020,Calvene,024,Vicenza,VI,Veneto,45.784614,11.510219
024021,Camisano Vicentino,024,Vicenza,VI,Veneto,45.525551,11.711881
024022,Campiglia dei Berici,024,Vicenza,VI,Veneto,45.333210,11.544354
024024,Carrè,024,Vicenza,VI,Veneto,45.744251,11.464230
024025,Cartigliano,024,Vicenza,VI,Veneto,45.707816,11.700470
024026,Cassola,024,Vicenza,VI,Veneto,45.744042,11.781314
024028,Castelgomberto,024,Vicenza,VI,Veneto,45.585584,11.403169
024029,Chiampo,024,Vicenza,VI,Veneto,45.547591,11.276916
024030,Chiuppano,024,Vicenza,VI,Veneto,45.759866,11.472639
024032,Cogollo del Cengio,024,Vicenza,VI,Veneto,45.809021,11.411986
024034,Cornedo Vicentino,024,Vicenza,VI,Veneto,45.616096,11.348962
024035,Costabissara,024,Vicenza,VI,Veneto,45.587041,11.483871
024036,Creazzo,024,Vicenza,VI,Veneto,45.537619,11.469845
024037,Crespadoro,024,Vicenza,VI,Veneto,45.647448,11.189101
024038,Dueville,024,Vicenza,VI,Veneto,45.628923,11.555004
024039,Enego,024,Vicenza,VI,Veneto,45.940128,11.658052
024040,Fara Vicentino,024,Vicenza,VI,Veneto,45.735661,11.559673
024041,Foza,024,Vicenza,VI,Veneto,45.905893,11.628933
024042,Gallio,024,Vicenza,VI,Veneto,45.904200,11.563867
024043,Gambellara,024,Vicenza,VI,Veneto,45.451819,11.339090
024046,Grisignano di Zocco,024,Vicenza,VI,Veneto,45.481954,11.703944
024047,Grumolo delle Abbadesse,024,Vicenza,VI,Veneto,45.506912,11.660915
024048,Isola Vicentina,024,Vicenza,VI,Veneto,45.619984,11.451546
024049,Laghi,024,Vicenza,VI,Veneto,45.833727,11.251387
024050,Lastebasse,024,Vicenza,VI,Veneto,45.895440,11.283708
024051,Longare,024,Vicenza,VI,Veneto,45.471369,11.606644
024052,Lonigo,024,Vicenza,VI,Veneto,45.385715,11.383010
024053,Lugo di Vicenza,024,Vicenza,VI,Veneto,45.772970,11.528567
024055,Malo,024,Vicenza,VI,Veneto,45.657646,11.423802
024056,Marano Vicentino,024,Vicenza,VI,Veneto,45.694065,11.433031
024057,Marostica,024,Vicenza,VI,Veneto,45.757634,11.647234
024060,Montebello Vicentino,024,Vicenza,VI,Veneto,45.460027,11.382252
024061,Montecchio Maggiore,024,Vicenza,VI,Veneto,45.513040,11.407659
024062,Montecchio Precalcino,024,Vicenza,VI,Veneto,45.667288,11.542799
024063,Monte di Malo,024,Vicenza,VI,Veneto,45.649663,11.365522
024064,Montegalda,024,Vicenza,VI,Veneto,45.461033,11.663472
024065,Montegaldella,024,Vicenza,VI,Veneto,45.436443,11.650698
024066,Monteviale,024,Vicenza,VI,Veneto,45.560568,11.470470
024067,Monticello Conte Otto,024,Vicenza,VI,Veneto,45.601396,11.582010
024068,Montorso Vicentino,024,Vicenza,VI,Veneto,45.491469,11.356043
024070,Mussolente,024,Vicenza,VI,Veneto,45.770843,11.808468
024072,Nogarole Vicentino,024,Vicenza,VI,Veneto,45.572212,11.290799
024073,Nove,024,Vicenza,VI,Veneto,45.716083,11.676096
024074,Noventa Vicentina,024,Vicenza,VI,Veneto,45.285257,11.558608
024075,Orgiano,024,Vicenza,VI,Veneto,45.344629,11.466149
024076,Pedemonte,024,Vicenza,VI,Veneto,45.911130,11.330483
024077,Pianezze,024,Vicenza,VI,Veneto,45.733833,11.636555
024078,Piovene Rocchette,024,Vicenza,VI,Veneto,45.756848,11.423789
024079,Pojana Maggiore,024,Vicenza,VI,Veneto,45.290588,11.506278
024080,Posina,024,Vicenza,VI,Veneto,45.796713,11.254362
024081,Pove del Grappa,024,Vicenza,VI,Veneto,45.830435,11.738371
024082,Pozzoleone,024,Vicenza,VI,Veneto,45.666552,11.676638
024083,Quinto Vicentino,024,Vicenza,VI,Veneto,45.569879,11.643043
024084,Recoaro Terme,024,Vicenza,VI,Veneto,45.696293,11.210644
024085,Roana,024,Vicenza,VI,Veneto,45.882325,11.443872
024086,Romano d'Ezzelino,024,Vicenza,VI,Veneto,45.789648,11.765064
024087,Rosà,024,Vicenza,VI,Veneto,45.717313,11.751240
024088,Rossano Veneto,024,Vicenza,VI,Veneto,45.705584,11.804515
024089,Rotzo,024,Vicenza,VI,Veneto,45.899791,11.391154
024090,Salcedo,024,Vicenza,VI,Veneto,45.759878,11.570978
024091,Sandrigo,024,Vicenza,VI,Veneto,45.656274,11.607576
024094,San Pietro Mussolino,024,Vicenza,VI,Veneto,45.588422,11.251589
024095,Santorso,024,Vicenza,VI,Veneto,45.738083,11.395313
024096,San Vito di Leguzzano,024,Vicenza,VI,Veneto,45.682186,11.373345
024097,Sarcedo,024,Vicenza,VI,Veneto,45.701249,11.523044
024098,Sarego,024,Vicenza,VI,Veneto,45.421466,11.414322
024099,Schiavon,024,Vicenza,VI,Veneto,45.685093,11.647707
024100,Schio,024,Vicenza,VI,Veneto,45.726392,11.349104
024101,Solagna,024,Vicenza,VI,Veneto,45.844079,11.721355
024102,Sossano,024,Vicenza,VI,Veneto,45.351734,11.516144
024104,Tezze sul Brenta,024,Vicenza,VI,Veneto,45.686833,11.735044
024105,Thiene,024,Vicenza,VI,Veneto,45.690928,11.484142
024106,Tonezza del Cimone,024,Vicenza,VI,Veneto,45.855976,11.331438
024107,Torrebelvicino,024,Vicenza,VI,Veneto,45.717537,11.296171
024108,Torri di Quartesolo,024,Vicenza,VI,Veneto,45.526389,11.629897
024110,Trissino,024,Vicenza,VI,Veneto,45.566548,11.348178
024111,Valdagno,024,Vicenza,VI,Veneto,45.646915,11.284444
024112,Valdastico,024,Vicenza,VI,Veneto,45.877870,11.358232
024113,Valli del Pasubio,024,Vicenza,VI,Veneto,45.751289,11.228819
024115,Velo d'Astico,024,Vicenza,VI,Veneto,45.784258,11.359293
024116,Vicenza,024,Vicenza,VI,Veneto,45.544827,11.554000
024117,Villaga,024,Vicenza,VI,Veneto,45.391508,11.525655
024118,Villaverla,024,Vicenza,VI,Veneto,45.648381,11.498561
024119,Zanè,024,Vicenza,VI,Veneto,45.721600,11.448657
024120,Zermeghedo,024,Vicenza,VI,Veneto,45.476340,11.374100
024121,Zovencedo,024,Vicenza,VI,Veneto,45.437993,11.494112
024122,Zugliano,024,Vicenza,VI,Veneto,45.730480,11.501680
024123,Val Liona,024,Vicenza,VI,Veneto,45.403713,11.468937
024124,Barbarano Mossano,024,Vicenza,VI,Veneto,45.408900,11.564700
024125,Valbrenta,024,Vicenza,VI,Veneto,45.878120,11.701772
024126,Colceresa,024,Vicenza,VI,Veneto,45.721941,11.614924
024127,Lusiana Conco,024,Vicenza,VI,Veneto,45.805853,11.591406
024128,Sovizzo,024,Vicenza,VI,Veneto,45.553882,11.434391
024129,Castegnero Nanto,024,Vicenza,VI,Veneto,45.430296,11.597122
025001,Agordo,025,Belluno,BL,Veneto,46.302961,12.047480
025003,Alleghe,025,Belluno,BL,Veneto,46.404106,12.036686
025004,Arsiè,025,Belluno,BL,Veneto,45.977256,11.743606
025005,Auronzo di Cadore,025,Belluno,BL,Veneto,46.565122,12.339050
025006,Belluno,025,Belluno,BL,Veneto,46.140630,12.219191
025007,Borca di Cadore,025,Belluno,BL,Veneto,46.436137,12.178533
025008,Calalzo di Cadore,025,Belluno,BL,Veneto,46.477696,12.326110
025010,Cencenighe Agordino,025,Belluno,BL,Veneto,46.346184,11.969350
025011,Cesiomaggiore,025,Belluno,BL,Veneto,46.112299,11.958852
025012,Chies d'Alpago,025,Belluno,BL,Veneto,46.172752,12.426550
025013,Cibiana di Cadore,025,Belluno,BL,Veneto,46.374369,12.270507
025014,Colle Santa Lucia,025,Belluno,BL,Veneto,46.467019,12.019261
025015,Comelico Superiore,025,Belluno,BL,Veneto,46.628101,12.473338
025016,Cortina d'Ampezzo,025,Belluno,BL,Veneto,46.557154,12.122785
025017,Danta di Cadore,025,Belluno,BL,Veneto,46.562323,12.506656
025018,Domegge di Cadore,025,Belluno,BL,Veneto,46.448051,12.429856
025019,Falcade,025,Belluno,BL,Veneto,46.358327,11.845690
025021,Feltre,025,Belluno,BL,Veneto,46.040745,11.916324
025022,Fonzaso,025,Belluno,BL,Veneto,46.005091,11.803337
025023,Canale d'Agordo,025,Belluno,BL,Veneto,46.327243,11.884475
025025,Gosaldo,025,Belluno,BL,Veneto,46.210975,11.974560
025026,Lamon,025,Belluno,BL,Veneto,46.058232,11.723505
025027,La Valle Agordina,025,Belluno,BL,Veneto,46.280970,12.098328
025029,Limana,025,Belluno,BL,Veneto,46.075659,12.204405
025030,Livinallongo del Col di Lana,025,Belluno,BL,Veneto,46.497953,11.927435
025032,Lorenzago di Cadore,025,Belluno,BL,Veneto,46.458551,12.487266
025033,Lozzo di Cadore,025,Belluno,BL,Veneto,46.508198,12.423713
025035,Ospitale di Cadore,025,Belluno,BL,Veneto,46.327249,12.307555
025036,Pedavena,025,Belluno,BL,Veneto,46.043682,11.857236
025037,Perarolo di Cadore,025,Belluno,BL,Veneto,46.362190,12.371948
025039,Pieve di Cadore,025,Belluno,BL,Veneto,46.416116,12.381550
025040,Ponte nelle Alpi,025,Belluno,BL,Veneto,46.166083,12.293332
025043,Rivamonte Agordino,025,Belluno,BL,Veneto,46.241581,12.038689
025044,Rocca Pietore,025,Belluno,BL,Veneto,46.429238,11.931618
025045,San Gregorio nelle Alpi,025,Belluno,BL,Veneto,46.121446,12.029304
025046,San Nicolò di Comelico,025,Belluno,BL,Veneto,46.615256,12.545307
025047,San Pietro di Cadore,025,Belluno,BL,Veneto,46.617557,12.603594
025048,Santa Giustina,025,Belluno,BL,Veneto,46.092800,12.032585
025049,San Tomaso Agordino,025,Belluno,BL,Veneto,46.386203,11.974499
025050,Santo Stefano di Cadore,025,Belluno,BL,Veneto,46.574985,12.610328
025051,San Vito di Cadore,025,Belluno,BL,Veneto,46.473213,12.180657
025053,Sedico,025,Belluno,BL,Veneto,46.187114,12.123692
025054,Selva di Cadore,025,Belluno,BL,Veneto,46.447159,12.064023
025055,Seren del Grappa,025,Belluno,BL,Veneto,45.951904,11.834062
025056,Sospirolo,025,Belluno,BL,Veneto,46.168421,12.060841
025057,Soverzene,025,Belluno,BL,Veneto,46.208935,12.333134
025058,Sovramonte,025,Belluno,BL,Veneto,46.070647,11.803125
025059,Taibon Agordino,025,Belluno,BL,Veneto,46.309399,11.969846
025060,Tambre,025,Belluno,BL,Veneto,46.114059,12.438756
025062,Vallada Agordina,025,Belluno,BL,Veneto,46.376244,11.934072
025063,Valle di Cadore,025,Belluno,BL,Veneto,46.403043,12.303833
025065,Vigo di Cadore,025,Belluno,BL,Veneto,46.494523,12.554971
025066,Vodo Cadore,025,Belluno,BL,Veneto,46.414049,12.213498
025067,Voltago Agordino,025,Belluno,BL,Veneto,46.260229,11.978082
025069,Zoppè di Cadore,025,Belluno,BL,Veneto,46.388121,12.179477
025071,Longarone,025,Belluno,BL,Veneto,46.263869,12.254543
025072,Alpago,025,Belluno,BL,Veneto,46.130037,12.364052
025073,Val di Zoldo,025,Belluno,BL,Veneto,46.352984,12.152050
025074,Borgo Valbelluna,025,Belluno,BL,Veneto,46.028495,12.094682
025075,Setteville,025,Belluno,BL,Veneto,45.932534,11.906798
026001,Altivole,026,Treviso,TV,Veneto,45.749712,11.953406
026002,Arcade,026,Treviso,TV,Veneto,45.781878,12.223968
026003,Asolo,026,Treviso,TV,Veneto,45.788733,11.910452
026004,Borso del Grappa,026,Treviso,TV,Veneto,45.831734,11.783167
026005,Breda di Piave,026,Treviso,TV,Veneto,45.718127,12.358818
026006,Caerano di San Marco,026,Treviso,TV,Veneto,45.782712,11.997249
026007,Cappella Maggiore,026,Treviso,TV,Veneto,45.977849,12.348589
026008,Carbonera,026,Treviso,TV,Veneto,45.698311,12.301969
026009,Casale sul Sile,026,Treviso,TV,Veneto,45.606172,12.312554
026010,Casier,026,Treviso,TV,Veneto,45.628234,12.268675
026011,Castelcucco,026,Treviso,TV,Veneto,45.830455,11.891390
026012,Castelfranco Veneto,026,Treviso,TV,Veneto,45.666951,11.934609
026013,Castello di Godego,026,Treviso,TV,Veneto,45.691590,11.874287
026014,Cavaso del Tomba,026,Treviso,TV,Veneto,45.865230,11.906346
026015,Cessalto,026,Treviso,TV,Veneto,45.713198,12.625290
026016,Chiarano,026,Treviso,TV,Veneto,45.730747,12.570130
026017,Cimadolmo,026,Treviso,TV,Veneto,45.778771,12.354600
026018,Cison di Valmarino,026,Treviso,TV,Veneto,45.975687,12.166509
026019,Codognè,026,Treviso,TV,Veneto,45.869269,12.428814
026020,Colle Umberto,026,Treviso,TV,Veneto,45.943416,12.348302
026021,Conegliano,026,Treviso,TV,Veneto,45.899641,12.293529
026022,Cordignano,026,Treviso,TV,Veneto,45.953990,12.417680
026023,Cornuda,026,Treviso,TV,Veneto,45.832337,11.995936
026025,Crocetta del Montello,026,Treviso,TV,Veneto,45.829034,12.060318
026026,Farra di Soligo,026,Treviso,TV,Veneto,45.902430,12.117418
026027,Follina,026,Treviso,TV,Veneto,45.964047,12.127544
026028,Fontanelle,026,Treviso,TV,Veneto,45.823999,12.458467
026029,Fonte,026,Treviso,TV,Veneto,45.786493,11.872403
026030,Fregona,026,Treviso,TV,Veneto,46.029664,12.362424
026031,Gaiarine,026,Treviso,TV,Veneto,45.885739,12.497448
026032,Giavera del Montello,026,Treviso,TV,Veneto,45.798199,12.166195
026033,Godega di Sant'Urbano,026,Treviso,TV,Veneto,45.907983,12.413960
026034,Gorgo al Monticano,026,Treviso,TV,Veneto,45.783450,12.566256
026035,Istrana,026,Treviso,TV,Veneto,45.680509,12.088619
026036,Loria,026,Treviso,TV,Veneto,45.719450,11.845961
026037,Mansuè,026,Treviso,TV,Veneto,45.826111,12.525978
026038,Mareno di Piave,026,Treviso,TV,Veneto,45.837027,12.333373
026039,Maser,026,Treviso,TV,Veneto,45.800946,11.962662
026040,Maserada sul Piave,026,Treviso,TV,Veneto,45.749917,12.335517
026041,Meduna di Livenza,026,Treviso,TV,Veneto,45.810846,12.624407
026042,Miane,026,Treviso,TV,Veneto,45.942172,12.084633
026043,Mogliano Veneto,026,Treviso,TV,Veneto,45.567995,12.252509
026044,Monastier di Treviso,026,Treviso,TV,Veneto,45.659380,12.441671
026045,Monfumo,026,Treviso,TV,Veneto,45.834207,11.936580
026046,Montebelluna,026,Treviso,TV,Veneto,45.771606,12.042478
026047,Morgano,026,Treviso,TV,Veneto,45.642971,12.104148
026048,Moriago della Battaglia,026,Treviso,TV,Veneto,45.861429,12.093821
026049,Motta di Livenza,026,Treviso,TV,Veneto,45.766591,12.622771
026050,Nervesa della Battaglia,026,Treviso,TV,Veneto,45.820045,12.195924
026051,Oderzo,026,Treviso,TV,Veneto,45.771974,12.497904
026052,Ormelle,026,Treviso,TV,Veneto,45.770662,12.423605
026053,Orsago,026,Treviso,TV,Veneto,45.920825,12.443908
026055,Paese,026,Treviso,TV,Veneto,45.694546,12.148855
026056,Pederobba,026,Treviso,TV,Veneto,45.865242,11.970968
026057,Pieve di Soligo,026,Treviso,TV,Veneto,45.905666,12.177717
026058,Ponte di Piave,026,Treviso,TV,Veneto,45.732115,12.467000
026059,Ponzano Veneto,026,Treviso,TV,Veneto,45.722016,12.196217
026060,Portobuffolè,026,Treviso,TV,Veneto,45.852089,12.535584
026061,Possagno,026,Treviso,TV,Veneto,45.866446,11.862687
026062,Povegliano,026,Treviso,TV,Veneto,45.754775,12.191844
026063,Preganziol,026,Treviso,TV,Veneto,45.607491,12.226731
026064,Quinto di Treviso,026,Treviso,TV,Veneto,45.643278,12.155623
026065,Refrontolo,026,Treviso,TV,Veneto,45.917841,12.212802
026066,Resana,026,Treviso,TV,Veneto,45.635273,11.967704
026067,Revine Lago,026,Treviso,TV,Veneto,46.000183,12.227269
026068,Riese Pio X,026,Treviso,TV,Veneto,45.726074,11.912789
026069,Roncade,026,Treviso,TV,Veneto,45.613365,12.395329
026070,Salgareda,026,Treviso,TV,Veneto,45.703005,12.520520
026071,San Biagio di Callalta,026,Treviso,TV,Veneto,45.686453,12.387315
026072,San Fior,026,Treviso,TV,Veneto,45.905824,12.363472
026073,San Pietro di Feletto,026,Treviso,TV,Veneto,45.908031,12.248302
026074,San Polo di Piave,026,Treviso,TV,Veneto,45.792219,12.391978
026075,Santa Lucia di Piave,026,Treviso,TV,Veneto,45.832870,12.290231
026076,San Vendemiano,026,Treviso,TV,Veneto,45.882802,12.349583
026077,San Zenone degli Ezzelini,026,Treviso,TV,Veneto,45.777252,11.838812
026078,Sarmede,026,Treviso,TV,Veneto,45.992866,12.391203
026079,Segusino,026,Treviso,TV,Veneto,45.933903,11.970267
026080,Sernaglia della Battaglia,026,Treviso,TV,Veneto,45.866160,12.143231
026081,Silea,026,Treviso,TV,Veneto,45.640532,12.324784
026082,Spresiano,026,Treviso,TV,Veneto,45.775677,12.274290
026083,Susegana,026,Treviso,TV,Veneto,45.851648,12.229304
026084,Tarzo,026,Treviso,TV,Veneto,45.963306,12.225396
026085,Trevignano,026,Treviso,TV,Veneto,45.734845,12.093252
026086,Treviso,026,Treviso,TV,Veneto,45.663642,12.227601
026087,Valdobbiadene,026,Treviso,TV,Veneto,45.912836,12.016107
026088,Vazzola,026,Treviso,TV,Veneto,45.829167,12.383150
026089,Vedelago,026,Treviso,TV,Veneto,45.692161,12.022243
026090,Vidor,026,Treviso,TV,Veneto,45.870387,12.050761
026091,Villorba,026,Treviso,TV,Veneto,45.729787,12.252703
026092,Vittorio Veneto,026,Treviso,TV,Veneto,46.004154,12.296703
026093,Volpago del Montello,026,Treviso,TV,Veneto,45.785779,12.123143
026094,Zenson di Piave,026,Treviso,TV,Veneto,45.677826,12.481585
026095,Zero Branco,026,Treviso,TV,Veneto,45.607560,12.141705
026096,Pieve del Grappa,026,Treviso,TV,Veneto,45.849800,11.832740
027001,Annone Veneto,227,Venezia,VE,Veneto,45.765253,12.700769
027002,Campagna Lupia,227,Venezia,VE,Veneto,45.339902,12.167214
027003,Campolongo Maggiore,227,Venezia,VE,Veneto,45.336178,12.057705
027004,Camponogara,227,Venezia,VE,Veneto,45.379031,12.087604
027005,Caorle,227,Venezia,VE,Veneto,45.639629,12.870051
027006,Cavarzere,227,Venezia,VE,Veneto,45.123981,12.119829
027007,Ceggia,227,Venezia,VE,Veneto,45.683629,12.648415
027008,Chioggia,227,Venezia,VE,Veneto,45.217845,12.246451
027009,Cinto Caomaggiore,227,Venezia,VE,Veneto,45.821937,12.780589
027010,Cona,227,Venezia,VE,Veneto,45.178804,12.080629
027011,Concordia Sagittaria,227,Venezia,VE,Veneto,45.720550,12.832399
027012,Dolo,227,Venezia,VE,Veneto,45.419608,12.086636
027013,Eraclea,227,Venezia,VE,Veneto,45.595106,12.719817
027014,Fiesso d'Artico,227,Venezia,VE,Veneto,45.421948,12.035137
027015,Fossalta di Piave,227,Venezia,VE,Veneto,45.648529,12.506342
027016,Fossalta di Portogruaro,227,Venezia,VE,Veneto,45.781494,12.910109
027017,Fossò,227,Venezia,VE,Veneto,45.376742,12.045987
027018,Gruaro,227,Venezia,VE,Veneto,45.824782,12.838678
027019,Jesolo,227,Venezia,VE,Veneto,45.534620,12.634021
027020,Marcon,227,Venezia,VE,Veneto,45.551597,12.327034
027021,Martellago,227,Venezia,VE,Veneto,45.535001,12.159409
027022,Meolo,227,Venezia,VE,Veneto,45.613986,12.462366
027023,Mira,227,Venezia,VE,Veneto,45.412835,12.185587
027024,Mirano,227,Venezia,VE,Veneto,45.485489,12.087637
027025,Musile di Piave,227,Venezia,VE,Veneto,45.599878,12.524234
027026,Noale,227,Venezia,VE,Veneto,45.553652,12.067798
027027,Noventa di Piave,227,Venezia,VE,Veneto,45.671369,12.543306
027028,Pianiga,227,Venezia,VE,Veneto,45.455003,12.029347
027029,Portogruaro,227,Venezia,VE,Veneto,45.756930,12.851842
027030,Pramaggiore,227,Venezia,VE,Veneto,45.802135,12.729846
027031,Quarto d'Altino,227,Venezia,VE,Veneto,45.560830,12.408926
027032,Salzano,227,Venezia,VE,Veneto,45.532619,12.113555
027033,San Donà di Piave,227,Venezia,VE,Veneto,45.627386,12.597039
027034,San Michele al Tagliamento,227,Venezia,VE,Veneto,45.708739,13.002656
027035,Santa Maria di Sala,227,Venezia,VE,Veneto,45.502199,12.027210
027036,San Stino di Livenza,227,Venezia,VE,Veneto,45.697262,12.751365
027037,Scorzè,227,Venezia,VE,Veneto,45.575957,12.141370
027038,Spinea,227,Venezia,VE,Veneto,45.490488,12.155291
027039,Stra,227,Venezia,VE,Veneto,45.410456,12.030821
027040,Teglio Veneto,227,Venezia,VE,Veneto,45.817056,12.892169
027041,Torre di Mosto,227,Venezia,VE,Veneto,45.665106,12.709088
027042,Venezia,227,Venezia,VE,Veneto,45.466922,12.345931
027043,Vigonovo,227,Venezia,VE,Veneto,45.389886,12.010385
027044,Cavallino-Treporti,227,Venezia,VE,Veneto,45.470169,12.496411
028001,Abano Terme,028,Padova,PD,Veneto,45.358991,11.793306
028002,Agna,028,Padova,PD,Veneto,45.175373,11.965327
028003,Albignasego,028,Padova,PD,Veneto,45.346609,11.868083
028004,Anguillara Veneta,028,Padova,PD,Veneto,45.145654,11.892116
028005,Arquà Petrarca,028,Padova,PD,Veneto,45.268635,11.721964
028006,Arre,028,Padova,PD,Veneto,45.212713,11.935715
028007,Arzergrande,028,Padova,PD,Veneto,45.265246,12.061830
028008,Bagnoli di Sopra,028,Padova,PD,Veneto,45.181482,11.898297
028009,Baone,028,Padova,PD,Veneto,45.252508,11.681028
028010,Barbona,028,Padova,PD,Veneto,45.110463,11.680842
028011,Battaglia Terme,028,Padova,PD,Veneto,45.294843,11.777692
028012,Boara Pisani,028,Padova,PD,Veneto,45.126194,11.798997
028013,Borgoricco,028,Padova,PD,Veneto,45.535043,11.968941
028014,Bovolenta,028,Padova,PD,Veneto,45.267964,11.953840
028015,Brugine,028,Padova,PD,Veneto,45.290385,11.990506
028016,Cadoneghe,028,Padova,PD,Veneto,45.457342,11.918130
028017,Campodarsego,028,Padova,PD,Veneto,45.502382,11.924700
028018,Campodoro,028,Padova,PD,Veneto,45.500094,11.752599
028019,Camposampiero,028,Padova,PD,Veneto,45.569837,11.947170
028020,Campo San Martino,028,Padova,PD,Veneto,45.555132,11.829859
028021,Candiana,028,Padova,PD,Veneto,45.222305,11.982669
028023,Carmignano di Brenta,028,Padova,PD,Veneto,45.633229,11.700332
028026,Cartura,028,Padova,PD,Veneto,45.271214,11.870756
028027,Casale di Scodosia,028,Padova,PD,Veneto,45.183432,11.485226
028028,Casalserugo,028,Padova,PD,Veneto,45.305723,11.915674
028029,Castelbaldo,028,Padova,PD,Veneto,45.131544,11.454151
028030,Cervarese Santa Croce,028,Padova,PD,Veneto,45.402074,11.693001
028031,Cinto Euganeo,028,Padova,PD,Veneto,45.289952,11.668371
028032,Cittadella,028,Padova,PD,Veneto,45.654630,11.768813
028033,Codevigo,028,Padova,PD,Veneto,45.265039,12.141550
028034,Conselve,028,Padova,PD,Veneto,45.228594,11.879626
028035,Correzzola,028,Padova,PD,Veneto,45.217480,12.079024
028036,Curtarolo,028,Padova,PD,Veneto,45.526301,11.843001
028037,Este,028,Padova,PD,Veneto,45.219533,11.659328
028038,Fontaniva,028,Padova,PD,Veneto,45.629256,11.753173
028039,Galliera Veneta,028,Padova,PD,Veneto,45.668990,11.821699
028040,Galzignano Terme,028,Padova,PD,Veneto,45.300846,11.732884
028041,Gazzo,028,Padova,PD,Veneto,45.566467,11.693312
028042,Grantorto,028,Padova,PD,Veneto,45.601764,11.731991
028043,Granze,028,Padova,PD,Veneto,45.153803,11.720794
028044,Legnaro,028,Padova,PD,Veneto,45.343309,11.964834
028045,Limena,028,Padova,PD,Veneto,45.474792,11.835888
028046,Loreggia,028,Padova,PD,Veneto,45.598603,11.941070
028047,Lozzo Atestino,028,Padova,PD,Veneto,45.288921,11.610113
028048,Maserà di Padova,028,Padova,PD,Veneto,45.312478,11.871118
028049,Masi,028,Padova,PD,Veneto,45.124915,11.501109
028050,Massanzago,028,Padova,PD,Veneto,45.551189,12.010929
028052,Megliadino San Vitale,028,Padova,PD,Veneto,45.178132,11.530705
028053,Merlara,028,Padova,PD,Veneto,45.159869,11.458100
028054,Mestrino,028,Padova,PD,Veneto,45.454443,11.748682
028055,Monselice,028,Padova,PD,Veneto,45.228547,11.756677
028056,Montagnana,028,Padova,PD,Veneto,45.238886,11.461794
028057,Montegrotto Terme,028,Padova,PD,Veneto,45.325669,11.784672
028058,Noventa Padovana,028,Padova,PD,Veneto,45.412213,11.962256
028059,Ospedaletto Euganeo,028,Padova,PD,Veneto,45.231134,11.597919
028060,Padova,028,Padova,PD,Veneto,45.403407,11.883126
028061,Pernumia,028,Padova,PD,Veneto,45.263042,11.799438
028062,Piacenza d'Adige,028,Padova,PD,Veneto,45.143510,11.554466
028063,Piazzola sul Brenta,028,Padova,PD,Veneto,45.541917,11.776978
028064,Piombino Dese,028,Padova,PD,Veneto,45.619139,12.021025
028065,Piove di Sacco,028,Padova,PD,Veneto,45.299060,12.052297
028066,Polverara,028,Padova,PD,Veneto,45.312154,11.949842
028067,Ponso,028,Padova,PD,Veneto,45.190772,11.584318
028068,Pontelongo,028,Padova,PD,Veneto,45.245627,12.033979
028069,Ponte San Nicolò,028,Padova,PD,Veneto,45.356336,11.926446
028070,Pozzonovo,028,Padova,PD,Veneto,45.175080,11.807210
028071,Rovolon,028,Padova,PD,Veneto,45.380688,11.650466
028072,Rubano,028,Padova,PD,Veneto,45.435622,11.802201
028073,Saccolongo,028,Padova,PD,Veneto,45.408183,11.747557
028075,San Giorgio delle Pertiche,028,Padova,PD,Veneto,45.536524,11.892299
028076,San Giorgio in Bosco,028,Padova,PD,Veneto,45.587145,11.803419
028077,San Martino di Lupari,028,Padova,PD,Veneto,45.642812,11.864938
028078,San Pietro in Gu,028,Padova,PD,Veneto,45.612846,11.668616
028079,San Pietro Viminario,028,Padova,PD,Veneto,45.242766,11.824852
028080,Santa Giustina in Colle,028,Padova,PD,Veneto,45.577613,11.895483
028082,Sant'Angelo di Piove di Sacco,028,Padova,PD,Veneto,45.341397,12.005323
028083,Sant'Elena,028,Padova,PD,Veneto,45.185893,11.705922
028084,Sant'Urbano,028,Padova,PD,Veneto,45.133158,11.631235
028085,Saonara,028,Padova,PD,Veneto,45.375930,11.981826
028086,Selvazzano Dentro,028,Padova,PD,Veneto,45.399503,11.789058
028087,Solesino,028,Padova,PD,Veneto,45.179076,11.747638
028088,Stanghella,028,Padova,PD,Veneto,45.149156,11.765906
028089,Teolo,028,Padova,PD,Veneto,45.356400,11.707969
028090,Terrassa Padovana,028,Padova,PD,Veneto,45.247683,11.924134
028091,Tombolo,028,Padova,PD,Veneto,45.634817,11.824378
028092,Torreglia,028,Padova,PD,Veneto,45.338118,11.726875
028093,Trebaseleghe,028,Padova,PD,Veneto,45.593027,12.044113
028094,Tribano,028,Padova,PD,Veneto,45.196462,11.838787
028095,Urbana,028,Padova,PD,Veneto,45.199773,11.430375
028096,Veggiano,028,Padova,PD,Veneto,45.435377,11.715598
028097,Vescovana,028,Padova,PD,Veneto,45.118836,11.725747
028099,Vigodarzere,028,Padova,PD,Veneto,45.481994,11.873771
028100,Vigonza,028,Padova,PD,Veneto,45.448994,11.971094
028101,Villa del Conte,028,Padova,PD,Veneto,45.591580,11.858624
028102,Villa Estense,028,Padova,PD,Veneto,45.168611,11.675079
028103,Villafranca Padovana,028,Padova,PD,Veneto,45.479045,11.790694
028104,Villanova di Camposampiero,028,Padova,PD,Veneto,45.496518,11.980003
028105,Vo',028,Padova,PD,Veneto,45.326106,11.646508
028106,Due Carrare,028,Padova,PD,Veneto,45.299099,11.827192
028107,Borgo Veneto,028,Padova,PD,Veneto,45.219200,11.542759
028108,Santa Caterina d'Este,028,Padova,PD,Veneto,45.173485,11.617997
029001,Adria,029,Rovigo,RO,Veneto,45.056873,12.045360
029002,Ariano nel Polesine,029,Rovigo,RO,Veneto,44.938293,12.204262
029003,Arquà Polesine,029,Rovigo,RO,Veneto,45.016224,11.738195
029004,Badia Polesine,029,Rovigo,RO,Veneto,45.092798,11.497359
029005,Bagnolo di Po,029,Rovigo,RO,Veneto,44.999375,11.503018
029006,Bergantino,029,Rovigo,RO,Veneto,45.069207,11.253175
029007,Bosaro,029,Rovigo,RO,Veneto,45.002884,11.773355
029008,Calto,029,Rovigo,RO,Veneto,44.995494,11.357295
029009,Canaro,029,Rovigo,RO,Veneto,44.937955,11.679339
029010,Canda,029,Rovigo,RO,Veneto,45.045985,11.516202
029011,Castelguglielmo,029,Rovigo,RO,Veneto,45.012205,11.546483
029012,Castelmassa,029,Rovigo,RO,Veneto,45.022330,11.325430
029013,Castelnovo Bariano,029,Rovigo,RO,Veneto,45.055743,11.307403
029014,Ceneselli,029,Rovigo,RO,Veneto,45.026515,11.380674
029015,Ceregnano,029,Rovigo,RO,Veneto,45.046945,11.910134
029017,Corbola,029,Rovigo,RO,Veneto,44.997267,12.110940
029018,Costa di Rovigo,029,Rovigo,RO,Veneto,45.052768,11.703206
029019,Crespino,029,Rovigo,RO,Veneto,44.997237,11.881936
029021,Ficarolo,029,Rovigo,RO,Veneto,44.957578,11.445954
029022,Fiesso Umbertiano,029,Rovigo,RO,Veneto,44.963778,11.603772
029023,Frassinelle Polesine,029,Rovigo,RO,Veneto,44.978194,11.692368
029024,Fratta Polesine,029,Rovigo,RO,Veneto,45.021361,11.633157
029025,Gaiba,029,Rovigo,RO,Veneto,44.950875,11.485857
029026,Gavello,029,Rovigo,RO,Veneto,45.025621,11.951698
029027,Giacciano con Baruchella,029,Rovigo,RO,Veneto,45.064305,11.440824
029028,Guarda Veneta,029,Rovigo,RO,Veneto,44.984539,11.801715
029029,Lendinara,029,Rovigo,RO,Veneto,45.075199,11.586604
029030,Loreo,029,Rovigo,RO,Veneto,45.067320,12.190244
029031,Lusia,029,Rovigo,RO,Veneto,45.095662,11.653379
029032,Melara,029,Rovigo,RO,Veneto,45.077958,11.203086
029033,Occhiobello,029,Rovigo,RO,Veneto,44.919152,11.605596
029034,Papozze,029,Rovigo,RO,Veneto,44.992505,12.041529
029035,Pettorazza Grimani,029,Rovigo,RO,Veneto,45.119326,11.998074
029036,Pincara,029,Rovigo,RO,Veneto,44.990199,11.627822
029037,Polesella,029,Rovigo,RO,Veneto,44.968845,11.738512
029038,Pontecchio Polesine,029,Rovigo,RO,Veneto,45.010168,11.814671
029039,Porto Tolle,029,Rovigo,RO,Veneto,44.924495,12.421626
029040,Rosolina,029,Rovigo,RO,Veneto,45.089146,12.298064
029041,Rovigo,029,Rovigo,RO,Veneto,45.069589,11.795210
029042,Salara,029,Rovigo,RO,Veneto,44.985800,11.422203
029043,San Bellino,029,Rovigo,RO,Veneto,45.026439,11.588246
029044,San Martino di Venezze,029,Rovigo,RO,Veneto,45.120534,11.906539
029045,Stienta,029,Rovigo,RO,Veneto,44.958653,11.531920
029046,Taglio di Po,029,Rovigo,RO,Veneto,44.942264,12.256252
029047,Trecenta,029,Rovigo,RO,Veneto,45.020674,11.450182
029048,Villadose,029,Rovigo,RO,Veneto,45.079846,11.912577
029049,Villamarzana,029,Rovigo,RO,Veneto,45.017900,11.688282
029050,Villanova del Ghebbo,029,Rovigo,RO,Veneto,45.066820,11.659223
029051,Villanova Marchesana,029,Rovigo,RO,Veneto,45.000410,11.967600
029052,Porto Viro,029,Rovigo,RO,Veneto,45.014978,12.304628
030001,Aiello del Friuli,030,Udine,UD,Friuli-Venezia Giulia,45.872105,13.353932
030002,Amaro,030,Udine,UD,Friuli-Venezia Giulia,46.390390,13.101334
030003,Ampezzo,030,Udine,UD,Friuli-Venezia Giulia,46.418715,12.750855
030004,Aquileia,030,Udine,UD,Friuli-Venezia Giulia,45.756164,13.361751
030005,Arta Terme,030,Udine,UD,Friuli-Venezia Giulia,46.479524,13.064792
030006,Artegna,030,Udine,UD,Friuli-Venezia Giulia,46.239306,13.145948
030007,Attimis,030,Udine,UD,Friuli-Venezia Giulia,46.189516,13.332800
030008,Bagnaria Arsa,030,Udine,UD,Friuli-Venezia Giulia,45.866067,13.299710
030009,Basiliano,030,Udine,UD,Friuli-Venezia Giulia,46.016239,13.096418
030010,Bertiolo,030,Udine,UD,Friuli-Venezia Giulia,45.936074,13.060895
030011,Bicinicco,030,Udine,UD,Friuli-Venezia Giulia,45.926934,13.245512
030012,Bordano,030,Udine,UD,Friuli-Venezia Giulia,46.323949,13.099054
030013,Buja,030,Udine,UD,Friuli-Venezia Giulia,46.214755,13.111488
030014,Buttrio,030,Udine,UD,Friuli-Venezia Giulia,46.014168,13.336110
030015,Camino al Tagliamento,030,Udine,UD,Friuli-Venezia Giulia,45.924326,12.938755
030016,Campoformido,030,Udine,UD,Friuli-Venezia Giulia,46.025759,13.172077
030018,Carlino,030,Udine,UD,Friuli-Venezia Giulia,45.791623,13.177570
030019,Cassacco,030,Udine,UD,Friuli-Venezia Giulia,46.181428,13.184903
030020,Castions di Strada,030,Udine,UD,Friuli-Venezia Giulia,45.889697,13.183827
030021,Cavazzo Carnico,030,Udine,UD,Friuli-Venezia Giulia,46.354355,13.029437
030022,Cercivento,030,Udine,UD,Friuli-Venezia Giulia,46.539928,12.977281
030023,Cervignano del Friuli,030,Udine,UD,Friuli-Venezia Giulia,45.829804,13.333077
030024,Chiopris-Viscone,030,Udine,UD,Friuli-Venezia Giulia,45.929912,13.390893
030025,Chiusaforte,030,Udine,UD,Friuli-Venezia Giulia,46.404248,13.385905
030026,Cividale del Friuli,030,Udine,UD,Friuli-Venezia Giulia,46.082688,13.444061
030027,Codroipo,030,Udine,UD,Friuli-Venezia Giulia,45.958889,12.985663
030028,Colloredo di Monte Albano,030,Udine,UD,Friuli-Venezia Giulia,46.162101,13.117281
030029,Comeglians,030,Udine,UD,Friuli-Venezia Giulia,46.532460,12.883200
030030,Corno di Rosazzo,030,Udine,UD,Friuli-Venezia Giulia,46.000161,13.442697
030031,Coseano,030,Udine,UD,Friuli-Venezia Giulia,46.081309,13.010785
030032,Dignano,030,Udine,UD,Friuli-Venezia Giulia,46.093915,12.949389
030033,Dogna,030,Udine,UD,Friuli-Venezia Giulia,46.455369,13.356914
030034,Drenchia,030,Udine,UD,Friuli-Venezia Giulia,46.172501,13.635032
030035,Enemonzo,030,Udine,UD,Friuli-Venezia Giulia,46.404973,12.882949
030036,Faedis,030,Udine,UD,Friuli-Venezia Giulia,46.159932,13.371942
030037,Fagagna,030,Udine,UD,Friuli-Venezia Giulia,46.107422,13.087039
030039,Flaibano,030,Udine,UD,Friuli-Venezia Giulia,46.056688,12.968527
030040,Forni Avoltri,030,Udine,UD,Friuli-Venezia Giulia,46.599334,12.794853
030041,Forni di Sopra,030,Udine,UD,Friuli-Venezia Giulia,46.422492,12.562210
030042,Forni di Sotto,030,Udine,UD,Friuli-Venezia Giulia,46.390720,12.655525
030043,Gemona del Friuli,030,Udine,UD,Friuli-Venezia Giulia,46.290683,13.157950
030044,Gonars,030,Udine,UD,Friuli-Venezia Giulia,45.893295,13.249402
030045,Grimacco,030,Udine,UD,Friuli-Venezia Giulia,46.163814,13.596178
030046,Latisana,030,Udine,UD,Friuli-Venezia Giulia,45.740719,13.033249
030047,Lauco,030,Udine,UD,Friuli-Venezia Giulia,46.445986,12.930143
030048,Lestizza,030,Udine,UD,Friuli-Venezia Giulia,45.971387,13.113690
030049,Lignano Sabbiadoro,030,Udine,UD,Friuli-Venezia Giulia,45.672282,13.102855
030051,Lusevera,030,Udine,UD,Friuli-Venezia Giulia,46.293183,13.273511
030052,Magnano in Riviera,030,Udine,UD,Friuli-Venezia Giulia,46.220919,13.179282
030053,Majano,030,Udine,UD,Friuli-Venezia Giulia,46.186674,13.063692
030054,Malborghetto Valbruna,030,Udine,UD,Friuli-Venezia Giulia,46.509474,13.439672
030055,Manzano,030,Udine,UD,Friuli-Venezia Giulia,45.991063,13.376579
030056,Marano Lagunare,030,Udine,UD,Friuli-Venezia Giulia,45.731188,13.157073
030057,Martignacco,030,Udine,UD,Friuli-Venezia Giulia,46.082895,13.148446
030058,Mereto di Tomba,030,Udine,UD,Friuli-Venezia Giulia,46.042381,13.052718
030059,Moggio Udinese,030,Udine,UD,Friuli-Venezia Giulia,46.458723,13.193625
030060,Moimacco,030,Udine,UD,Friuli-Venezia Giulia,46.092363,13.369600
030061,Montenars,030,Udine,UD,Friuli-Venezia Giulia,46.260783,13.193161
030062,Mortegliano,030,Udine,UD,Friuli-Venezia Giulia,45.949501,13.195501
030063,Moruzzo,030,Udine,UD,Friuli-Venezia Giulia,46.127243,13.138608
030064,Muzzana del Turgnano,030,Udine,UD,Friuli-Venezia Giulia,45.810433,13.133273
030065,Nimis,030,Udine,UD,Friuli-Venezia Giulia,46.220203,13.293153
030066,Osoppo,030,Udine,UD,Friuli-Venezia Giulia,46.243801,13.066990
030067,Ovaro,030,Udine,UD,Friuli-Venezia Giulia,46.483634,12.858793
030068,Pagnacco,030,Udine,UD,Friuli-Venezia Giulia,46.125295,13.181855
030069,Palazzolo dello Stella,030,Udine,UD,Friuli-Venezia Giulia,45.790432,13.078139
030070,Palmanova,030,Udine,UD,Friuli-Venezia Giulia,45.907412,13.324739
030071,Paluzza,030,Udine,UD,Friuli-Venezia Giulia,46.572470,12.982993
030072,Pasian di Prato,030,Udine,UD,Friuli-Venezia Giulia,46.052649,13.167675
030073,Paularo,030,Udine,UD,Friuli-Venezia Giulia,46.539737,13.129907
030074,Pavia di Udine,030,Udine,UD,Friuli-Venezia Giulia,45.981797,13.286469
030075,Pocenia,030,Udine,UD,Friuli-Venezia Giulia,45.852334,13.117989
030076,Pontebba,030,Udine,UD,Friuli-Venezia Giulia,46.517407,13.300015
030077,Porpetto,030,Udine,UD,Friuli-Venezia Giulia,45.859027,13.211003
030078,Povoletto,030,Udine,UD,Friuli-Venezia Giulia,46.140772,13.290375
030079,Pozzuolo del Friuli,030,Udine,UD,Friuli-Venezia Giulia,45.994950,13.205456
030080,Pradamano,030,Udine,UD,Friuli-Venezia Giulia,46.031763,13.292861
030081,Prato Carnico,030,Udine,UD,Friuli-Venezia Giulia,46.515930,12.738257
030082,Precenicco,030,Udine,UD,Friuli-Venezia Giulia,45.761766,13.060648
030083,Premariacco,030,Udine,UD,Friuli-Venezia Giulia,46.046256,13.386445
030084,Preone,030,Udine,UD,Friuli-Venezia Giulia,46.364323,12.877481
030085,Prepotto,030,Udine,UD,Friuli-Venezia Giulia,46.072554,13.511264
030086,Pulfero,030,Udine,UD,Friuli-Venezia Giulia,46.187585,13.474584
030087,Ragogna,030,Udine,UD,Friuli-Venezia Giulia,46.179011,12.981760
030088,Ravascletto,030,Udine,UD,Friuli-Venezia Giulia,46.537057,12.927328
030089,Raveo,030,Udine,UD,Friuli-Venezia Giulia,46.442609,12.854472
030090,Reana del Rojale,030,Udine,UD,Friuli-Venezia Giulia,46.149054,13.246509
030091,Remanzacco,030,Udine,UD,Friuli-Venezia Giulia,46.080272,13.325437
030092,Resia,030,Udine,UD,Friuli-Venezia Giulia,46.351172,13.344977
030093,Resiutta,030,Udine,UD,Friuli-Venezia Giulia,46.377369,13.219243
030094,Rigolato,030,Udine,UD,Friuli-Venezia Giulia,46.557543,12.838332
030095,Rive d'Arcano,030,Udine,UD,Friuli-Venezia Giulia,46.125484,13.027335
030097,Ronchis,030,Udine,UD,Friuli-Venezia Giulia,45.820568,13.006835
030098,Ruda,030,Udine,UD,Friuli-Venezia Giulia,45.837173,13.387427
030099,San Daniele del Friuli,030,Udine,UD,Friuli-Venezia Giulia,46.156887,13.001896
030100,San Giorgio di Nogaro,030,Udine,UD,Friuli-Venezia Giulia,45.810840,13.216787
030101,San Giovanni al Natisone,030,Udine,UD,Friuli-Venezia Giulia,45.964524,13.408133
030102,San Leonardo,030,Udine,UD,Friuli-Venezia Giulia,46.124316,13.541166
030103,San Pietro al Natisone,030,Udine,UD,Friuli-Venezia Giulia,46.137273,13.498267
030104,Santa Maria la Longa,030,Udine,UD,Friuli-Venezia Giulia,45.939808,13.285744
030105,San Vito al Torre,030,Udine,UD,Friuli-Venezia Giulia,45.899242,13.380276
030106,San Vito di Fagagna,030,Udine,UD,Friuli-Venezia Giulia,46.084527,13.054567
030107,Sauris,030,Udine,UD,Friuli-Venezia Giulia,46.467468,12.701423
030108,Savogna,030,Udine,UD,Friuli-Venezia Giulia,46.183624,13.545562
030109,Sedegliano,030,Udine,UD,Friuli-Venezia Giulia,46.016961,12.965090
030110,Socchieve,030,Udine,UD,Friuli-Venezia Giulia,46.383371,12.796938
030111,Stregna,030,Udine,UD,Friuli-Venezia Giulia,46.132781,13.602458
030112,Sutrio,030,Udine,UD,Friuli-Venezia Giulia,46.499800,12.967632
030113,Taipana,030,Udine,UD,Friuli-Venezia Giulia,46.261407,13.351979
030114,Talmassons,030,Udine,UD,Friuli-Venezia Giulia,45.912787,13.119937
030116,Tarcento,030,Udine,UD,Friuli-Venezia Giulia,46.223873,13.226190
030117,Tarvisio,030,Udine,UD,Friuli-Venezia Giulia,46.478133,13.585304
030118,Tavagnacco,030,Udine,UD,Friuli-Venezia Giulia,46.110420,13.221094
030120,Terzo d'Aquileia,030,Udine,UD,Friuli-Venezia Giulia,45.778515,13.313717
030121,Tolmezzo,030,Udine,UD,Friuli-Venezia Giulia,46.424976,13.036373
030122,Torreano,030,Udine,UD,Friuli-Venezia Giulia,46.146011,13.418424
030123,Torviscosa,030,Udine,UD,Friuli-Venezia Giulia,45.818206,13.265580
030124,Trasaghis,030,Udine,UD,Friuli-Venezia Giulia,46.294673,13.029416
030126,Treppo Grande,030,Udine,UD,Friuli-Venezia Giulia,46.189105,13.153534
030127,Tricesimo,030,Udine,UD,Friuli-Venezia Giulia,46.159454,13.208061
030128,Trivignano Udinese,030,Udine,UD,Friuli-Venezia Giulia,45.939905,13.337428
030129,Udine,030,Udine,UD,Friuli-Venezia Giulia,46.064397,13.245350
030130,Varmo,030,Udine,UD,Friuli-Venezia Giulia,45.881829,12.992678
030131,Venzone,030,Udine,UD,Friuli-Venezia Giulia,46.347633,13.165066
030132,Verzegnis,030,Udine,UD,Friuli-Venezia Giulia,46.370074,12.957302
030133,Villa Santina,030,Udine,UD,Friuli-Venezia Giulia,46.405725,12.937325
030135,Visco,030,Udine,UD,Friuli-Venezia Giulia,45.894674,13.345622
030136,Zuglio,030,Udine,UD,Friuli-Venezia Giulia,46.464426,12.993828
030137,Forgaria nel Friuli,030,Udine,UD,Friuli-Venezia Giulia,46.230561,12.989878
030138,Campolongo Tapogliano,030,Udine,UD,Friuli-Venezia Giulia,45.867344,13.400820
030188,Rivignano Teor,030,Udine,UD,Friuli-Venezia Giulia,45.864607,13.061177
030189,Sappada,030,Udine,UD,Friuli-Venezia Giulia,46.564219,12.685589
030190,Fiumicello Villa Vicentina,030,Udine,UD,Friuli-Venezia Giulia,45.784502,13.409449
030191,Treppo Ligosullo,030,Udine,UD,Friuli-Venezia Giulia,46.546551,13.066207
031001,Capriva del Friuli,031,Gorizia,GO,Friuli-Venezia Giulia,45.947402,13.512057
031002,Cormons,031,Gorizia,GO,Friuli-Venezia Giulia,45.956063,13.469163
031003,Doberdò del Lago,031,Gorizia,GO,Friuli-Venezia Giulia,45.842032,13.561166
031004,Dolegna del Collio,031,Gorizia,GO,Friuli-Venezia Giulia,46.017910,13.485249
031005,Farra d'Isonzo,031,Gorizia,GO,Friuli-Venezia Giulia,45.908325,13.527827
031006,Fogliano Redipuglia,031,Gorizia,GO,Friuli-Venezia Giulia,45.856759,13.490086
031007,Gorizia,031,Gorizia,GO,Friuli-Venezia Giulia,45.944151,13.598880
031008,Gradisca d'Isonzo,031,Gorizia,GO,Friuli-Venezia Giulia,45.892442,13.486878
031009,Grado,031,Gorizia,GO,Friuli-Venezia Giulia,45.716695,13.381005
031010,Mariano del Friuli,031,Gorizia,GO,Friuli-Venezia Giulia,45.913315,13.469101
031011,Medea,031,Gorizia,GO,Friuli-Venezia Giulia,45.917716,13.426540
031012,Monfalcone,031,Gorizia,GO,Friuli-Venezia Giulia,45.798957,13.543875
031013,Moraro,031,Gorizia,GO,Friuli-Venezia Giulia,45.927472,13.499347
031014,Mossa,031,Gorizia,GO,Friuli-Venezia Giulia,45.939445,13.546238
031015,Romans d'Isonzo,031,Gorizia,GO,Friuli-Venezia Giulia,45.892836,13.432376
031016,Ronchi dei Legionari,031,Gorizia,GO,Friuli-Venezia Giulia,45.829666,13.507675
031017,Sagrado,031,Gorizia,GO,Friuli-Venezia Giulia,45.878833,13.520146
031018,San Canzian d'Isonzo,031,Gorizia,GO,Friuli-Venezia Giulia,45.778081,13.463906
031019,San Floriano del Collio,031,Gorizia,GO,Friuli-Venezia Giulia,45.969311,13.569048
031020,San Lorenzo Isontino,031,Gorizia,GO,Friuli-Venezia Giulia,45.932212,13.526309
031021,San Pier d'Isonzo,031,Gorizia,GO,Friuli-Venezia Giulia,45.842484,13.458656
031022,Savogna d'Isonzo,031,Gorizia,GO,Friuli-Venezia Giulia,45.892317,13.573166
031023,Staranzano,031,Gorizia,GO,Friuli-Venezia Giulia,45.778274,13.503943
031024,Turriaco,031,Gorizia,GO,Friuli-Venezia Giulia,45.823254,13.440442
031025,Villesse,031,Gorizia,GO,Friuli-Venezia Giulia,45.859980,13.438630
032001,Duino Aurisina,032,Trieste,TS,Friuli-Venezia Giulia,45.774527,13.653267
032002,Monrupino,032,Trieste,TS,Friuli-Venezia Giulia,45.717229,13.802817
032003,Muggia,032,Trieste,TS,Friuli-Venezia Giulia,45.596461,13.775166
032004,San Dorligo della Valle,032,Trieste,TS,Friuli-Venezia Giulia,45.612165,13.857313
032005,Sgonico,032,Trieste,TS,Friuli-Venezia Giulia,45.733807,13.745146
032006,Trieste,032,Trieste,TS,Friuli-Venezia Giulia,45.663765,13.798725
033001,Agazzano,033,Piacenza,PC,Emilia-Romagna,44.967446,9.501913
033002,Alseno,033,Piacenza,PC,Emilia-Romagna,44.887247,9.962545
033003,Besenzone,033,Piacenza,PC,Emilia-Romagna,44.973801,9.980366
033004,Bettola,033,Piacenza,PC,Emilia-Romagna,44.778543,9.596582
033005,Bobbio,033,Piacenza,PC,Emilia-Romagna,44.792067,9.385928
033006,Borgonovo Val Tidone,033,Piacenza,PC,Emilia-Romagna,45.007672,9.461708
033007,Cadeo,033,Piacenza,PC,Emilia-Romagna,44.975602,9.850716
033008,Calendasco,033,Piacenza,PC,Emilia-Romagna,45.091225,9.608008
033010,Caorso,033,Piacenza,PC,Emilia-Romagna,45.053487,9.855658
033011,Carpaneto Piacentino,033,Piacenza,PC,Emilia-Romagna,44.899225,9.796887
033012,Castell'Arquato,033,Piacenza,PC,Emilia-Romagna,44.866320,9.868737
033013,Castel San Giovanni,033,Piacenza,PC,Emilia-Romagna,45.058158,9.427592
033014,Castelvetro Piacentino,033,Piacenza,PC,Emilia-Romagna,45.087950,9.991645
033015,Cerignale,033,Piacenza,PC,Emilia-Romagna,44.661112,9.359410
033016,Coli,033,Piacenza,PC,Emilia-Romagna,44.760500,9.455550
033017,Corte Brugnatella,033,Piacenza,PC,Emilia-Romagna,44.708174,9.371065
033018,Cortemaggiore,033,Piacenza,PC,Emilia-Romagna,44.999976,9.921250
033019,Farini,033,Piacenza,PC,Emilia-Romagna,44.701563,9.568848
033020,Ferriere,033,Piacenza,PC,Emilia-Romagna,44.633145,9.487708
033021,Fiorenzuola d'Arda,033,Piacenza,PC,Emilia-Romagna,44.934236,9.910213
033022,Gazzola,033,Piacenza,PC,Emilia-Romagna,44.939326,9.553800
033023,Gossolengo,033,Piacenza,PC,Emilia-Romagna,44.988015,9.624066
033024,Gragnano Trebbiense,033,Piacenza,PC,Emilia-Romagna,45.009935,9.558396
033025,Gropparello,033,Piacenza,PC,Emilia-Romagna,44.816369,9.709431
033026,Lugagnano Val d'Arda,033,Piacenza,PC,Emilia-Romagna,44.811794,9.778325
033027,Monticelli d'Ongina,033,Piacenza,PC,Emilia-Romagna,45.089605,9.928869
033028,Morfasso,033,Piacenza,PC,Emilia-Romagna,44.726819,9.721700
033030,Ottone,033,Piacenza,PC,Emilia-Romagna,44.626549,9.300902
033032,Piacenza,033,Piacenza,PC,Emilia-Romagna,45.041541,9.718111
033033,Pianello Val Tidone,033,Piacenza,PC,Emilia-Romagna,44.925839,9.410916
033034,Piozzano,033,Piacenza,PC,Emilia-Romagna,44.907761,9.463852
033035,Podenzano,033,Piacenza,PC,Emilia-Romagna,44.970615,9.702342
033036,Ponte dell'Olio,033,Piacenza,PC,Emilia-Romagna,44.858636,9.664988
033037,Pontenure,033,Piacenza,PC,Emilia-Romagna,44.993221,9.796019
033038,Rivergaro,033,Piacenza,PC,Emilia-Romagna,44.916467,9.611889
033039,Rottofreno,033,Piacenza,PC,Emilia-Romagna,45.063433,9.565552
033040,San Giorgio Piacentino,033,Piacenza,PC,Emilia-Romagna,44.923845,9.739967
033041,San Pietro in Cerro,033,Piacenza,PC,Emilia-Romagna,45.029857,9.934152
033042,Sarmato,033,Piacenza,PC,Emilia-Romagna,45.065429,9.498085
033043,Travo,033,Piacenza,PC,Emilia-Romagna,44.857635,9.525887
033044,Vernasca,033,Piacenza,PC,Emilia-Romagna,44.787762,9.843281
033045,Vigolzone,033,Piacenza,PC,Emilia-Romagna,44.889973,9.639457
033046,Villanova sull'Arda,033,Piacenza,PC,Emilia-Romagna,45.030191,10.016982
033047,Zerba,033,Piacenza,PC,Emilia-Romagna,44.673558,9.260634
033048,Ziano Piacentino,033,Piacenza,PC,Emilia-Romagna,44.990761,9.383486
033049,Alta Val Tidone,033,Piacenza,PC,Emilia-Romagna,44.899117,9.358840
034001,Albareto,034,Parma,PR,Emilia-Romagna,44.434631,9.700241
034002,Bardi,034,Parma,PR,Emilia-Romagna,44.618566,9.709672
034003,Bedonia,034,Parma,PR,Emilia-Romagna,44.525438,9.579016
034004,Berceto,034,Parma,PR,Emilia-Romagna,44.530293,9.976052
034005,Bore,034,Parma,PR,Emilia-Romagna,44.711277,9.816383
034006,Borgo Val di Taro,034,Parma,PR,Emilia-Romagna,44.501768,9.800866
034007,Busseto,034,Parma,PR,Emilia-Romagna,44.958652,10.060021
034008,Calestano,034,Parma,PR,Emilia-Romagna,44.590151,10.130576
034009,Collecchio,034,Parma,PR,Emilia-Romagna,44.751118,10.207606
034010,Colorno,034,Parma,PR,Emilia-Romagna,44.941271,10.380558
034011,Compiano,034,Parma,PR,Emilia-Romagna,44.531460,9.677326
034012,Corniglio,034,Parma,PR,Emilia-Romagna,44.475654,10.073129
034013,Felino,034,Parma,PR,Emilia-Romagna,44.679434,10.238613
034014,Fidenza,034,Parma,PR,Emilia-Romagna,44.861969,10.055827
034015,Fontanellato,034,Parma,PR,Emilia-Romagna,44.880795,10.164303
034016,Fontevivo,034,Parma,PR,Emilia-Romagna,44.848923,10.202936
034017,Fornovo di Taro,034,Parma,PR,Emilia-Romagna,44.668476,10.111921
034018,Langhirano,034,Parma,PR,Emilia-Romagna,44.614648,10.233332
034019,Lesignano de' Bagni,034,Parma,PR,Emilia-Romagna,44.617963,10.298812
034020,Medesano,034,Parma,PR,Emilia-Romagna,44.739716,10.080213
034022,Monchio delle Corti,034,Parma,PR,Emilia-Romagna,44.396528,10.113008
034023,Montechiarugolo,034,Parma,PR,Emilia-Romagna,44.704237,10.392713
034024,Neviano degli Arduini,034,Parma,PR,Emilia-Romagna,44.542752,10.312750
034025,Noceto,034,Parma,PR,Emilia-Romagna,44.802534,10.135696
034026,Palanzano,034,Parma,PR,Emilia-Romagna,44.441380,10.207660
034027,Parma,034,Parma,PR,Emilia-Romagna,44.793659,10.327593
034028,Pellegrino Parmense,034,Parma,PR,Emilia-Romagna,44.745881,9.909096
034030,Roccabianca,034,Parma,PR,Emilia-Romagna,44.997850,10.211447
034031,Sala Baganza,034,Parma,PR,Emilia-Romagna,44.696641,10.198854
034032,Salsomaggiore Terme,034,Parma,PR,Emilia-Romagna,44.803972,9.981422
034033,San Secondo Parmense,034,Parma,PR,Emilia-Romagna,44.926999,10.216080
034035,Solignano,034,Parma,PR,Emilia-Romagna,44.644067,9.972023
034036,Soragna,034,Parma,PR,Emilia-Romagna,44.937519,10.138326
034038,Terenzo,034,Parma,PR,Emilia-Romagna,44.611194,10.067362
034039,Tizzano Val Parma,034,Parma,PR,Emilia-Romagna,44.508369,10.197731
034040,Tornolo,034,Parma,PR,Emilia-Romagna,44.449686,9.544713
034041,Torrile,034,Parma,PR,Emilia-Romagna,44.901647,10.342657
034042,Traversetolo,034,Parma,PR,Emilia-Romagna,44.634134,10.372196
034044,Valmozzola,034,Parma,PR,Emilia-Romagna,44.575589,9.874697
034045,Varano de' Melegari,034,Parma,PR,Emilia-Romagna,44.692985,9.982965
034046,Varsi,034,Parma,PR,Emilia-Romagna,44.642830,9.849203
034049,Sissa Trecasali,034,Parma,PR,Emilia-Romagna,44.948421,10.279763
034050,Polesine Zibello,034,Parma,PR,Emilia-Romagna,45.012779,10.117763
034051,Sorbolo Mezzani,034,Parma,PR,Emilia-Romagna,44.887214,10.438838
035001,Albinea,035,Reggio nell'Emilia,RE,Emilia-Romagna,44.608998,10.612865
035002,Bagnolo in Piano,035,Reggio nell'Emilia,RE,Emilia-Romagna,44.783865,10.678579
035003,Baiso,035,Reggio nell'Emilia,RE,Emilia-Romagna,44.481519,10.621654
035004,Bibbiano,035,Reggio nell'Emilia,RE,Emilia-Romagna,44.673119,10.478796
035005,Boretto,035,Reggio nell'Emilia,RE,Emilia-Romagna,44.894946,10.561533
035006,Brescello,035,Reggio nell'Emilia,RE,Emilia-Romagna,44.883463,10.490914
035008,Cadelbosco di Sopra,035,Reggio nell'Emilia,RE,Emilia-Romagna,44.795934,10.618517
035009,Campagnola Emilia,035,Reggio nell'Emilia,RE,Emilia-Romagna,44.842858,10.762323
035010,Campegine,035,Reggio nell'Emilia,RE,Emilia-Romagna,44.779076,10.524946
035011,Carpineti,035,Reggio nell'Emilia,RE,Emilia-Romagna,44.452050,10.530134
035012,Casalgrande,035,Reggio nell'Emilia,RE,Emilia-Romagna,44.589058,10.752728
035013,Casina,035,Reggio nell'Emilia,RE,Emilia-Romagna,44.527761,10.489481
035014,Castellarano,035,Reggio nell'Emilia,RE,Emilia-Romagna,44.522991,10.701918
035015,Castelnovo di Sotto,035,Reggio nell'Emilia,RE,Emilia-Romagna,44.821639,10.577646
035016,Castelnovo ne' Monti,035,Reggio nell'Emilia,RE,Emilia-Romagna,44.438500,10.416890
035017,Cavriago,035,Reggio nell'Emilia,RE,Emilia-Romagna,44.703232,10.527222
035018,Canossa,035,Reggio nell'Emilia,RE,Emilia-Romagna,44.551155,10.412735
035020,Correggio,035,Reggio nell'Emilia,RE,Emilia-Romagna,44.762745,10.765480
035021,Fabbrico,035,Reggio nell'Emilia,RE,Emilia-Romagna,44.875818,10.812947
035022,Gattatico,035,Reggio nell'Emilia,RE,Emilia-Romagna,44.800038,10.471608
035023,Gualtieri,035,Reggio nell'Emilia,RE,Emilia-Romagna,44.881615,10.616914
035024,Guastalla,035,Reggio nell'Emilia,RE,Emilia-Romagna,44.905103,10.681477
035026,Luzzara,035,Reggio nell'Emilia,RE,Emilia-Romagna,44.953881,10.711249
035027,Montecchio Emilia,035,Reggio nell'Emilia,RE,Emilia-Romagna,44.708052,10.459625
035028,Novellara,035,Reggio nell'Emilia,RE,Emilia-Romagna,44.845189,10.708693
035029,Poviglio,035,Reggio nell'Emilia,RE,Emilia-Romagna,44.853144,10.525466
035030,Quattro Castella,035,Reggio nell'Emilia,RE,Emilia-Romagna,44.629782,10.513686
035032,Reggiolo,035,Reggio nell'Emilia,RE,Emilia-Romagna,44.914480,10.798363
035033,Reggio nell'Emilia,035,Reggio nell'Emilia,RE,Emilia-Romagna,44.697403,10.634474
035034,Rio Saliceto,035,Reggio nell'Emilia,RE,Emilia-Romagna,44.827167,10.803601
035035,Rolo,035,Reggio nell'Emilia,RE,Emilia-Romagna,44.888607,10.864087
035036,Rubiera,035,Reggio nell'Emilia,RE,Emilia-Romagna,44.670246,10.787480
035037,San Martino in Rio,035,Reggio nell'Emilia,RE,Emilia-Romagna,44.714987,10.783942
035038,San Polo d'Enza,035,Reggio nell'Emilia,RE,Emilia-Romagna,44.621122,10.441137
035039,Sant'Ilario d'Enza,035,Reggio nell'Emilia,RE,Emilia-Romagna,44.751101,10.467429
035040,Scandiano,035,Reggio nell'Emilia,RE,Emilia-Romagna,44.598743,10.689737
035041,Toano,035,Reggio nell'Emilia,RE,Emilia-Romagna,44.385129,10.545718
035042,Vetto,035,Reggio nell'Emilia,RE,Emilia-Romagna,44.475181,10.355670
035043,Vezzano sul Crostolo,035,Reggio nell'Emilia,RE,Emilia-Romagna,44.579452,10.530575
035044,Viano,035,Reggio nell'Emilia,RE,Emilia-Romagna,44.549752,10.594334
035045,Villa Minozzo,035,Reggio nell'Emilia,RE,Emilia-Romagna,44.318250,10.441476
035046,Ventasso,035,Reggio nell'Emilia,RE,Emilia-Romagna,44.352698,10.280931
036001,Bastiglia,036,Modena,MO,Emilia-Romagna,44.719486,10.996022
036002,Bomporto,036,Modena,MO,Emilia-Romagna,44.753281,11.047907
036003,Campogalliano,036,Modena,MO,Emilia-Romagna,44.699523,10.841285
036004,Camposanto,036,Modena,MO,Emilia-Romagna,44.802565,11.144253
036005,Carpi,036,Modena,MO,Emilia-Romagna,44.801688,10.892505
036006,Castelfranco Emilia,036,Modena,MO,Emilia-Romagna,44.598167,11.072959
036007,Castelnuovo Rangone,036,Modena,MO,Emilia-Romagna,44.562071,10.929372
036008,Castelvetro di Modena,036,Modena,MO,Emilia-Romagna,44.502258,10.929874
036009,Cavezzo,036,Modena,MO,Emilia-Romagna,44.840381,11.001364
036010,Concordia sulla Secchia,036,Modena,MO,Emilia-Romagna,44.924878,11.001991
036011,Fanano,036,Modena,MO,Emilia-Romagna,44.188645,10.782365
036012,Finale Emilia,036,Modena,MO,Emilia-Romagna,44.849302,11.266786
036013,Fiorano Modenese,036,Modena,MO,Emilia-Romagna,44.530611,10.826223
036014,Fiumalbo,036,Modena,MO,Emilia-Romagna,44.171444,10.653752
036015,Formigine,036,Modena,MO,Emilia-Romagna,44.579712,10.846053
036016,Frassinoro,036,Modena,MO,Emilia-Romagna,44.263614,10.539048
036017,Guiglia,036,Modena,MO,Emilia-Romagna,44.401596,10.956018
036018,Lama Mocogno,036,Modena,MO,Emilia-Romagna,44.298437,10.699790
036019,Maranello,036,Modena,MO,Emilia-Romagna,44.508095,10.870091
036020,Marano sul Panaro,036,Modena,MO,Emilia-Romagna,44.436709,10.913640
036021,Medolla,036,Modena,MO,Emilia-Romagna,44.837951,11.075754
036022,Mirandola,036,Modena,MO,Emilia-Romagna,44.907431,11.124772
036023,Modena,036,Modena,MO,Emilia-Romagna,44.643964,10.915197
036024,Montecreto,036,Modena,MO,Emilia-Romagna,44.260107,10.732115
036025,Montefiorino,036,Modena,MO,Emilia-Romagna,44.342685,10.596514
036026,Montese,036,Modena,MO,Emilia-Romagna,44.267475,10.924041
036027,Nonantola,036,Modena,MO,Emilia-Romagna,44.685303,11.055871
036028,Novi di Modena,036,Modena,MO,Emilia-Romagna,44.873058,10.929445
036029,Palagano,036,Modena,MO,Emilia-Romagna,44.329152,10.642707
036030,Pavullo nel Frignano,036,Modena,MO,Emilia-Romagna,44.337460,10.844397
036031,Pievepelago,036,Modena,MO,Emilia-Romagna,44.181816,10.577931
036032,Polinago,036,Modena,MO,Emilia-Romagna,44.372375,10.725032
036033,Prignano sulla Secchia,036,Modena,MO,Emilia-Romagna,44.448565,10.710113
036034,Ravarino,036,Modena,MO,Emilia-Romagna,44.744107,11.092736
036035,Riolunato,036,Modena,MO,Emilia-Romagna,44.230621,10.652092
036036,San Cesario sul Panaro,036,Modena,MO,Emilia-Romagna,44.574047,11.023493
036037,San Felice sul Panaro,036,Modena,MO,Emilia-Romagna,44.845138,11.150735
036038,San Possidonio,036,Modena,MO,Emilia-Romagna,44.885371,10.991833
036039,San Prospero,036,Modena,MO,Emilia-Romagna,44.789477,11.032531
036040,Sassuolo,036,Modena,MO,Emilia-Romagna,44.533119,10.778270
036041,Savignano sul Panaro,036,Modena,MO,Emilia-Romagna,44.476650,11.021510
036042,Serramazzoni,036,Modena,MO,Emilia-Romagna,44.433686,10.812215
036043,Sestola,036,Modena,MO,Emilia-Romagna,44.247628,10.786691
036044,Soliera,036,Modena,MO,Emilia-Romagna,44.747585,10.941630
036045,Spilamberto,036,Modena,MO,Emilia-Romagna,44.537319,11.000404
036046,Vignola,036,Modena,MO,Emilia-Romagna,44.486940,10.996395
036047,Zocca,036,Modena,MO,Emilia-Romagna,44.360866,10.994833
037001,Anzola dell'Emilia,237,Bologna,BO,Emilia-Romagna,44.565380,11.193141
037002,Argelato,237,Bologna,BO,Emilia-Romagna,44.631070,11.332941
037003,Baricella,237,Bologna,BO,Emilia-Romagna,44.668493,11.571355
037005,Bentivoglio,237,Bologna,BO,Emilia-Romagna,44.632971,11.422801
037006,Bologna,237,Bologna,BO,Emilia-Romagna,44.498009,11.333306
037007,Borgo Tossignano,237,Bologna,BO,Emilia-Romagna,44.272183,11.611140
037008,Budrio,237,Bologna,BO,Emilia-Romagna,44.562684,11.546622
037009,Calderara di Reno,237,Bologna,BO,Emilia-Romagna,44.568142,11.274918
037010,Camugnano,237,Bologna,BO,Emilia-Romagna,44.152768,11.095892
037011,Casalecchio di Reno,237,Bologna,BO,Emilia-Romagna,44.470995,11.265403
037012,Casalfiumanese,237,Bologna,BO,Emilia-Romagna,44.295184,11.536188
037013,Castel d'Aiano,237,Bologna,BO,Emilia-Romagna,44.279477,11.016040
037014,Castel del Rio,237,Bologna,BO,Emilia-Romagna,44.205754,11.495544
037015,Castel di Casio,237,Bologna,BO,Emilia-Romagna,44.159404,11.022301
037016,Castel Guelfo di Bologna,237,Bologna,BO,Emilia-Romagna,44.444574,11.661700
037017,Castello d'Argile,237,Bologna,BO,Emilia-Romagna,44.685540,11.308584
037019,Castel Maggiore,237,Bologna,BO,Emilia-Romagna,44.571734,11.353400
037020,Castel San Pietro Terme,237,Bologna,BO,Emilia-Romagna,44.396268,11.548055
037021,Castenaso,237,Bologna,BO,Emilia-Romagna,44.511324,11.465344
037022,Castiglione dei Pepoli,237,Bologna,BO,Emilia-Romagna,44.150688,11.183098
037024,Crevalcore,237,Bologna,BO,Emilia-Romagna,44.752512,11.185820
037025,Dozza,237,Bologna,BO,Emilia-Romagna,44.382095,11.637346
037026,Fontanelice,237,Bologna,BO,Emilia-Romagna,44.251813,11.545253
037027,Gaggio Montano,237,Bologna,BO,Emilia-Romagna,44.218459,10.980891
037028,Galliera,237,Bologna,BO,Emilia-Romagna,44.747007,11.429360
037030,Granarolo dell'Emilia,237,Bologna,BO,Emilia-Romagna,44.561313,11.432782
037031,Grizzana Morandi,237,Bologna,BO,Emilia-Romagna,44.248913,11.130503
037032,Imola,237,Bologna,BO,Emilia-Romagna,44.387744,11.716043
037033,Lizzano in Belvedere,237,Bologna,BO,Emilia-Romagna,44.162714,10.864127
037034,Loiano,237,Bologna,BO,Emilia-Romagna,44.281939,11.326747
037035,Malalbergo,237,Bologna,BO,Emilia-Romagna,44.687587,11.509956
037036,Marzabotto,237,Bologna,BO,Emilia-Romagna,44.338498,11.202521
037037,Medicina,237,Bologna,BO,Emilia-Romagna,44.514327,11.669075
037038,Minerbio,237,Bologna,BO,Emilia-Romagna,44.616408,11.502660
037039,Molinella,237,Bologna,BO,Emilia-Romagna,44.608473,11.685905
037040,Monghidoro,237,Bologna,BO,Emilia-Romagna,44.217036,11.321209
037041,Monterenzio,237,Bologna,BO,Emilia-Romagna,44.296564,11.423579
037042,Monte San Pietro,237,Bologna,BO,Emilia-Romagna,44.426282,11.145856
037044,Monzuno,237,Bologna,BO,Emilia-Romagna,44.282991,11.250708
037045,Mordano,237,Bologna,BO,Emilia-Romagna,44.409570,11.796114
037046,Ozzano dell'Emilia,237,Bologna,BO,Emilia-Romagna,44.428350,11.476028
037047,Pianoro,237,Bologna,BO,Emilia-Romagna,44.376521,11.356725
037048,Pieve di Cento,237,Bologna,BO,Emilia-Romagna,44.733684,11.325374
037050,Sala Bolognese,237,Bologna,BO,Emilia-Romagna,44.625959,11.267717
037051,San Benedetto Val di Sambro,237,Bologna,BO,Emilia-Romagna,44.197961,11.236100
037052,San Giorgio di Piano,237,Bologna,BO,Emilia-Romagna,44.657527,11.374698
037053,San Giovanni in Persiceto,237,Bologna,BO,Emilia-Romagna,44.660396,11.203303
037054,San Lazzaro di Savena,237,Bologna,BO,Emilia-Romagna,44.450813,11.425889
037055,San Pietro in Casale,237,Bologna,BO,Emilia-Romagna,44.710588,11.404894
037056,Sant'Agata Bolognese,237,Bologna,BO,Emilia-Romagna,44.665839,11.127428
037057,Sasso Marconi,237,Bologna,BO,Emilia-Romagna,44.406549,11.242197
037059,Vergato,237,Bologna,BO,Emilia-Romagna,44.291321,11.085788
037060,Zola Predosa,237,Bologna,BO,Emilia-Romagna,44.495109,11.210336
037061,Valsamoggia,237,Bologna,BO,Emilia-Romagna,44.444009,11.091329
037062,Alto Reno Terme,237,Bologna,BO,Emilia-Romagna,44.127863,10.936106
038001,Argenta,038,Ferrara,FE,Emilia-Romagna,44.622282,11.889097
038003,Bondeno,038,Ferrara,FE,Emilia-Romagna,44.903200,11.373796
038004,Cento,038,Ferrara,FE,Emilia-Romagna,44.775933,11.307954
038005,Codigoro,038,Ferrara,FE,Emilia-Romagna,44.858174,12.127743
038006,Comacchio,038,Ferrara,FE,Emilia-Romagna,44.683433,12.161905
038007,Copparo,038,Ferrara,FE,Emilia-Romagna,44.902554,11.860864
038008,Ferrara,038,Ferrara,FE,Emilia-Romagna,44.822834,11.649244
038010,Jolanda di Savoia,038,Ferrara,FE,Emilia-Romagna,44.875283,11.978946
038011,Lagosanto,038,Ferrara,FE,Emilia-Romagna,44.770310,12.143201
038012,Masi Torello,038,Ferrara,FE,Emilia-Romagna,44.782925,11.798309
038014,Mesola,038,Ferrara,FE,Emilia-Romagna,44.899572,12.219151
038017,Ostellato,038,Ferrara,FE,Emilia-Romagna,44.723752,11.977866
038018,Poggio Renatico,038,Ferrara,FE,Emilia-Romagna,44.770309,11.497556
038019,Portomaggiore,038,Ferrara,FE,Emilia-Romagna,44.698188,11.839072
038022,Vigarano Mainarda,038,Ferrara,FE,Emilia-Romagna,44.852701,11.495999
038023,Voghiera,038,Ferrara,FE,Emilia-Romagna,44.762410,11.738011
038025,Goro,038,Ferrara,FE,Emilia-Romagna,44.837942,12.310782
038027,Fiscaglia,038,Ferrara,FE,Emilia-Romagna,44.788778,12.014134
038028,Terre del Reno,038,Ferrara,FE,Emilia-Romagna,44.807083,11.405144
038029,Riva del Po,038,Ferrara,FE,Emilia-Romagna,44.954051,11.917594
038030,Tresignana,038,Ferrara,FE,Emilia-Romagna,44.825890,11.882855
039001,Alfonsine,039,Ravenna,RA,Emilia-Romagna,44.544750,12.003473
039002,Bagnacavallo,039,Ravenna,RA,Emilia-Romagna,44.439269,12.005607
039003,Bagnara di Romagna,039,Ravenna,RA,Emilia-Romagna,44.392668,11.835166
039004,Brisighella,039,Ravenna,RA,Emilia-Romagna,44.194410,11.740945
039005,Casola Valsenio,039,Ravenna,RA,Emilia-Romagna,44.204866,11.611032
039006,Castel Bolognese,039,Ravenna,RA,Emilia-Romagna,44.320602,11.786838
039007,Cervia,039,Ravenna,RA,Emilia-Romagna,44.251241,12.315003
039008,Conselice,039,Ravenna,RA,Emilia-Romagna,44.527155,11.833560
039009,Cotignola,039,Ravenna,RA,Emilia-Romagna,44.380122,11.912168
039010,Faenza,039,Ravenna,RA,Emilia-Romagna,44.297225,11.909782
039011,Fusignano,039,Ravenna,RA,Emilia-Romagna,44.483057,11.973055
039012,Lugo,039,Ravenna,RA,Emilia-Romagna,44.477468,11.906725
039013,Massa Lombarda,039,Ravenna,RA,Emilia-Romagna,44.461534,11.814325
039014,Ravenna,039,Ravenna,RA,Emilia-Romagna,44.412567,12.193031
039015,Riolo Terme,039,Ravenna,RA,Emilia-Romagna,44.276552,11.701964
039016,Russi,039,Ravenna,RA,Emilia-Romagna,44.372622,12.047504
039017,Sant'Agata sul Santerno,039,Ravenna,RA,Emilia-Romagna,44.446852,11.862508
039018,Solarolo,039,Ravenna,RA,Emilia-Romagna,44.357566,11.836334
040001,Bagno di Romagna,040,Forlì-Cesena,FC,Emilia-Romagna,43.866115,11.945323
040003,Bertinoro,040,Forlì-Cesena,FC,Emilia-Romagna,44.156838,12.145226
040004,Borghi,040,Forlì-Cesena,FC,Emilia-Romagna,44.017411,12.352725
040005,Castrocaro Terme e Terra del Sole,040,Forlì-Cesena,FC,Emilia-Romagna,44.172000,11.934086
040007,Cesena,040,Forlì-Cesena,FC,Emilia-Romagna,44.130513,12.234887
040008,Cesenatico,040,Forlì-Cesena,FC,Emilia-Romagna,44.175751,12.380025
040009,Civitella di Romagna,040,Forlì-Cesena,FC,Emilia-Romagna,44.013469,12.011723
040011,Dovadola,040,Forlì-Cesena,FC,Emilia-Romagna,44.122030,11.879169
040012,Forlì,040,Forlì-Cesena,FC,Emilia-Romagna,44.227383,12.049820
040013,Forlimpopoli,040,Forlì-Cesena,FC,Emilia-Romagna,44.189554,12.127781
040014,Galeata,040,Forlì-Cesena,FC,Emilia-Romagna,43.991249,11.913461
040015,Gambettola,040,Forlì-Cesena,FC,Emilia-Romagna,44.118353,12.347680
040016,Gatteo,040,Forlì-Cesena,FC,Emilia-Romagna,44.130924,12.391631
040018,Longiano,040,Forlì-Cesena,FC,Emilia-Romagna,44.082391,12.342278
040019,Meldola,040,Forlì-Cesena,FC,Emilia-Romagna,44.096999,12.064455
040020,Mercato Saraceno,040,Forlì-Cesena,FC,Emilia-Romagna,43.983225,12.166916
040022,Modigliana,040,Forlì-Cesena,FC,Emilia-Romagna,44.149183,11.797822
040028,Montiano,040,Forlì-Cesena,FC,Emilia-Romagna,44.073243,12.298580
040031,Portico e San Benedetto,040,Forlì-Cesena,FC,Emilia-Romagna,44.000127,11.719992
040032,Predappio,040,Forlì-Cesena,FC,Emilia-Romagna,44.091947,11.951642
040033,Premilcuore,040,Forlì-Cesena,FC,Emilia-Romagna,43.966822,11.781568
040036,Rocca San Casciano,040,Forlì-Cesena,FC,Emilia-Romagna,44.060920,11.842564
040037,Roncofreddo,040,Forlì-Cesena,FC,Emilia-Romagna,44.043871,12.265858
040041,San Mauro Pascoli,040,Forlì-Cesena,FC,Emilia-Romagna,44.114559,12.432090
040043,Santa Sofia,040,Forlì-Cesena,FC,Emilia-Romagna,43.914369,11.850234
040044,Sarsina,040,Forlì-Cesena,FC,Emilia-Romagna,43.927860,12.103830
040045,Savignano sul Rubicone,040,Forlì-Cesena,FC,Emilia-Romagna,44.101585,12.399315
040046,Sogliano al Rubicone,040,Forlì-Cesena,FC,Emilia-Romagna,43.972713,12.264995
040049,Tredozio,040,Forlì-Cesena,FC,Emilia-Romagna,44.062343,11.750775
040050,Verghereto,040,Forlì-Cesena,FC,Emilia-Romagna,43.803997,12.055492
041001,Acqualagna,041,Pesaro e Urbino,PU,Marche,43.632816,12.633119
041002,Apecchio,041,Pesaro e Urbino,PU,Marche,43.557786,12.418819
041005,Belforte all'Isauro,041,Pesaro e Urbino,PU,Marche,43.712296,12.365515
041006,Borgo Pace,041,Pesaro e Urbino,PU,Marche,43.641349,12.253706
041007,Cagli,041,Pesaro e Urbino,PU,Marche,43.563785,12.654175
041008,Cantiano,041,Pesaro e Urbino,PU,Marche,43.468342,12.627140
041009,Carpegna,041,Pesaro e Urbino,PU,Marche,43.767457,12.320406
041010,Cartoceto,041,Pesaro e Urbino,PU,Marche,43.778027,12.911401
041013,Fano,041,Pesaro e Urbino,PU,Marche,43.812277,12.994524
041014,Fermignano,041,Pesaro e Urbino,PU,Marche,43.666903,12.661630
041015,Fossombrone,041,Pesaro e Urbino,PU,Marche,43.665085,12.801776
041016,Fratte Rosa,041,Pesaro e Urbino,PU,Marche,43.639816,12.911896
041017,Frontino,041,Pesaro e Urbino,PU,Marche,43.765818,12.362759
041018,Frontone,041,Pesaro e Urbino,PU,Marche,43.504084,12.718246
041019,Gabicce Mare,041,Pesaro e Urbino,PU,Marche,43.958514,12.768037
041020,Gradara,041,Pesaro e Urbino,PU,Marche,43.932720,12.774909
041021,Isola del Piano,041,Pesaro e Urbino,PU,Marche,43.731251,12.776006
041022,Lunano,041,Pesaro e Urbino,PU,Marche,43.749920,12.435133
041023,Macerata Feltria,041,Pesaro e Urbino,PU,Marche,43.810555,12.449004
041025,Mercatello sul Metauro,041,Pesaro e Urbino,PU,Marche,43.634439,12.333314
041026,Mercatino Conca,041,Pesaro e Urbino,PU,Marche,43.862992,12.516033
041027,Mombaroccio,041,Pesaro e Urbino,PU,Marche,43.807116,12.865009
041028,Mondavio,041,Pesaro e Urbino,PU,Marche,43.668569,12.970720
041029,Mondolfo,041,Pesaro e Urbino,PU,Marche,43.751203,13.122404
041030,Montecalvo in Foglia,041,Pesaro e Urbino,PU,Marche,43.809087,12.641626
041031,Monte Cerignone,041,Pesaro e Urbino,PU,Marche,43.843849,12.439061
041034,Montefelcino,041,Pesaro e Urbino,PU,Marche,43.752841,12.807765
041035,Monte Grimano Terme,041,Pesaro e Urbino,PU,Marche,43.864960,12.457808
041036,Montelabbate,041,Pesaro e Urbino,PU,Marche,43.841269,12.776712
041038,Monte Porzio,041,Pesaro e Urbino,PU,Marche,43.701838,13.047993
041041,Peglio,041,Pesaro e Urbino,PU,Marche,43.701008,12.493937
041043,Pergola,041,Pesaro e Urbino,PU,Marche,43.569426,12.835261
041044,Pesaro,041,Pesaro e Urbino,PU,Marche,43.872950,12.855918
041045,Petriano,041,Pesaro e Urbino,PU,Marche,43.782035,12.716627
041047,Piandimeleto,041,Pesaro e Urbino,PU,Marche,43.742976,12.396304
041048,Pietrarubbia,041,Pesaro e Urbino,PU,Marche,43.798851,12.382018
041049,Piobbico,041,Pesaro e Urbino,PU,Marche,43.584070,12.511607
041051,San Costanzo,041,Pesaro e Urbino,PU,Marche,43.753591,13.056691
041054,San Lorenzo in Campo,041,Pesaro e Urbino,PU,Marche,43.609477,12.930282
041057,Sant'Angelo in Vado,041,Pesaro e Urbino,PU,Marche,43.662900,12.416914
041058,Sant'Ippolito,041,Pesaro e Urbino,PU,Marche,43.682166,12.880968
041061,Serra Sant'Abbondio,041,Pesaro e Urbino,PU,Marche,43.489985,12.762136
041064,Tavoleto,041,Pesaro e Urbino,PU,Marche,43.848565,12.566970
041065,Tavullia,041,Pesaro e Urbino,PU,Marche,43.885337,12.750766
041066,Urbania,041,Pesaro e Urbino,PU,Marche,43.650541,12.520659
041067,Urbino,041,Pesaro e Urbino,PU,Marche,43.739727,12.624191
041068,Vallefoglia,041,Pesaro e Urbino,PU,Marche,43.827682,12.736916
041069,Colli al Metauro,041,Pesaro e Urbino,PU,Marche,43.748878,12.898823
041070,Terre Roveresche,041,Pesaro e Urbino,PU,Marche,43.705125,12.959069
041071,Sassocorvaro Auditore,041,Pesaro e Urbino,PU,Marche,43.800106,12.522859
042001,Agugliano,042,Ancona,AN,Marche,43.554400,13.364692
042002,Ancona,042,Ancona,AN,Marche,43.572762,13.492028
042003,Arcevia,042,Ancona,AN,Marche,43.526034,12.953769
042004,Barbara,042,Ancona,AN,Marche,43.582783,13.021313
042005,Belvedere Ostrense,042,Ancona,AN,Marche,43.569146,13.155845
042006,Camerano,042,Ancona,AN,Marche,43.525626,13.549527
042007,Camerata Picena,042,Ancona,AN,Marche,43.581734,13.366694
042008,Castelbellino,042,Ancona,AN,Marche,43.496209,13.159030
042010,Castelfidardo,042,Ancona,AN,Marche,43.464355,13.563250
042011,Castelleone di Suasa,042,Ancona,AN,Marche,43.608712,12.989468
042012,Castelplanio,042,Ancona,AN,Marche,43.506577,13.104914
042013,Cerreto d'Esi,042,Ancona,AN,Marche,43.319249,12.993944
042014,Chiaravalle,042,Ancona,AN,Marche,43.607669,13.324422
042015,Corinaldo,042,Ancona,AN,Marche,43.648561,13.044265
042016,Cupramontana,042,Ancona,AN,Marche,43.450072,13.120503
042017,Fabriano,042,Ancona,AN,Marche,43.331780,12.906453
042018,Falconara Marittima,042,Ancona,AN,Marche,43.621096,13.374416
042019,Filottrano,042,Ancona,AN,Marche,43.439261,13.348276
042020,Genga,042,Ancona,AN,Marche,43.426311,12.936666
042021,Jesi,042,Ancona,AN,Marche,43.516522,13.261303
042022,Loreto,042,Ancona,AN,Marche,43.435169,13.618160
042023,Maiolati Spontini,042,Ancona,AN,Marche,43.495723,13.128398
042024,Mergo,042,Ancona,AN,Marche,43.474743,13.035741
042025,Monsano,042,Ancona,AN,Marche,43.567843,13.268177
042026,Montecarotto,042,Ancona,AN,Marche,43.541833,13.082118
042027,Montemarciano,042,Ancona,AN,Marche,43.641630,13.305972
042029,Monte Roberto,042,Ancona,AN,Marche,43.483672,13.175154
042030,Monte San Vito,042,Ancona,AN,Marche,43.602919,13.274232
042031,Morro d'Alba,042,Ancona,AN,Marche,43.610559,13.221288
042032,Numana,042,Ancona,AN,Marche,43.487990,13.616105
042033,Offagna,042,Ancona,AN,Marche,43.529223,13.443237
042034,Osimo,042,Ancona,AN,Marche,43.484261,13.462315
042035,Ostra,042,Ancona,AN,Marche,43.612061,13.136963
042036,Ostra Vetere,042,Ancona,AN,Marche,43.602725,13.070656
042037,Poggio San Marcello,042,Ancona,AN,Marche,43.516776,13.085738
042038,Polverigi,042,Ancona,AN,Marche,43.520752,13.374861
042040,Rosora,042,Ancona,AN,Marche,43.485816,13.053251
042041,San Marcello,042,Ancona,AN,Marche,43.562438,13.206034
042042,San Paolo di Jesi,042,Ancona,AN,Marche,43.463153,13.181330
042043,Santa Maria Nuova,042,Ancona,AN,Marche,43.487607,13.323609
042044,Sassoferrato,042,Ancona,AN,Marche,43.444887,12.830866
042045,Senigallia,042,Ancona,AN,Marche,43.681758,13.200905
042046,Serra de' Conti,042,Ancona,AN,Marche,43.545297,13.040215
042047,Serra San Quirico,042,Ancona,AN,Marche,43.438994,13.037140
042048,Sirolo,042,Ancona,AN,Marche,43.518905,13.602201
042049,Staffolo,042,Ancona,AN,Marche,43.438988,13.193410
042050,Trecastelli,042,Ancona,AN,Marche,43.685575,13.107415
043002,Apiro,043,Macerata,MC,Marche,43.381606,13.108055
043003,Appignano,043,Macerata,MC,Marche,43.370456,13.360489
043004,Belforte del Chienti,043,Macerata,MC,Marche,43.164313,13.243816
043005,Bolognola,043,Macerata,MC,Marche,42.985216,13.217591
043006,Caldarola,043,Macerata,MC,Marche,43.126214,13.201846
043007,Camerino,043,Macerata,MC,Marche,43.135585,13.074673
043008,Camporotondo di Fiastrone,043,Macerata,MC,Marche,43.135802,13.265946
043009,Castelraimondo,043,Macerata,MC,Marche,43.203984,13.053998
043010,Castelsantangelo sul Nera,043,Macerata,MC,Marche,42.878299,13.181836
043011,Cessapalombo,043,Macerata,MC,Marche,43.090227,13.237351
043012,Cingoli,043,Macerata,MC,Marche,43.383341,13.230838
043013,Civitanova Marche,043,Macerata,MC,Marche,43.313373,13.684947
043014,Colmurano,043,Macerata,MC,Marche,43.168299,13.359448
043015,Corridonia,043,Macerata,MC,Marche,43.249782,13.507856
043016,Esanatoglia,043,Macerata,MC,Marche,43.247660,12.932486
043017,Fiastra,043,Macerata,MC,Marche,43.039366,13.169778
043019,Fiuminata,043,Macerata,MC,Marche,43.165984,12.897493
043020,Gagliole,043,Macerata,MC,Marche,43.242005,13.076152
043021,Gualdo,043,Macerata,MC,Marche,43.066889,13.355252
043022,Loro Piceno,043,Macerata,MC,Marche,43.165045,13.418825
043023,Macerata,043,Macerata,MC,Marche,43.303277,13.451906
043024,Matelica,043,Macerata,MC,Marche,43.271619,13.024514
043025,Mogliano,043,Macerata,MC,Marche,43.189217,13.483495
043026,Montecassiano,043,Macerata,MC,Marche,43.362491,13.435822
043027,Monte Cavallo,043,Macerata,MC,Marche,42.991322,12.987913
043028,Montecosaro,043,Macerata,MC,Marche,43.305453,13.632500
043029,Montefano,043,Macerata,MC,Marche,43.411579,13.416064
043030,Montelupone,043,Macerata,MC,Marche,43.344326,13.552526
043031,Monte San Giusto,043,Macerata,MC,Marche,43.237310,13.581742
043032,Monte San Martino,043,Macerata,MC,Marche,43.029369,13.425575
043033,Morrovalle,043,Macerata,MC,Marche,43.298292,13.578732
043034,Muccia,043,Macerata,MC,Marche,43.071002,13.024203
043035,Penna San Giovanni,043,Macerata,MC,Marche,43.059927,13.422198
043036,Petriolo,043,Macerata,MC,Marche,43.219917,13.459618
043038,Pieve Torina,043,Macerata,MC,Marche,43.013907,13.032333
043039,Pioraco,043,Macerata,MC,Marche,43.181921,12.993325
043040,Poggio San Vicino,043,Macerata,MC,Marche,43.364994,13.071392
043041,Pollenza,043,Macerata,MC,Marche,43.262285,13.353903
043042,Porto Recanati,043,Macerata,MC,Marche,43.436316,13.645038
043043,Potenza Picena,043,Macerata,MC,Marche,43.370717,13.644623
043044,Recanati,043,Macerata,MC,Marche,43.401256,13.531297
043045,Ripe San Ginesio,043,Macerata,MC,Marche,43.142591,13.372960
043046,San Ginesio,043,Macerata,MC,Marche,43.103211,13.309290
043047,San Severino Marche,043,Macerata,MC,Marche,43.268349,13.173938
043048,Sant'Angelo in Pontano,043,Macerata,MC,Marche,43.103217,13.403414
043049,Sarnano,043,Macerata,MC,Marche,43.022453,13.283309
043050,Sefro,043,Macerata,MC,Marche,43.132731,12.952913
043051,Serrapetrona,043,Macerata,MC,Marche,43.173981,13.180050
043052,Serravalle di Chienti,043,Macerata,MC,Marche,43.036900,12.938017
043053,Tolentino,043,Macerata,MC,Marche,43.208096,13.312766
043054,Treia,043,Macerata,MC,Marche,43.315428,13.315940
043055,Urbisaglia,043,Macerata,MC,Marche,43.204411,13.391552
043056,Ussita,043,Macerata,MC,Marche,42.942274,13.163447
043057,Visso,043,Macerata,MC,Marche,42.935881,13.052071
043058,Valfornace,043,Macerata,MC,Marche,43.054908,13.112335
044001,Acquasanta Terme,044,Ascoli Piceno,AP,Marche,42.760110,13.407412
044002,Acquaviva Picena,044,Ascoli Piceno,AP,Marche,42.940289,13.803090
044005,Appignano del Tronto,044,Ascoli Piceno,AP,Marche,42.896648,13.659012
044006,Arquata del Tronto,044,Ascoli Piceno,AP,Marche,42.762502,13.283248
044007,Ascoli Piceno,044,Ascoli Piceno,AP,Marche,42.851226,13.568728
044010,Carassai,044,Ascoli Piceno,AP,Marche,43.026825,13.671404
044011,Castel di Lama,044,Ascoli Piceno,AP,Marche,42.876280,13.702407
044012,Castignano,044,Ascoli Piceno,AP,Marche,42.936590,13.625560
044013,Castorano,044,Ascoli Piceno,AP,Marche,42.895173,13.734156
044014,Colli del Tronto,044,Ascoli Piceno,AP,Marche,42.870426,13.745443
044015,Comunanza,044,Ascoli Piceno,AP,Marche,42.918279,13.415472
044016,Cossignano,044,Ascoli Piceno,AP,Marche,42.984049,13.684445
044017,Cupra Marittima,044,Ascoli Piceno,AP,Marche,43.020607,13.841459
044020,Folignano,044,Ascoli Piceno,AP,Marche,42.821382,13.648319
044021,Force,044,Ascoli Piceno,AP,Marche,42.961816,13.495162
044023,Grottammare,044,Ascoli Piceno,AP,Marche,42.980418,13.851060
044027,Maltignano,044,Ascoli Piceno,AP,Marche,42.836166,13.688754
044029,Massignano,044,Ascoli Piceno,AP,Marche,43.047826,13.814496
044031,Monsampolo del Tronto,044,Ascoli Piceno,AP,Marche,42.899453,13.794885
044032,Montalto delle Marche,044,Ascoli Piceno,AP,Marche,42.992230,13.625011
044034,Montedinove,044,Ascoli Piceno,AP,Marche,42.974463,13.579745
044036,Montefiore dell'Aso,044,Ascoli Piceno,AP,Marche,43.048578,13.750328
044038,Montegallo,044,Ascoli Piceno,AP,Marche,42.841053,13.332042
044044,Montemonaco,044,Ascoli Piceno,AP,Marche,42.882259,13.295597
044045,Monteprandone,044,Ascoli Piceno,AP,Marche,42.909395,13.839984
044054,Offida,044,Ascoli Piceno,AP,Marche,42.937692,13.712263
044056,Palmiano,044,Ascoli Piceno,AP,Marche,42.916254,13.466736
044063,Ripatransone,044,Ascoli Piceno,AP,Marche,42.992732,13.766315
044064,Roccafluvione,044,Ascoli Piceno,AP,Marche,42.848571,13.439316
044065,Rotella,044,Ascoli Piceno,AP,Marche,42.947710,13.549330
044066,San Benedetto del Tronto,044,Ascoli Piceno,AP,Marche,42.929283,13.877648
044071,Spinetoli,044,Ascoli Piceno,AP,Marche,42.877787,13.776994
044073,Venarotta,044,Ascoli Piceno,AP,Marche,42.888022,13.503274
045001,Aulla,045,Massa-Carrara,MS,Toscana,44.202338,9.991128
045002,Bagnone,045,Massa-Carrara,MS,Toscana,44.329396,10.017614
045003,Carrara,045,Massa-Carrara,MS,Toscana,44.082214,10.093750
045004,Casola in Lunigiana,045,Massa-Carrara,MS,Toscana,44.203236,10.182789
045005,Comano,045,Massa-Carrara,MS,Toscana,44.309918,10.133981
045006,Filattiera,045,Massa-Carrara,MS,Toscana,44.366602,9.948550
045007,Fivizzano,045,Massa-Carrara,MS,Toscana,44.212563,10.132028
045008,Fosdinovo,045,Massa-Carrara,MS,Toscana,44.144029,10.026954
045009,Licciana Nardi,045,Massa-Carrara,MS,Toscana,44.283334,10.046770
045010,Massa,045,Massa-Carrara,MS,Toscana,44.054978,10.161313
045011,Montignoso,045,Massa-Carrara,MS,Toscana,44.011271,10.171204
045012,Mulazzo,045,Massa-Carrara,MS,Toscana,44.301032,9.883739
045013,Podenzana,045,Massa-Carrara,MS,Toscana,44.208525,9.918270
045014,Pontremoli,045,Massa-Carrara,MS,Toscana,44.411669,9.876801
045015,Tresana,045,Massa-Carrara,MS,Toscana,44.245788,9.902971
045016,Villafranca in Lunigiana,045,Massa-Carrara,MS,Toscana,44.290162,9.964854
045017,Zeri,045,Massa-Carrara,MS,Toscana,44.345938,9.775353
046001,Altopascio,046,Lucca,LU,Toscana,43.817067,10.683176
046002,Bagni di Lucca,046,Lucca,LU,Toscana,44.039074,10.638982
046003,Barga,046,Lucca,LU,Toscana,44.097458,10.507762
046004,Borgo a Mozzano,046,Lucca,LU,Toscana,43.974440,10.517251
046005,Camaiore,046,Lucca,LU,Toscana,43.928016,10.321008
046006,Camporgiano,046,Lucca,LU,Toscana,44.147890,10.326969
046007,Capannori,046,Lucca,LU,Toscana,43.835211,10.577272
046008,Careggine,046,Lucca,LU,Toscana,44.096682,10.320892
046009,Castelnuovo di Garfagnana,046,Lucca,LU,Toscana,44.105458,10.387961
046010,Castiglione di Garfagnana,046,Lucca,LU,Toscana,44.183614,10.449378
046011,Coreglia Antelminelli,046,Lucca,LU,Toscana,44.068938,10.552170
046013,Forte dei Marmi,046,Lucca,LU,Toscana,43.964457,10.173823
046014,Fosciandora,046,Lucca,LU,Toscana,44.126093,10.478945
046015,Gallicano,046,Lucca,LU,Toscana,44.048633,10.438383
046017,Lucca,046,Lucca,LU,Toscana,43.864660,10.473496
046018,Massarosa,046,Lucca,LU,Toscana,43.870030,10.325777
046019,Minucciano,046,Lucca,LU,Toscana,44.164065,10.225151
046020,Molazzana,046,Lucca,LU,Toscana,44.068887,10.378332
046021,Montecarlo,046,Lucca,LU,Toscana,43.847347,10.666503
046022,Pescaglia,046,Lucca,LU,Toscana,43.962187,10.420889
046023,Piazza al Serchio,046,Lucca,LU,Toscana,44.196985,10.293692
046024,Pietrasanta,046,Lucca,LU,Toscana,43.959671,10.220253
046025,Pieve Fosciana,046,Lucca,LU,Toscana,44.147293,10.452166
046026,Porcari,046,Lucca,LU,Toscana,43.828739,10.617043
046027,San Romano in Garfagnana,046,Lucca,LU,Toscana,44.187156,10.349451
046028,Seravezza,046,Lucca,LU,Toscana,44.017760,10.227711
046030,Stazzema,046,Lucca,LU,Toscana,44.012226,10.299965
046031,Vagli Sotto,046,Lucca,LU,Toscana,44.108005,10.274812
046033,Viareggio,046,Lucca,LU,Toscana,43.854362,10.267392
046034,Villa Basilica,046,Lucca,LU,Toscana,43.949264,10.637826
046035,Villa Collemandina,046,Lucca,LU,Toscana,44.193925,10.396446
046036,Fabbriche di Vergemoli,046,Lucca,LU,Toscana,44.023275,10.399677
046037,Sillano Giuncugnano,046,Lucca,LU,Toscana,44.242241,10.311871
047002,Agliana,047,Pistoia,PT,Toscana,43.895857,11.000874
047003,Buggiano,047,Pistoia,PT,Toscana,43.891484,10.731193
047005,Lamporecchio,047,Pistoia,PT,Toscana,43.817029,10.901768
047006,Larciano,047,Pistoia,PT,Toscana,43.827090,10.859611
047007,Marliana,047,Pistoia,PT,Toscana,43.956524,10.792569
047008,Massa e Cozzile,047,Pistoia,PT,Toscana,43.906953,10.751347
047009,Monsummano Terme,047,Pistoia,PT,Toscana,43.854912,10.829513
047010,Montale,047,Pistoia,PT,Toscana,43.960627,11.025018
047011,Montecatini-Terme,047,Pistoia,PT,Toscana,43.898333,10.781433
047012,Pescia,047,Pistoia,PT,Toscana,43.940772,10.698401
047013,Pieve a Nievole,047,Pistoia,PT,Toscana,43.869396,10.793307
047014,Pistoia,047,Pistoia,PT,Toscana,43.976914,10.915560
047016,Ponte Buggianese,047,Pistoia,PT,Toscana,43.827423,10.765895
047017,Quarrata,047,Pistoia,PT,Toscana,43.851766,10.971891
047018,Sambuca Pistoiese,047,Pistoia,PT,Toscana,44.069108,10.997490
047020,Serravalle Pistoiese,047,Pistoia,PT,Toscana,43.888478,10.871149
047021,Uzzano,047,Pistoia,PT,Toscana,43.888326,10.708826
047022,Chiesina Uzzanese,047,Pistoia,PT,Toscana,43.840870,10.721231
047023,Abetone Cutigliano,047,Pistoia,PT,Toscana,44.124948,10.705582
047024,San Marcello Piteglio,047,Pistoia,PT,Toscana,44.052807,10.796448
048001,Bagno a Ripoli,248,Firenze,FI,Toscana,43.733380,11.340560
048002,Barberino di Mugello,248,Firenze,FI,Toscana,44.020846,11.234742
048004,Borgo San Lorenzo,248,Firenze,FI,Toscana,43.963421,11.404809
048005,Calenzano,248,Firenze,FI,Toscana,43.901167,11.194170
048006,Campi Bisenzio,248,Firenze,FI,Toscana,43.822555,11.128546
048008,Capraia e Limite,248,Firenze,FI,Toscana,43.758774,10.996159
048010,Castelfiorentino,248,Firenze,FI,Toscana,43.618543,10.959355
048011,Cerreto Guidi,248,Firenze,FI,Toscana,43.757493,10.856211
048012,Certaldo,248,Firenze,FI,Toscana,43.563540,11.080644
048013,Dicomano,248,Firenze,FI,Toscana,43.914967,11.551357
048014,Empoli,248,Firenze,FI,Toscana,43.698525,10.944772
048015,Fiesole,248,Firenze,FI,Toscana,43.813012,11.328394
048017,Firenze,248,Firenze,FI,Toscana,43.780129,11.245008
048018,Firenzuola,248,Firenze,FI,Toscana,44.136047,11.375524
048019,Fucecchio,248,Firenze,FI,Toscana,43.764653,10.777992
048020,Gambassi Terme,248,Firenze,FI,Toscana,43.517203,10.947534
048021,Greve in Chianti,248,Firenze,FI,Toscana,43.604566,11.330976
048022,Impruneta,248,Firenze,FI,Toscana,43.697140,11.246474
048024,Lastra a Signa,248,Firenze,FI,Toscana,43.744947,11.083732
048025,Londa,248,Firenze,FI,Toscana,43.854339,11.600221
048026,Marradi,248,Firenze,FI,Toscana,44.061774,11.633944
048027,Montaione,248,Firenze,FI,Toscana,43.559409,10.882021
048028,Montelupo Fiorentino,248,Firenze,FI,Toscana,43.723401,11.025058
048030,Montespertoli,248,Firenze,FI,Toscana,43.647520,11.068226
048031,Palazzuolo sul Senio,248,Firenze,FI,Toscana,44.106085,11.530449
048032,Pelago,248,Firenze,FI,Toscana,43.774019,11.515183
048033,Pontassieve,248,Firenze,FI,Toscana,43.834064,11.425603
048035,Reggello,248,Firenze,FI,Toscana,43.696525,11.520406
048036,Rignano sull'Arno,248,Firenze,FI,Toscana,43.728500,11.419910
048037,Rufina,248,Firenze,FI,Toscana,43.817873,11.533700
048038,San Casciano in Val di Pesa,248,Firenze,FI,Toscana,43.641786,11.199070
048039,San Godenzo,248,Firenze,FI,Toscana,43.929325,11.642058
048041,Scandicci,248,Firenze,FI,Toscana,43.732384,11.150116
048043,Sesto Fiorentino,248,Firenze,FI,Toscana,43.839937,11.222074
048044,Signa,248,Firenze,FI,Toscana,43.793095,11.096832
048046,Vaglia,248,Firenze,FI,Toscana,43.888204,11.289778
048049,Vicchio,248,Firenze,FI,Toscana,43.960347,11.494609
048050,Vinci,248,Firenze,FI,Toscana,43.773396,10.931426
048052,Figline e Incisa Valdarno,248,Firenze,FI,Toscana,43.624254,11.434797
048053,Scarperia e San Piero,248,Firenze,FI,Toscana,44.004746,11.324721
048054,Barberino Tavarnelle,248,Firenze,FI,Toscana,43.539661,11.190770
049001,Bibbona,049,Livorno,LI,Toscana,43.264030,10.602176
049002,Campiglia Marittima,049,Livorno,LI,Toscana,43.034913,10.614315
049003,Campo nell'Elba,049,Livorno,LI,Toscana,42.721997,10.180506
049004,Capoliveri,049,Livorno,LI,Toscana,42.745508,10.358204
049005,Capraia Isola,049,Livorno,LI,Toscana,43.038069,9.819103
049006,Castagneto Carducci,049,Livorno,LI,Toscana,43.179126,10.597836
049007,Cecina,049,Livorno,LI,Toscana,43.314686,10.519551
049008,Collesalvetti,049,Livorno,LI,Toscana,43.574204,10.433682
049009,Livorno,049,Livorno,LI,Toscana,43.522099,10.348294
049010,Marciana,049,Livorno,LI,Toscana,42.781539,10.167635
049011,Marciana Marina,049,Livorno,LI,Toscana,42.799776,10.196817
049012,Piombino,049,Livorno,LI,Toscana,42.975289,10.603931
049013,Porto Azzurro,049,Livorno,LI,Toscana,42.775024,10.388247
049014,Portoferraio,049,Livorno,LI,Toscana,42.690053,10.317346
049017,Rosignano Marittimo,049,Livorno,LI,Toscana,43.420845,10.453051
049018,San Vincenzo,049,Livorno,LI,Toscana,43.074414,10.559089
049019,Sassetta,049,Livorno,LI,Toscana,43.130937,10.666803
049020,Suvereto,049,Livorno,LI,Toscana,43.059377,10.705502
049021,Rio,049,Livorno,LI,Toscana,42.824180,10.409351
050001,Bientina,050,Pisa,PI,Toscana,43.729497,10.641865
050002,Buti,050,Pisa,PI,Toscana,43.737170,10.588178
050003,Calci,050,Pisa,PI,Toscana,43.731039,10.525472
050004,Calcinaia,050,Pisa,PI,Toscana,43.679895,10.610841
050005,Capannoli,050,Pisa,PI,Toscana,43.584350,10.670535
050006,Casale Marittimo,050,Pisa,PI,Toscana,43.295177,10.612093
050008,Cascina,050,Pisa,PI,Toscana,43.664198,10.498768
050009,Castelfranco di Sotto,050,Pisa,PI,Toscana,43.753180,10.702979
050010,Castellina Marittima,050,Pisa,PI,Toscana,43.398575,10.546409
050011,Castelnuovo di Val di Cecina,050,Pisa,PI,Toscana,43.213246,10.902507
050012,Chianni,050,Pisa,PI,Toscana,43.463551,10.640254
050014,Fauglia,050,Pisa,PI,Toscana,43.563584,10.501207
050015,Guardistallo,050,Pisa,PI,Toscana,43.312426,10.628013
050016,Lajatico,050,Pisa,PI,Toscana,43.450473,10.725660
050019,Montecatini Val di Cecina,050,Pisa,PI,Toscana,43.345708,10.718021
050020,Montescudaio,050,Pisa,PI,Toscana,43.330279,10.592337
050021,Monteverdi Marittimo,050,Pisa,PI,Toscana,43.182257,10.715529
050022,Montopoli in Val d'Arno,050,Pisa,PI,Toscana,43.666671,10.738097
050023,Orciano Pisano,050,Pisa,PI,Toscana,43.495330,10.498132
050024,Palaia,050,Pisa,PI,Toscana,43.604861,10.761239
050025,Peccioli,050,Pisa,PI,Toscana,43.534220,10.775530
050026,Pisa,050,Pisa,PI,Toscana,43.672231,10.354169
050027,Pomarance,050,Pisa,PI,Toscana,43.268109,10.829458
050028,Ponsacco,050,Pisa,PI,Toscana,43.616461,10.634803
050029,Pontedera,050,Pisa,PI,Toscana,43.646623,10.646997
050030,Riparbella,050,Pisa,PI,Toscana,43.370894,10.603875
050031,San Giuliano Terme,050,Pisa,PI,Toscana,43.757036,10.410410
050032,San Miniato,050,Pisa,PI,Toscana,43.667752,10.841325
050033,Santa Croce sull'Arno,050,Pisa,PI,Toscana,43.734625,10.749659
050034,Santa Luce,050,Pisa,PI,Toscana,43.462940,10.548709
050035,Santa Maria a Monte,050,Pisa,PI,Toscana,43.706188,10.686598
050036,Terricciola,050,Pisa,PI,Toscana,43.532089,10.679073
050037,Vecchiano,050,Pisa,PI,Toscana,43.793172,10.330907
050038,Vicopisano,050,Pisa,PI,Toscana,43.699576,10.565524
050039,Volterra,050,Pisa,PI,Toscana,43.399427,10.887242
050040,Casciana Terme Lari,050,Pisa,PI,Toscana,43.556027,10.596134
050041,Crespina Lorenzana,050,Pisa,PI,Toscana,43.569699,10.540452
051001,Anghiari,051,Arezzo,AR,Toscana,43.537868,12.019930
051002,Arezzo,051,Arezzo,AR,Toscana,43.445044,11.904296
051003,Badia Tedalda,051,Arezzo,AR,Toscana,43.713438,12.172823
051004,Bibbiena,051,Arezzo,AR,Toscana,43.730744,11.848822
051005,Bucine,051,Arezzo,AR,Toscana,43.423166,11.603261
051006,Capolona,051,Arezzo,AR,Toscana,43.560820,11.830048
051007,Caprese Michelangelo,051,Arezzo,AR,Toscana,43.639736,11.981441
051008,Castel Focognano,051,Arezzo,AR,Toscana,43.641707,11.782517
051010,Castel San Niccolò,051,Arezzo,AR,Toscana,43.723314,11.659643
051011,Castiglion Fibocchi,051,Arezzo,AR,Toscana,43.543532,11.751645
051012,Castiglion Fiorentino,051,Arezzo,AR,Toscana,43.329300,11.926885
051013,Cavriglia,051,Arezzo,AR,Toscana,43.536291,11.467936
051014,Chitignano,051,Arezzo,AR,Toscana,43.660657,11.885145
051015,Chiusi della Verna,051,Arezzo,AR,Toscana,43.725470,11.922258
051016,Civitella in Val di Chiana,051,Arezzo,AR,Toscana,43.410400,11.739743
051017,Cortona,051,Arezzo,AR,Toscana,43.261674,11.999962
051018,Foiano della Chiana,051,Arezzo,AR,Toscana,43.261739,11.809895
051020,Loro Ciuffenna,051,Arezzo,AR,Toscana,43.603041,11.656871
051021,Lucignano,051,Arezzo,AR,Toscana,43.279451,11.733313
051022,Marciano della Chiana,051,Arezzo,AR,Toscana,43.315150,11.796253
051023,Montemignaio,051,Arezzo,AR,Toscana,43.749278,11.605387
051024,Monterchi,051,Arezzo,AR,Toscana,43.470957,12.092759
051025,Monte San Savino,051,Arezzo,AR,Toscana,43.343827,11.725337
051026,Montevarchi,051,Arezzo,AR,Toscana,43.500659,11.551445
051027,Ortignano Raggiolo,051,Arezzo,AR,Toscana,43.671905,11.721912
051030,Pieve Santo Stefano,051,Arezzo,AR,Toscana,43.678709,12.058871
051031,Poppi,051,Arezzo,AR,Toscana,43.751375,11.783108
051033,San Giovanni Valdarno,051,Arezzo,AR,Toscana,43.557797,11.523695
051034,Sansepolcro,051,Arezzo,AR,Toscana,43.589662,12.137052
051035,Sestino,051,Arezzo,AR,Toscana,43.723654,12.275181
051037,Subbiano,051,Arezzo,AR,Toscana,43.593877,11.904606
051038,Talla,051,Arezzo,AR,Toscana,43.601168,11.761114
051039,Terranuova Bracciolini,051,Arezzo,AR,Toscana,43.555196,11.614712
051040,Castelfranco Piandiscò,051,Arezzo,AR,Toscana,43.638428,11.559708
051041,Pratovecchio Stia,051,Arezzo,AR,Toscana,43.816873,11.705636
051042,Laterina Pergine Valdarno,051,Arezzo,AR,Toscana,43.478438,11.687859
052001,Abbadia San Salvatore,052,Siena,SI,Toscana,42.884094,11.683697
052002,Asciano,052,Siena,SI,Toscana,43.243248,11.522794
052003,Buonconvento,052,Siena,SI,Toscana,43.141022,11.472749
052004,Casole d'Elsa,052,Siena,SI,Toscana,43.312917,11.075480
052005,Castellina in Chianti,052,Siena,SI,Toscana,43.456982,11.266063
052006,Castelnuovo Berardenga,052,Siena,SI,Toscana,43.365612,11.449856
052007,Castiglione d'Orcia,052,Siena,SI,Toscana,42.979199,11.639333
052008,Cetona,052,Siena,SI,Toscana,42.943065,11.908961
052009,Chianciano Terme,052,Siena,SI,Toscana,43.041283,11.830206
052010,Chiusdino,052,Siena,SI,Toscana,43.170048,11.128595
052011,Chiusi,052,Siena,SI,Toscana,43.030063,11.929412
052012,Colle di Val d'Elsa,052,Siena,SI,Toscana,43.392313,11.094836
052013,Gaiole in Chianti,052,Siena,SI,Toscana,43.440381,11.446206
052015,Montepulciano,052,Siena,SI,Toscana,43.112585,11.840189
052016,Monteriggioni,052,Siena,SI,Toscana,43.367658,11.225597
052017,Monteroni d'Arbia,052,Siena,SI,Toscana,43.219104,11.389484
052018,Monticiano,052,Siena,SI,Toscana,43.118310,11.224766
052019,Murlo,052,Siena,SI,Toscana,43.151955,11.347615
052020,Piancastagnaio,052,Siena,SI,Toscana,42.824058,11.692087
052021,Pienza,052,Siena,SI,Toscana,43.063840,11.694663
052022,Poggibonsi,052,Siena,SI,Toscana,43.457733,11.166777
052023,Radda in Chianti,052,Siena,SI,Toscana,43.492730,11.363941
052024,Radicofani,052,Siena,SI,Toscana,42.918993,11.769360
052025,Radicondoli,052,Siena,SI,Toscana,43.224557,11.017473
052026,Rapolano Terme,052,Siena,SI,Toscana,43.286362,11.623739
052027,San Casciano dei Bagni,052,Siena,SI,Toscana,42.863123,11.858156
052028,San Gimignano,052,Siena,SI,Toscana,43.471551,11.026908
052030,San Quirico d'Orcia,052,Siena,SI,Toscana,43.058659,11.604228
052031,Sarteano,052,Siena,SI,Toscana,42.981598,11.839976
052032,Siena,052,Siena,SI,Toscana,43.310428,11.333580
052033,Sinalunga,052,Siena,SI,Toscana,43.225373,11.737142
052034,Sovicille,052,Siena,SI,Toscana,43.246194,11.226706
052035,Torrita di Siena,052,Siena,SI,Toscana,43.155419,11.763410
052036,Trequanda,052,Siena,SI,Toscana,43.168211,11.675298
052037,Montalcino,052,Siena,SI,Toscana,43.059253,11.487820
053001,Arcidosso,053,Grosseto,GR,Toscana,42.851058,11.483958
053002,Campagnatico,053,Grosseto,GR,Toscana,42.853663,11.251022
053003,Capalbio,053,Grosseto,GR,Toscana,42.454183,11.422892
053004,Castel del Piano,053,Grosseto,GR,Toscana,42.926126,11.509417
053005,Castell'Azzara,053,Grosseto,GR,Toscana,42.766580,11.664471
053006,Castiglione della Pescaia,053,Grosseto,GR,Toscana,42.822288,10.900178
053007,Cinigiano,053,Grosseto,GR,Toscana,42.899468,11.379758
053008,Civitella Paganico,053,Grosseto,GR,Toscana,43.004197,11.289017
053009,Follonica,053,Grosseto,GR,Toscana,42.961589,10.763793
053010,Gavorrano,053,Grosseto,GR,Toscana,42.934678,10.951953
053011,Grosseto,053,Grosseto,GR,Toscana,42.767197,11.090159
053012,Isola del Giglio,053,Grosseto,GR,Toscana,42.343789,10.921715
053013,Magliano in Toscana,053,Grosseto,GR,Toscana,42.630461,11.249801
053014,Manciano,053,Grosseto,GR,Toscana,42.571852,11.492753
053015,Massa Marittima,053,Grosseto,GR,Toscana,43.045554,10.900960
053016,Monte Argentario,053,Grosseto,GR,Toscana,42.405830,11.151367
053017,Montieri,053,Grosseto,GR,Toscana,43.123390,11.016676
053018,Orbetello,053,Grosseto,GR,Toscana,42.504359,11.236074
053019,Pitigliano,053,Grosseto,GR,Toscana,42.613268,11.661078
053020,Roccalbegna,053,Grosseto,GR,Toscana,42.779326,11.467741
053021,Roccastrada,053,Grosseto,GR,Toscana,42.996542,11.130070
053022,Santa Fiora,053,Grosseto,GR,Toscana,42.826745,11.591078
053023,Scansano,053,Grosseto,GR,Toscana,42.711222,11.353002
053024,Scarlino,053,Grosseto,GR,Toscana,42.897750,10.828398
053025,Seggiano,053,Grosseto,GR,Toscana,42.933240,11.572210
053026,Sorano,053,Grosseto,GR,Toscana,42.700605,11.711832
053027,Monterotondo Marittimo,053,Grosseto,GR,Toscana,43.121822,10.816093
053028,Semproniano,053,Grosseto,GR,Toscana,42.724858,11.558006
054001,Assisi,054,Perugia,PG,Umbria,43.086095,12.625173
054002,Bastia Umbra,054,Perugia,PG,Umbria,43.064254,12.528744
054003,Bettona,054,Perugia,PG,Umbria,43.008068,12.496153
054004,Bevagna,054,Perugia,PG,Umbria,42.944865,12.579233
054005,Campello sul Clitunno,054,Perugia,PG,Umbria,42.844812,12.819704
054006,Cannara,054,Perugia,PG,Umbria,42.988716,12.547720
054007,Cascia,054,Perugia,PG,Umbria,42.699243,13.039479
054008,Castel Ritaldi,054,Perugia,PG,Umbria,42.827494,12.662468
054009,Castiglione del Lago,054,Perugia,PG,Umbria,43.104942,12.017096
054010,Cerreto di Spoleto,054,Perugia,PG,Umbria,42.814994,12.920305
054011,Citerna,054,Perugia,PG,Umbria,43.509923,12.127950
054012,Città della Pieve,054,Perugia,PG,Umbria,42.953468,11.997784
054013,Città di Castello,054,Perugia,PG,Umbria,43.444274,12.248244
054014,Collazzone,054,Perugia,PG,Umbria,42.914508,12.427133
054015,Corciano,054,Perugia,PG,Umbria,43.128400,12.290396
054016,Costacciaro,054,Perugia,PG,Umbria,43.367829,12.701007
054017,Deruta,054,Perugia,PG,Umbria,42.981904,12.415191
054018,Foligno,054,Perugia,PG,Umbria,42.976729,12.790948
054019,Fossato di Vico,054,Perugia,PG,Umbria,43.302014,12.762314
054020,Fratta Todina,054,Perugia,PG,Umbria,42.871198,12.355753
054021,Giano dell'Umbria,054,Perugia,PG,Umbria,42.838767,12.576765
054022,Gualdo Cattaneo,054,Perugia,PG,Umbria,42.894713,12.509627
054023,Gualdo Tadino,054,Perugia,PG,Umbria,43.228289,12.754645
054024,Gubbio,054,Perugia,PG,Umbria,43.331130,12.546659
054025,Lisciano Niccone,054,Perugia,PG,Umbria,43.242543,12.160981
054026,Magione,054,Perugia,PG,Umbria,43.124783,12.204435
054027,Marsciano,054,Perugia,PG,Umbria,42.962293,12.307247
054028,Massa Martana,054,Perugia,PG,Umbria,42.773249,12.533424
054029,Monte Castello di Vibio,054,Perugia,PG,Umbria,42.826723,12.343190
054030,Montefalco,054,Perugia,PG,Umbria,42.880364,12.647352
054031,Monteleone di Spoleto,054,Perugia,PG,Umbria,42.642454,12.946109
054032,Monte Santa Maria Tiberina,054,Perugia,PG,Umbria,43.427989,12.129937
054033,Montone,054,Perugia,PG,Umbria,43.370573,12.349879
054034,Nocera Umbra,054,Perugia,PG,Umbria,43.128385,12.803592
054035,Norcia,054,Perugia,PG,Umbria,42.786667,13.122462
054036,Paciano,054,Perugia,PG,Umbria,43.027289,12.057004
054037,Panicale,054,Perugia,PG,Umbria,43.039262,12.131163
054038,Passignano sul Trasimeno,054,Perugia,PG,Umbria,43.190085,12.172060
054039,Perugia,054,Perugia,PG,Umbria,43.136539,12.395087
054040,Piegaro,054,Perugia,PG,Umbria,42.970970,12.150094
054041,Pietralunga,054,Perugia,PG,Umbria,43.456503,12.420359
054042,Poggiodomo,054,Perugia,PG,Umbria,42.723481,12.924196
054043,Preci,054,Perugia,PG,Umbria,42.863898,13.036404
054044,San Giustino,054,Perugia,PG,Umbria,43.557458,12.223153
054045,Sant'Anatolia di Narco,054,Perugia,PG,Umbria,42.720869,12.857866
054046,Scheggia e Pascelupo,054,Perugia,PG,Umbria,43.419167,12.708546
054047,Scheggino,054,Perugia,PG,Umbria,42.685035,12.838206
054048,Sellano,054,Perugia,PG,Umbria,42.898417,12.894800
054049,Sigillo,054,Perugia,PG,Umbria,43.333665,12.736876
054050,Spello,054,Perugia,PG,Umbria,43.004721,12.665610
054051,Spoleto,054,Perugia,PG,Umbria,42.737398,12.707972
054052,Todi,054,Perugia,PG,Umbria,42.776471,12.411311
054053,Torgiano,054,Perugia,PG,Umbria,43.041146,12.450548
054054,Trevi,054,Perugia,PG,Umbria,42.881512,12.755650
054055,Tuoro sul Trasimeno,054,Perugia,PG,Umbria,43.202315,12.068857
054056,Umbertide,054,Perugia,PG,Umbria,43.286038,12.291641
054057,Valfabbrica,054,Perugia,PG,Umbria,43.179637,12.633628
054058,Vallo di Nera,054,Perugia,PG,Umbria,42.776813,12.866952
054059,Valtopina,054,Perugia,PG,Umbria,43.060457,12.756152
055001,Acquasparta,055,Terni,TR,Umbria,42.690061,12.555970
055002,Allerona,055,Terni,TR,Umbria,42.812275,11.968955
055003,Alviano,055,Terni,TR,Umbria,42.588435,12.279230
055004,Amelia,055,Terni,TR,Umbria,42.559430,12.403696
055005,Arrone,055,Terni,TR,Umbria,42.567522,12.798254
055006,Attigliano,055,Terni,TR,Umbria,42.524606,12.290955
055007,Baschi,055,Terni,TR,Umbria,42.705009,12.287858
055008,Calvi dell'Umbria,055,Terni,TR,Umbria,42.406114,12.550312
055009,Castel Giorgio,055,Terni,TR,Umbria,42.700922,11.982679
055010,Castel Viscardo,055,Terni,TR,Umbria,42.757562,12.016499
055011,Fabro,055,Terni,TR,Umbria,42.872246,12.000651
055012,Ferentillo,055,Terni,TR,Umbria,42.628490,12.823037
055013,Ficulle,055,Terni,TR,Umbria,42.823952,12.069896
055014,Giove,055,Terni,TR,Umbria,42.508086,12.328754
055015,Guardea,055,Terni,TR,Umbria,42.621702,12.314545
055016,Lugnano in Teverina,055,Terni,TR,Umbria,42.568191,12.315218
055017,Montecastrilli,055,Terni,TR,Umbria,42.643010,12.474197
055018,Montecchio,055,Terni,TR,Umbria,42.664615,12.299065
055019,Montefranco,055,Terni,TR,Umbria,42.602085,12.753492
055020,Montegabbione,055,Terni,TR,Umbria,42.910806,12.119842
055021,Monteleone d'Orvieto,055,Terni,TR,Umbria,42.908295,12.043571
055022,Narni,055,Terni,TR,Umbria,42.504037,12.514031
055023,Orvieto,055,Terni,TR,Umbria,42.734300,12.151770
055024,Otricoli,055,Terni,TR,Umbria,42.431257,12.517440
055025,Parrano,055,Terni,TR,Umbria,42.860139,12.134456
055026,Penna in Teverina,055,Terni,TR,Umbria,42.492936,12.363011
055027,Polino,055,Terni,TR,Umbria,42.581372,12.862774
055028,Porano,055,Terni,TR,Umbria,42.680313,12.093473
055029,San Gemini,055,Terni,TR,Umbria,42.606472,12.538044
055030,San Venanzo,055,Terni,TR,Umbria,42.861182,12.240969
055031,Stroncone,055,Terni,TR,Umbria,42.480916,12.661131
055032,Terni,055,Terni,TR,Umbria,42.579573,12.660482
055033,Avigliano Umbro,055,Terni,TR,Umbria,42.664603,12.409899
056001,Acquapendente,056,Viterbo,VT,Lazio,42.762334,11.886769
056002,Arlena di Castro,056,Viterbo,VT,Lazio,42.457830,11.814811
056003,Bagnoregio,056,Viterbo,VT,Lazio,42.611877,12.091348
056004,Barbarano Romano,056,Viterbo,VT,Lazio,42.248686,12.074547
056005,Bassano Romano,056,Viterbo,VT,Lazio,42.205298,12.173238
056006,Bassano in Teverina,056,Viterbo,VT,Lazio,42.463693,12.311866
056007,Blera,056,Viterbo,VT,Lazio,42.231284,11.999223
056008,Bolsena,056,Viterbo,VT,Lazio,42.634505,11.975728
056009,Bomarzo,056,Viterbo,VT,Lazio,42.503834,12.249930
056010,Calcata,056,Viterbo,VT,Lazio,42.205666,12.423913
056011,Canepina,056,Viterbo,VT,Lazio,42.378484,12.216855
056012,Canino,056,Viterbo,VT,Lazio,42.443674,11.694105
056013,Capodimonte,056,Viterbo,VT,Lazio,42.555654,11.888529
056014,Capranica,056,Viterbo,VT,Lazio,42.260554,12.154934
056015,Caprarola,056,Viterbo,VT,Lazio,42.328949,12.205478
056016,Carbognano,056,Viterbo,VT,Lazio,42.323831,12.281579
056017,Castel Sant'Elia,056,Viterbo,VT,Lazio,42.251416,12.380113
056018,Castiglione in Teverina,056,Viterbo,VT,Lazio,42.651471,12.181514
056019,Celleno,056,Viterbo,VT,Lazio,42.560104,12.125420
056020,Cellere,056,Viterbo,VT,Lazio,42.507637,11.768569
056021,Civita Castellana,056,Viterbo,VT,Lazio,42.301111,12.437376
056022,Civitella d'Agliano,056,Viterbo,VT,Lazio,42.609985,12.201381
056023,Corchiano,056,Viterbo,VT,Lazio,42.353710,12.362029
056024,Fabrica di Roma,056,Viterbo,VT,Lazio,42.325478,12.325719
056025,Faleria,056,Viterbo,VT,Lazio,42.237449,12.444375
056026,Farnese,056,Viterbo,VT,Lazio,42.570761,11.718779
056027,Gallese,056,Viterbo,VT,Lazio,42.376636,12.404941
056028,Gradoli,056,Viterbo,VT,Lazio,42.619242,11.879734
056029,Graffignano,056,Viterbo,VT,Lazio,42.560308,12.228240
056030,Grotte di Castro,056,Viterbo,VT,Lazio,42.672595,11.866978
056031,Ischia di Castro,056,Viterbo,VT,Lazio,42.530492,11.664557
056032,Latera,056,Viterbo,VT,Lazio,42.617977,11.811149
056033,Lubriano,056,Viterbo,VT,Lazio,42.645573,12.109591
056034,Marta,056,Viterbo,VT,Lazio,42.526107,11.926747
056035,Montalto di Castro,056,Viterbo,VT,Lazio,42.380217,11.580085
056036,Montefiascone,056,Viterbo,VT,Lazio,42.539531,12.018907
056037,Monte Romano,056,Viterbo,VT,Lazio,42.323879,11.903437
056038,Monterosi,056,Viterbo,VT,Lazio,42.184527,12.297482
056039,Nepi,056,Viterbo,VT,Lazio,42.223040,12.331279
056040,Onano,056,Viterbo,VT,Lazio,42.684066,11.810543
056041,Oriolo Romano,056,Viterbo,VT,Lazio,42.173426,12.128713
056042,Orte,056,Viterbo,VT,Lazio,42.444527,12.391396
056043,Piansano,056,Viterbo,VT,Lazio,42.510361,11.844255
056044,Proceno,056,Viterbo,VT,Lazio,42.783227,11.801789
056045,Ronciglione,056,Viterbo,VT,Lazio,42.287110,12.218007
056046,Villa San Giovanni in Tuscia,056,Viterbo,VT,Lazio,42.281610,12.043904
056047,San Lorenzo Nuovo,056,Viterbo,VT,Lazio,42.668995,11.917559
056048,Soriano nel Cimino,056,Viterbo,VT,Lazio,42.438058,12.243500
056049,Sutri,056,Viterbo,VT,Lazio,42.225217,12.244531
056050,Tarquinia,056,Viterbo,VT,Lazio,42.256512,11.765524
056051,Tessennano,056,Viterbo,VT,Lazio,42.461808,11.782713
056052,Tuscania,056,Viterbo,VT,Lazio,42.392596,11.827592
056053,Valentano,056,Viterbo,VT,Lazio,42.585280,11.794880
056054,Vallerano,056,Viterbo,VT,Lazio,42.368762,12.257256
056055,Vasanello,056,Viterbo,VT,Lazio,42.420075,12.340738
056056,Vejano,056,Viterbo,VT,Lazio,42.197250,12.079035
056057,Vetralla,056,Viterbo,VT,Lazio,42.311299,12.024963
056058,Vignanello,056,Viterbo,VT,Lazio,42.382272,12.300649
056059,Viterbo,056,Viterbo,VT,Lazio,42.437540,12.063221
056060,Vitorchiano,056,Viterbo,VT,Lazio,42.470367,12.177475
057001,Accumoli,057,Rieti,RI,Lazio,42.695307,13.244125
057002,Amatrice,057,Rieti,RI,Lazio,42.626218,13.292546
057003,Antrodoco,057,Rieti,RI,Lazio,42.399073,13.124488
057004,Ascrea,057,Rieti,RI,Lazio,42.221873,12.972542
057005,Belmonte in Sabina,057,Rieti,RI,Lazio,42.324835,12.880946
057006,Borbona,057,Rieti,RI,Lazio,42.493423,13.134879
057007,Borgorose,057,Rieti,RI,Lazio,42.192044,13.262328
057008,Borgo Velino,057,Rieti,RI,Lazio,42.403127,13.054958
057009,Cantalice,057,Rieti,RI,Lazio,42.479686,12.924351
057010,Cantalupo in Sabina,057,Rieti,RI,Lazio,42.302724,12.641240
057011,Casaprota,057,Rieti,RI,Lazio,42.248160,12.807993
057012,Casperia,057,Rieti,RI,Lazio,42.345492,12.684448
057013,Castel di Tora,057,Rieti,RI,Lazio,42.209140,12.969498
057014,Castelnuovo di Farfa,057,Rieti,RI,Lazio,42.233155,12.731418
057015,Castel Sant'Angelo,057,Rieti,RI,Lazio,42.398219,13.018318
057016,Cittaducale,057,Rieti,RI,Lazio,42.387057,12.966965
057017,Cittareale,057,Rieti,RI,Lazio,42.602633,13.147981
057018,Collalto Sabino,057,Rieti,RI,Lazio,42.154992,13.051885
057019,Colle di Tora,057,Rieti,RI,Lazio,42.199161,12.935400
057020,Collegiove,057,Rieti,RI,Lazio,42.172845,13.030645
057021,Collevecchio,057,Rieti,RI,Lazio,42.324807,12.531641
057022,Colli sul Velino,057,Rieti,RI,Lazio,42.498450,12.779632
057023,Concerviano,057,Rieti,RI,Lazio,42.306579,12.969241
057024,Configni,057,Rieti,RI,Lazio,42.432128,12.636930
057025,Contigliano,057,Rieti,RI,Lazio,42.418369,12.761662
057026,Cottanello,057,Rieti,RI,Lazio,42.420945,12.697555
057027,Fara in Sabina,057,Rieti,RI,Lazio,42.186350,12.696939
057028,Fiamignano,057,Rieti,RI,Lazio,42.299697,13.157395
057029,Forano,057,Rieti,RI,Lazio,42.283769,12.605495
057030,Frasso Sabino,057,Rieti,RI,Lazio,42.222925,12.814468
057031,Greccio,057,Rieti,RI,Lazio,42.450013,12.754748
057032,Labro,057,Rieti,RI,Lazio,42.519793,12.797980
057033,Leonessa,057,Rieti,RI,Lazio,42.568113,13.000336
057034,Longone Sabino,057,Rieti,RI,Lazio,42.303498,12.949631
057035,Magliano Sabina,057,Rieti,RI,Lazio,42.359172,12.487788
057036,Marcetelli,057,Rieti,RI,Lazio,42.216414,13.043219
057037,Micigliano,057,Rieti,RI,Lazio,42.453271,13.048277
057038,Mompeo,057,Rieti,RI,Lazio,42.258601,12.771119
057039,Montasola,057,Rieti,RI,Lazio,42.378535,12.684988
057040,Montebuono,057,Rieti,RI,Lazio,42.373950,12.575259
057041,Monteleone Sabino,057,Rieti,RI,Lazio,42.224940,12.868632
057042,Montenero Sabino,057,Rieti,RI,Lazio,42.287214,12.812343
057043,Monte San Giovanni in Sabina,057,Rieti,RI,Lazio,42.315401,12.774341
057044,Montopoli di Sabina,057,Rieti,RI,Lazio,42.225366,12.666953
057045,Morro Reatino,057,Rieti,RI,Lazio,42.528234,12.840076
057046,Nespolo,057,Rieti,RI,Lazio,42.155216,13.071756
057047,Orvinio,057,Rieti,RI,Lazio,42.127399,12.937547
057048,Paganico Sabino,057,Rieti,RI,Lazio,42.180953,13.004703
057049,Pescorocchiano,057,Rieti,RI,Lazio,42.214271,13.142044
057050,Petrella Salto,057,Rieti,RI,Lazio,42.308072,13.063020
057051,Poggio Bustone,057,Rieti,RI,Lazio,42.504020,12.889387
057052,Poggio Catino,057,Rieti,RI,Lazio,42.292818,12.684981
057053,Poggio Mirteto,057,Rieti,RI,Lazio,42.263409,12.670617
057054,Poggio Moiano,057,Rieti,RI,Lazio,42.197028,12.883419
057055,Poggio Nativo,057,Rieti,RI,Lazio,42.213084,12.787258
057056,Poggio San Lorenzo,057,Rieti,RI,Lazio,42.250680,12.844846
057057,Posta,057,Rieti,RI,Lazio,42.517136,13.081110
057058,Pozzaglia Sabina,057,Rieti,RI,Lazio,42.157227,12.966811
057059,Rieti,057,Rieti,RI,Lazio,42.405539,12.850544
057060,Rivodutri,057,Rieti,RI,Lazio,42.521603,12.866853
057061,Roccantica,057,Rieti,RI,Lazio,42.321448,12.700846
057062,Rocca Sinibalda,057,Rieti,RI,Lazio,42.261568,12.946444
057063,Salisano,057,Rieti,RI,Lazio,42.275891,12.743274
057064,Scandriglia,057,Rieti,RI,Lazio,42.156417,12.858931
057065,Selci,057,Rieti,RI,Lazio,42.313425,12.618827
057066,Stimigliano,057,Rieti,RI,Lazio,42.295993,12.562303
057067,Tarano,057,Rieti,RI,Lazio,42.338393,12.583941
057068,Toffia,057,Rieti,RI,Lazio,42.205798,12.759542
057069,Torricella in Sabina,057,Rieti,RI,Lazio,42.273750,12.870158
057070,Torri in Sabina,057,Rieti,RI,Lazio,42.360770,12.627941
057071,Turania,057,Rieti,RI,Lazio,42.132012,13.008926
057072,Vacone,057,Rieti,RI,Lazio,42.391160,12.641438
057073,Varco Sabino,057,Rieti,RI,Lazio,42.242319,13.029384
058001,Affile,258,Roma,RM,Lazio,41.893018,13.082941
058002,Agosta,258,Roma,RM,Lazio,41.979427,13.039975
058003,Albano Laziale,258,Roma,RM,Lazio,41.710217,12.632992
058004,Allumiere,258,Roma,RM,Lazio,42.141227,11.895380
058005,Anguillara Sabazia,258,Roma,RM,Lazio,42.077465,12.263631
058006,Anticoli Corrado,258,Roma,RM,Lazio,42.009444,12.978890
058007,Anzio,258,Roma,RM,Lazio,41.501839,12.607888
058008,Arcinazzo Romano,258,Roma,RM,Lazio,41.866477,13.139061
058009,Ariccia,258,Roma,RM,Lazio,41.705460,12.660922
058010,Arsoli,258,Roma,RM,Lazio,42.030815,13.026480
058011,Artena,258,Roma,RM,Lazio,41.727955,12.893308
058012,Bellegra,258,Roma,RM,Lazio,41.889083,13.021618
058013,Bracciano,258,Roma,RM,Lazio,42.091492,12.162965
058014,Camerata Nuova,258,Roma,RM,Lazio,41.988173,13.156803
058015,Campagnano di Roma,258,Roma,RM,Lazio,42.130755,12.368433
058016,Canale Monterano,258,Roma,RM,Lazio,42.134757,12.076493
058017,Canterano,258,Roma,RM,Lazio,41.936776,13.039079
058018,Capena,258,Roma,RM,Lazio,42.127585,12.570614
058019,Capranica Prenestina,258,Roma,RM,Lazio,41.891988,12.934983
058020,Carpineto Romano,258,Roma,RM,Lazio,41.598406,13.090923
058021,Casape,258,Roma,RM,Lazio,41.910656,12.894487
058022,Castel Gandolfo,258,Roma,RM,Lazio,41.744239,12.651966
058023,Castel Madama,258,Roma,RM,Lazio,41.967733,12.874427
058024,Castelnuovo di Porto,258,Roma,RM,Lazio,42.109178,12.516323
058025,Castel San Pietro Romano,258,Roma,RM,Lazio,41.857639,12.901914
058026,Cave,258,Roma,RM,Lazio,41.810411,12.931568
058027,Cerreto Laziale,258,Roma,RM,Lazio,41.954448,12.976032
058028,Cervara di Roma,258,Roma,RM,Lazio,41.985331,13.082536
058029,Cerveteri,258,Roma,RM,Lazio,42.008904,12.094793
058030,Ciciliano,258,Roma,RM,Lazio,41.950150,12.937611
058031,Cineto Romano,258,Roma,RM,Lazio,42.052991,12.961597
058032,Civitavecchia,258,Roma,RM,Lazio,42.116308,11.810706
058033,Civitella San Paolo,258,Roma,RM,Lazio,42.197263,12.566802
058034,Colleferro,258,Roma,RM,Lazio,41.737042,12.990220
058035,Colonna,258,Roma,RM,Lazio,41.831389,12.757706
058036,Fiano Romano,258,Roma,RM,Lazio,42.156465,12.596299
058037,Filacciano,258,Roma,RM,Lazio,42.257016,12.595562
058038,Formello,258,Roma,RM,Lazio,42.067766,12.409618
058039,Frascati,258,Roma,RM,Lazio,41.824713,12.669920
058040,Gallicano nel Lazio,258,Roma,RM,Lazio,41.883005,12.790520
058041,Gavignano,258,Roma,RM,Lazio,41.704300,13.068189
058042,Genazzano,258,Roma,RM,Lazio,41.813586,12.981096
058043,Genzano di Roma,258,Roma,RM,Lazio,41.676376,12.706687
058044,Gerano,258,Roma,RM,Lazio,41.929309,12.993865
058045,Gorga,258,Roma,RM,Lazio,41.646831,13.121255
058046,Grottaferrata,258,Roma,RM,Lazio,41.788007,12.679098
058047,Guidonia Montecelio,258,Roma,RM,Lazio,41.980700,12.702937
058048,Jenne,258,Roma,RM,Lazio,41.899966,13.176661
058049,Labico,258,Roma,RM,Lazio,41.789494,12.863729
058050,Lanuvio,258,Roma,RM,Lazio,41.643058,12.684902
058051,Licenza,258,Roma,RM,Lazio,42.077944,12.892309
058052,Magliano Romano,258,Roma,RM,Lazio,42.160010,12.435652
058053,Mandela,258,Roma,RM,Lazio,42.039968,12.926347
058054,Manziana,258,Roma,RM,Lazio,42.112292,12.107414
058055,Marano Equo,258,Roma,RM,Lazio,41.993588,13.013122
058056,Marcellina,258,Roma,RM,Lazio,42.013507,12.796890
058057,Marino,258,Roma,RM,Lazio,41.760799,12.623573
058058,Mazzano Romano,258,Roma,RM,Lazio,42.191295,12.397504
058059,Mentana,258,Roma,RM,Lazio,42.040091,12.662244
058060,Monte Compatri,258,Roma,RM,Lazio,41.838091,12.730953
058061,Monteflavio,258,Roma,RM,Lazio,42.112968,12.837009
058062,Montelanico,258,Roma,RM,Lazio,41.648651,13.039834
058063,Montelibretti,258,Roma,RM,Lazio,42.133480,12.683511
058064,Monte Porzio Catone,258,Roma,RM,Lazio,41.814875,12.708391
058065,Monterotondo,258,Roma,RM,Lazio,42.067861,12.622414
058066,Montorio Romano,258,Roma,RM,Lazio,42.137186,12.799316
058067,Moricone,258,Roma,RM,Lazio,42.112624,12.743606
058068,Morlupo,258,Roma,RM,Lazio,42.143036,12.503308
058069,Nazzano,258,Roma,RM,Lazio,42.225575,12.595843
058070,Nemi,258,Roma,RM,Lazio,41.716514,12.707081
058071,Nerola,258,Roma,RM,Lazio,42.166283,12.764130
058072,Nettuno,258,Roma,RM,Lazio,41.477222,12.692483
058073,Olevano Romano,258,Roma,RM,Lazio,41.848345,13.026744
058074,Palestrina,258,Roma,RM,Lazio,41.816674,12.857554
058075,Palombara Sabina,258,Roma,RM,Lazio,42.080657,12.746457
058076,Percile,258,Roma,RM,Lazio,42.087663,12.930063
058077,Pisoniano,258,Roma,RM,Lazio,41.909705,12.962481
058078,Poli,258,Roma,RM,Lazio,41.886830,12.884987
058079,Pomezia,258,Roma,RM,Lazio,41.662033,12.505058
058080,Ponzano Romano,258,Roma,RM,Lazio,42.263255,12.554018
058081,Riano,258,Roma,RM,Lazio,42.084443,12.522895
058082,Rignano Flaminio,258,Roma,RM,Lazio,42.192271,12.483597
058083,Riofreddo,258,Roma,RM,Lazio,42.061686,12.999489
058084,Rocca Canterano,258,Roma,RM,Lazio,41.961836,13.012698
058085,Rocca di Cave,258,Roma,RM,Lazio,41.842049,12.944610
058086,Rocca di Papa,258,Roma,RM,Lazio,41.752565,12.735404
058087,Roccagiovine,258,Roma,RM,Lazio,42.049541,12.880814
058088,Rocca Priora,258,Roma,RM,Lazio,41.781327,12.779255
058089,Rocca Santo Stefano,258,Roma,RM,Lazio,41.913952,13.032593
058090,Roiate,258,Roma,RM,Lazio,41.869173,13.068034
058091,Roma,258,Roma,RM,Lazio,41.885269,12.460760
058092,Roviano,258,Roma,RM,Lazio,42.029377,12.994292
058093,Sacrofano,258,Roma,RM,Lazio,42.095103,12.447350
058094,Sambuci,258,Roma,RM,Lazio,41.986354,12.937326
058095,San Gregorio da Sassola,258,Roma,RM,Lazio,41.923378,12.860036
058096,San Polo dei Cavalieri,258,Roma,RM,Lazio,42.046129,12.825925
058097,Santa Marinella,258,Roma,RM,Lazio,42.045108,11.903444
058098,Sant'Angelo Romano,258,Roma,RM,Lazio,42.031805,12.704976
058099,Sant'Oreste,258,Roma,RM,Lazio,42.238408,12.521780
058100,San Vito Romano,258,Roma,RM,Lazio,41.880234,12.979301
058101,Saracinesco,258,Roma,RM,Lazio,42.002733,12.952294
058102,Segni,258,Roma,RM,Lazio,41.691281,13.005292
058103,Subiaco,258,Roma,RM,Lazio,41.935432,13.116049
058104,Tivoli,258,Roma,RM,Lazio,41.957010,12.784850
058105,Tolfa,258,Roma,RM,Lazio,42.122619,11.970707
058106,Torrita Tiberina,258,Roma,RM,Lazio,42.229086,12.622944
058107,Trevignano Romano,258,Roma,RM,Lazio,42.150916,12.253520
058108,Vallepietra,258,Roma,RM,Lazio,41.932841,13.233559
058109,Vallinfreda,258,Roma,RM,Lazio,42.091430,12.982767
058110,Valmontone,258,Roma,RM,Lazio,41.770156,12.917398
058111,Velletri,258,Roma,RM,Lazio,41.662653,12.768142
058112,Vicovaro,258,Roma,RM,Lazio,42.013606,12.882582
058113,Vivaro Romano,258,Roma,RM,Lazio,42.110728,13.002681
058114,Zagarolo,258,Roma,RM,Lazio,41.853246,12.793789
058115,Lariano,258,Roma,RM,Lazio,41.727453,12.825681
058116,Ladispoli,258,Roma,RM,Lazio,41.953796,12.098259
058117,Ardea,258,Roma,RM,Lazio,41.611245,12.552923
058118,Ciampino,258,Roma,RM,Lazio,41.793088,12.614826
058119,San Cesareo,258,Roma,RM,Lazio,41.826724,12.785817
058120,Fiumicino,258,Roma,RM,Lazio,41.887573,12.228262
058122,Fonte Nuova,258,Roma,RM,Lazio,42.002235,12.634712
059001,Aprilia,059,Latina,LT,Lazio,41.578666,12.656295
059002,Bassiano,059,Latina,LT,Lazio,41.550450,13.031840
059003,Campodimele,059,Latina,LT,Lazio,41.389735,13.530234
059004,Castelforte,059,Latina,LT,Lazio,41.310656,13.852329
059005,Cisterna di Latina,059,Latina,LT,Lazio,41.573354,12.837542
059006,Cori,059,Latina,LT,Lazio,41.646557,12.905907
059007,Fondi,059,Latina,LT,Lazio,41.335939,13.409619
059008,Formia,059,Latina,LT,Lazio,41.284585,13.627906
059009,Gaeta,059,Latina,LT,Lazio,41.234882,13.540338
059010,Itri,059,Latina,LT,Lazio,41.304882,13.527712
059011,Latina,059,Latina,LT,Lazio,41.466310,12.877950
059012,Lenola,059,Latina,LT,Lazio,41.413637,13.464644
059013,Maenza,059,Latina,LT,Lazio,41.542781,13.183074
059014,Minturno,059,Latina,LT,Lazio,41.266515,13.743897
059015,Monte San Biagio,059,Latina,LT,Lazio,41.365893,13.316848
059016,Norma,059,Latina,LT,Lazio,41.601412,12.980136
059017,Pontinia,059,Latina,LT,Lazio,41.402683,13.111988
059018,Ponza,059,Latina,LT,Lazio,40.918361,12.957959
059019,Priverno,059,Latina,LT,Lazio,41.471558,13.166372
059020,Prossedi,059,Latina,LT,Lazio,41.497330,13.257885
059021,Roccagorga,059,Latina,LT,Lazio,41.527048,13.132045
059022,Rocca Massima,059,Latina,LT,Lazio,41.693276,12.917984
059023,Roccasecca dei Volsci,059,Latina,LT,Lazio,41.464065,13.226766
059024,Sabaudia,059,Latina,LT,Lazio,41.343415,13.030542
059025,San Felice Circeo,059,Latina,LT,Lazio,41.253484,13.085451
059026,Santi Cosma e Damiano,059,Latina,LT,Lazio,41.279949,13.801938
059027,Sermoneta,059,Latina,LT,Lazio,41.541563,12.969089
059028,Sezze,059,Latina,LT,Lazio,41.489513,13.056896
059029,Sonnino,059,Latina,LT,Lazio,41.400695,13.233923
059030,Sperlonga,059,Latina,LT,Lazio,41.268265,13.439735
059031,Spigno Saturnia,059,Latina,LT,Lazio,41.317393,13.701890
059032,Terracina,059,Latina,LT,Lazio,41.315805,13.190952
059033,Ventotene,059,Latina,LT,Lazio,40.792414,13.428837
060001,Acquafondata,060,Frosinone,FR,Lazio,41.550955,13.974622
060002,Acuto,060,Frosinone,FR,Lazio,41.792395,13.175072
060003,Alatri,060,Frosinone,FR,Lazio,41.727953,13.360340
060004,Alvito,060,Frosinone,FR,Lazio,41.709614,13.750351
060005,Amaseno,060,Frosinone,FR,Lazio,41.451195,13.328669
060006,Anagni,060,Frosinone,FR,Lazio,41.733683,13.148428
060007,Aquino,060,Frosinone,FR,Lazio,41.478033,13.715555
060008,Arce,060,Frosinone,FR,Lazio,41.565162,13.557549
060009,Arnara,060,Frosinone,FR,Lazio,41.585206,13.381200
060010,Arpino,060,Frosinone,FR,Lazio,41.646493,13.624672
060011,Atina,060,Frosinone,FR,Lazio,41.621211,13.790807
060012,Ausonia,060,Frosinone,FR,Lazio,41.348810,13.738699
060013,Belmonte Castello,060,Frosinone,FR,Lazio,41.583232,13.812142
060014,Boville Ernica,060,Frosinone,FR,Lazio,41.640788,13.467046
060015,Broccostella,060,Frosinone,FR,Lazio,41.704571,13.650030
060016,Campoli Appennino,060,Frosinone,FR,Lazio,41.749460,13.705178
060017,Casalattico,060,Frosinone,FR,Lazio,41.604459,13.727484
060018,Casalvieri,060,Frosinone,FR,Lazio,41.645062,13.715260
060019,Cassino,060,Frosinone,FR,Lazio,41.478918,13.835441
060020,Castelliri,060,Frosinone,FR,Lazio,41.687604,13.533664
060021,Castelnuovo Parano,060,Frosinone,FR,Lazio,41.379362,13.747001
060022,Castrocielo,060,Frosinone,FR,Lazio,41.510201,13.689245
060023,Castro dei Volsci,060,Frosinone,FR,Lazio,41.504391,13.415221
060024,Ceccano,060,Frosinone,FR,Lazio,41.566469,13.331203
060025,Ceprano,060,Frosinone,FR,Lazio,41.546842,13.498060
060026,Cervaro,060,Frosinone,FR,Lazio,41.476649,13.898387
060027,Colfelice,060,Frosinone,FR,Lazio,41.542375,13.599464
060028,Collepardo,060,Frosinone,FR,Lazio,41.766935,13.398156
060029,Colle San Magno,060,Frosinone,FR,Lazio,41.559322,13.713732
060030,Coreno Ausonio,060,Frosinone,FR,Lazio,41.334656,13.783870
060031,Esperia,060,Frosinone,FR,Lazio,41.377708,13.648026
060032,Falvaterra,060,Frosinone,FR,Lazio,41.504457,13.520497
060033,Ferentino,060,Frosinone,FR,Lazio,41.694633,13.248404
060034,Filettino,060,Frosinone,FR,Lazio,41.893173,13.324556
060035,Fiuggi,060,Frosinone,FR,Lazio,41.808817,13.221617
060036,Fontana Liri,060,Frosinone,FR,Lazio,41.619603,13.568383
060037,Fontechiari,060,Frosinone,FR,Lazio,41.673211,13.664292
060038,Frosinone,060,Frosinone,FR,Lazio,41.634604,13.331528
060039,Fumone,060,Frosinone,FR,Lazio,41.731484,13.275507
060040,Gallinaro,060,Frosinone,FR,Lazio,41.659460,13.798928
060041,Giuliano di Roma,060,Frosinone,FR,Lazio,41.550441,13.253930
060042,Guarcino,060,Frosinone,FR,Lazio,41.813586,13.309021
060043,Isola del Liri,060,Frosinone,FR,Lazio,41.687259,13.568551
060044,Monte San Giovanni Campano,060,Frosinone,FR,Lazio,41.652613,13.517787
060045,Morolo,060,Frosinone,FR,Lazio,41.640876,13.190619
060046,Paliano,060,Frosinone,FR,Lazio,41.785109,13.052012
060047,Pastena,060,Frosinone,FR,Lazio,41.469654,13.488728
060048,Patrica,060,Frosinone,FR,Lazio,41.591846,13.256968
060049,Pescosolido,060,Frosinone,FR,Lazio,41.770231,13.659556
060050,Picinisco,060,Frosinone,FR,Lazio,41.652882,13.907260
060051,Pico,060,Frosinone,FR,Lazio,41.448075,13.556558
060052,Piedimonte San Germano,060,Frosinone,FR,Lazio,41.485023,13.749690
060053,Piglio,060,Frosinone,FR,Lazio,41.821373,13.146263
060054,Pignataro Interamna,060,Frosinone,FR,Lazio,41.433208,13.770485
060055,Pofi,060,Frosinone,FR,Lazio,41.553621,13.420408
060056,Pontecorvo,060,Frosinone,FR,Lazio,41.448192,13.644944
060057,Posta Fibreno,060,Frosinone,FR,Lazio,41.698603,13.693594
060058,Ripi,060,Frosinone,FR,Lazio,41.596805,13.442667
060059,Rocca d'Arce,060,Frosinone,FR,Lazio,41.586573,13.603123
060060,Roccasecca,060,Frosinone,FR,Lazio,41.534890,13.639524
060061,San Biagio Saracinisco,060,Frosinone,FR,Lazio,41.619882,13.948086
060062,San Donato Val di Comino,060,Frosinone,FR,Lazio,41.715496,13.809949
060063,San Giorgio a Liri,060,Frosinone,FR,Lazio,41.402392,13.766271
060064,San Giovanni Incarico,060,Frosinone,FR,Lazio,41.496319,13.566987
060065,Sant'Ambrogio sul Garigliano,060,Frosinone,FR,Lazio,41.391302,13.863158
060066,Sant'Andrea del Garigliano,060,Frosinone,FR,Lazio,41.355824,13.851539
060067,Sant'Apollinare,060,Frosinone,FR,Lazio,41.401604,13.827499
060068,Sant'Elia Fiumerapido,060,Frosinone,FR,Lazio,41.558100,13.864909
060069,Santopadre,060,Frosinone,FR,Lazio,41.599723,13.639554
060070,San Vittore del Lazio,060,Frosinone,FR,Lazio,41.465987,13.942205
060071,Serrone,060,Frosinone,FR,Lazio,41.838936,13.092884
060072,Settefrati,060,Frosinone,FR,Lazio,41.688034,13.866192
060073,Sgurgola,060,Frosinone,FR,Lazio,41.674527,13.149595
060074,Sora,060,Frosinone,FR,Lazio,41.732642,13.575913
060075,Strangolagalli,060,Frosinone,FR,Lazio,41.594160,13.495942
060076,Supino,060,Frosinone,FR,Lazio,41.610169,13.209236
060077,Terelle,060,Frosinone,FR,Lazio,41.554476,13.782919
060078,Torre Cajetani,060,Frosinone,FR,Lazio,41.789560,13.262463
060079,Torrice,060,Frosinone,FR,Lazio,41.627461,13.398287
060080,Trevi nel Lazio,060,Frosinone,FR,Lazio,41.865240,13.250558
060081,Trivigliano,060,Frosinone,FR,Lazio,41.764158,13.270073
060082,Vallecorsa,060,Frosinone,FR,Lazio,41.432804,13.402447
060083,Vallemaio,060,Frosinone,FR,Lazio,41.369145,13.806329
060084,Vallerotonda,060,Frosinone,FR,Lazio,41.571517,13.943033
060085,Veroli,060,Frosinone,FR,Lazio,41.719014,13.449352
060086,Vicalvi,060,Frosinone,FR,Lazio,41.678145,13.711596
060087,Vico nel Lazio,060,Frosinone,FR,Lazio,41.797765,13.372910
060088,Villa Latina,060,Frosinone,FR,Lazio,41.606749,13.854354
060089,Villa Santa Lucia,060,Frosinone,FR,Lazio,41.491827,13.775102
060090,Villa Santo Stefano,060,Frosinone,FR,Lazio,41.509728,13.313179
060091,Viticuso,060,Frosinone,FR,Lazio,41.521770,13.981038
061001,Ailano,061,Caserta,CE,Campania,41.383760,14.190340
061002,Alife,061,Caserta,CE,Campania,41.323450,14.333815
061003,Alvignano,061,Caserta,CE,Campania,41.243391,14.358322
061004,Arienzo,061,Caserta,CE,Campania,41.027324,14.508823
061005,Aversa,061,Caserta,CE,Campania,40.971232,14.207142
061006,Baia e Latina,061,Caserta,CE,Campania,41.303126,14.261424
061007,Bellona,061,Caserta,CE,Campania,41.146295,14.238812
061008,Caianello,061,Caserta,CE,Campania,41.299578,14.082817
061009,Caiazzo,061,Caserta,CE,Campania,41.183143,14.372582
061010,Calvi Risorta,061,Caserta,CE,Campania,41.208467,14.126447
061011,Camigliano,061,Caserta,CE,Campania,41.181344,14.217824
061012,Cancello ed Arnone,061,Caserta,CE,Campania,41.061789,14.027969
061013,Capodrise,061,Caserta,CE,Campania,41.043525,14.302665
061014,Capriati a Volturno,061,Caserta,CE,Campania,41.478343,14.132682
061015,Capua,061,Caserta,CE,Campania,41.115297,14.209717
061016,Carinaro,061,Caserta,CE,Campania,41.004245,14.228189
061017,Carinola,061,Caserta,CE,Campania,41.184763,13.990878
061018,Casagiove,061,Caserta,CE,Campania,41.083317,14.306375
061019,Casal di Principe,061,Caserta,CE,Campania,41.024276,14.113630
061020,Casaluce,061,Caserta,CE,Campania,41.019607,14.202203
061021,Casapulla,061,Caserta,CE,Campania,41.078789,14.291359
061022,Caserta,061,Caserta,CE,Campania,41.087608,14.357763
061023,Castel Campagnano,061,Caserta,CE,Campania,41.165627,14.436174
061024,Castel di Sasso,061,Caserta,CE,Campania,41.187274,14.291198
061025,Castello del Matese,061,Caserta,CE,Campania,41.390149,14.428233
061026,Castel Morrone,061,Caserta,CE,Campania,41.124433,14.351376
061027,Castel Volturno,061,Caserta,CE,Campania,41.025606,13.971783
061028,Cervino,061,Caserta,CE,Campania,41.040518,14.433162
061029,Cesa,061,Caserta,CE,Campania,40.959981,14.227918
061030,Ciorlano,061,Caserta,CE,Campania,41.447127,14.125931
061031,Conca della Campania,061,Caserta,CE,Campania,41.350858,14.001712
061032,Curti,061,Caserta,CE,Campania,41.074727,14.274261
061033,Dragoni,061,Caserta,CE,Campania,41.265120,14.305117
061034,Fontegreca,061,Caserta,CE,Campania,41.457351,14.185509
061035,Formicola,061,Caserta,CE,Campania,41.221278,14.220454
061036,Francolise,061,Caserta,CE,Campania,41.157338,14.058170
061037,Frignano,061,Caserta,CE,Campania,41.017148,14.179789
061038,Gallo Matese,061,Caserta,CE,Campania,41.478408,14.221955
061039,Galluccio,061,Caserta,CE,Campania,41.342720,13.944414
061040,Giano Vetusto,061,Caserta,CE,Campania,41.208404,14.186919
061041,Gioia Sannitica,061,Caserta,CE,Campania,41.301554,14.429709
061042,Grazzanise,061,Caserta,CE,Campania,41.093306,14.081689
061043,Gricignano di Aversa,061,Caserta,CE,Campania,40.994093,14.242342
061044,Letino,061,Caserta,CE,Campania,41.449411,14.293087
061045,Liberi,061,Caserta,CE,Campania,41.231783,14.279509
061046,Lusciano,061,Caserta,CE,Campania,40.962982,14.184763
061047,Macerata Campania,061,Caserta,CE,Campania,41.055930,14.271123
061048,Maddaloni,061,Caserta,CE,Campania,41.025667,14.391278
061049,Marcianise,061,Caserta,CE,Campania,41.021599,14.294916
061050,Marzano Appio,061,Caserta,CE,Campania,41.319528,14.050802
061051,Mignano Monte Lungo,061,Caserta,CE,Campania,41.407659,13.973799
061052,Mondragone,061,Caserta,CE,Campania,41.109852,13.914769
061053,Orta di Atella,061,Caserta,CE,Campania,40.982156,14.278531
061054,Parete,061,Caserta,CE,Campania,40.955664,14.153754
061055,Pastorano,061,Caserta,CE,Campania,41.165102,14.174885
061056,Piana di Monte Verna,061,Caserta,CE,Campania,41.168746,14.321202
061057,Piedimonte Matese,061,Caserta,CE,Campania,41.373602,14.378265
061058,Pietramelara,061,Caserta,CE,Campania,41.266970,14.184180
061059,Pietravairano,061,Caserta,CE,Campania,41.324096,14.189022
061060,Pignataro Maggiore,061,Caserta,CE,Campania,41.170056,14.139880
061061,Pontelatone,061,Caserta,CE,Campania,41.187421,14.256476
061062,Portico di Caserta,061,Caserta,CE,Campania,41.052718,14.280270
061063,Prata Sannita,061,Caserta,CE,Campania,41.426036,14.202376
061064,Pratella,061,Caserta,CE,Campania,41.403192,14.143919
061065,Presenzano,061,Caserta,CE,Campania,41.372951,14.077826
061066,Raviscanina,061,Caserta,CE,Campania,41.378637,14.237410
061067,Recale,061,Caserta,CE,Campania,41.055996,14.305283
061068,Riardo,061,Caserta,CE,Campania,41.268649,14.144097
061069,Rocca d'Evandro,061,Caserta,CE,Campania,41.380259,13.904144
061070,Roccamonfina,061,Caserta,CE,Campania,41.288295,13.984835
061071,Roccaromana,061,Caserta,CE,Campania,41.274222,14.234457
061072,Rocchetta e Croce,061,Caserta,CE,Campania,41.234564,14.153282
061073,Ruviano,061,Caserta,CE,Campania,41.212191,14.413297
061074,San Cipriano d'Aversa,061,Caserta,CE,Campania,40.993466,14.119883
061075,San Felice a Cancello,061,Caserta,CE,Campania,40.999347,14.466165
061076,San Gregorio Matese,061,Caserta,CE,Campania,41.413900,14.377404
061077,San Marcellino,061,Caserta,CE,Campania,40.987967,14.166765
061078,San Nicola la Strada,061,Caserta,CE,Campania,41.049342,14.330865
061079,San Pietro Infine,061,Caserta,CE,Campania,41.447281,13.975773
061080,San Potito Sannitico,061,Caserta,CE,Campania,41.350252,14.420845
061081,San Prisco,061,Caserta,CE,Campania,41.098688,14.276317
061082,Santa Maria a Vico,061,Caserta,CE,Campania,41.028959,14.466636
061083,Santa Maria Capua Vetere,061,Caserta,CE,Campania,41.070177,14.247067
061084,Santa Maria la Fossa,061,Caserta,CE,Campania,41.074402,14.136204
061085,San Tammaro,061,Caserta,CE,Campania,41.063927,14.194917
061086,Sant'Angelo d'Alife,061,Caserta,CE,Campania,41.355798,14.268654
061087,Sant'Arpino,061,Caserta,CE,Campania,40.958234,14.249814
061088,Sessa Aurunca,061,Caserta,CE,Campania,41.237903,13.893761
061089,Sparanise,061,Caserta,CE,Campania,41.175976,14.101128
061090,Succivo,061,Caserta,CE,Campania,40.987183,14.258218
061091,Teano,061,Caserta,CE,Campania,41.245005,14.059317
061092,Teverola,061,Caserta,CE,Campania,41.010379,14.216967
061093,Tora e Piccilli,061,Caserta,CE,Campania,41.343572,14.029607
061094,Trentola Ducenta,061,Caserta,CE,Campania,40.975949,14.163868
061095,Vairano Patenora,061,Caserta,CE,Campania,41.338472,14.136036
061096,Valle Agricola,061,Caserta,CE,Campania,41.422522,14.263264
061097,Valle di Maddaloni,061,Caserta,CE,Campania,41.074848,14.415585
061098,Villa di Briano,061,Caserta,CE,Campania,41.016359,14.156560
061099,Villa Literno,061,Caserta,CE,Campania,40.989801,14.051218
061100,Vitulazio,061,Caserta,CE,Campania,41.145038,14.192281
061101,Falciano del Massico,061,Caserta,CE,Campania,41.141584,13.963151
061102,Cellole,061,Caserta,CE,Campania,41.202923,13.833735
061103,Casapesenna,061,Caserta,CE,Campania,40.989137,14.135703
061104,San Marco Evangelista,061,Caserta,CE,Campania,41.031578,14.342958
062001,Airola,062,Benevento,BN,Campania,41.057384,14.563661
062002,Amorosi,062,Benevento,BN,Campania,41.202610,14.465773
062003,Apice,062,Benevento,BN,Campania,41.128763,14.957250
062004,Apollosa,062,Benevento,BN,Campania,41.090627,14.703588
062005,Arpaia,062,Benevento,BN,Campania,41.032505,14.548541
062006,Arpaise,062,Benevento,BN,Campania,41.022739,14.748917
062007,Baselice,062,Benevento,BN,Campania,41.391332,14.940508
062008,Benevento,062,Benevento,BN,Campania,41.149083,14.782912
062009,Bonea,062,Benevento,BN,Campania,41.078965,14.610871
062010,Bucciano,062,Benevento,BN,Campania,41.082795,14.578813
062011,Buonalbergo,062,Benevento,BN,Campania,41.218119,14.974067
062012,Calvi,062,Benevento,BN,Campania,41.086309,14.899795
062013,Campolattaro,062,Benevento,BN,Campania,41.289319,14.736924
062014,Campoli del Monte Taburno,062,Benevento,BN,Campania,41.113896,14.658876
062015,Casalduni,062,Benevento,BN,Campania,41.256229,14.688568
062016,Castelfranco in Miscano,062,Benevento,BN,Campania,41.291117,15.100905
062017,Castelpagano,062,Benevento,BN,Campania,41.417183,14.809687
062018,Castelpoto,062,Benevento,BN,Campania,41.128816,14.698818
062019,Castelvenere,062,Benevento,BN,Campania,41.231294,14.554914
062020,Castelvetere in Val Fortore,062,Benevento,BN,Campania,41.438090,14.935887
062021,Cautano,062,Benevento,BN,Campania,41.148479,14.619340
062022,Ceppaloni,062,Benevento,BN,Campania,41.055363,14.746805
062023,Cerreto Sannita,062,Benevento,BN,Campania,41.297773,14.582030
062024,Circello,062,Benevento,BN,Campania,41.348710,14.792413
062025,Colle Sannita,062,Benevento,BN,Campania,41.383914,14.856164
062026,Cusano Mutri,062,Benevento,BN,Campania,41.341122,14.505058
062027,Dugenta,062,Benevento,BN,Campania,41.138958,14.454581
062028,Durazzano,062,Benevento,BN,Campania,41.059052,14.453350
062029,Faicchio,062,Benevento,BN,Campania,41.267373,14.471145
062030,Foglianise,062,Benevento,BN,Campania,41.159873,14.685490
062031,Foiano di Val Fortore,062,Benevento,BN,Campania,41.353771,14.977849
062032,Forchia,062,Benevento,BN,Campania,41.031824,14.530714
062033,Fragneto l'Abate,062,Benevento,BN,Campania,41.275572,14.780265
062034,Fragneto Monforte,062,Benevento,BN,Campania,41.239555,14.755746
062035,Frasso Telesino,062,Benevento,BN,Campania,41.146549,14.530576
062036,Ginestra degli Schiavoni,062,Benevento,BN,Campania,41.281618,15.047307
062037,Guardia Sanframondi,062,Benevento,BN,Campania,41.245455,14.590100
062038,Limatola,062,Benevento,BN,Campania,41.134602,14.397932
062039,Melizzano,062,Benevento,BN,Campania,41.169582,14.493564
062040,Moiano,062,Benevento,BN,Campania,41.081621,14.540164
062041,Molinara,062,Benevento,BN,Campania,41.311232,14.917544
062042,Montefalcone di Val Fortore,062,Benevento,BN,Campania,41.324410,15.023167
062043,Montesarchio,062,Benevento,BN,Campania,41.069054,14.652020
062044,Morcone,062,Benevento,BN,Campania,41.348178,14.693201
062045,Paduli,062,Benevento,BN,Campania,41.176211,14.897768
062046,Pago Veiano,062,Benevento,BN,Campania,41.235956,14.877110
062047,Pannarano,062,Benevento,BN,Campania,41.003582,14.695346
062048,Paolisi,062,Benevento,BN,Campania,41.033741,14.572586
062049,Paupisi,062,Benevento,BN,Campania,41.204446,14.648011
062050,Pesco Sannita,062,Benevento,BN,Campania,41.241752,14.824011
062051,Pietraroja,062,Benevento,BN,Campania,41.351786,14.572593
062052,Pietrelcina,062,Benevento,BN,Campania,41.200511,14.846055
062053,Ponte,062,Benevento,BN,Campania,41.223722,14.684886
062054,Pontelandolfo,062,Benevento,BN,Campania,41.293553,14.680659
062055,Puglianello,062,Benevento,BN,Campania,41.229052,14.454414
062056,Reino,062,Benevento,BN,Campania,41.297395,14.825774
062057,San Bartolomeo in Galdo,062,Benevento,BN,Campania,41.420189,15.031054
062058,San Giorgio del Sannio,062,Benevento,BN,Campania,41.104081,14.876665
062059,San Giorgio La Molara,062,Benevento,BN,Campania,41.269478,14.952450
062060,San Leucio del Sannio,062,Benevento,BN,Campania,41.084115,14.761567
062061,San Lorenzello,062,Benevento,BN,Campania,41.270207,14.537971
062062,San Lorenzo Maggiore,062,Benevento,BN,Campania,41.238746,14.624925
062063,San Lupo,062,Benevento,BN,Campania,41.268146,14.638460
062064,San Marco dei Cavoti,062,Benevento,BN,Campania,41.317047,14.873603
062065,San Martino Sannita,062,Benevento,BN,Campania,41.056160,14.835378
062066,San Nazzaro,062,Benevento,BN,Campania,41.052864,14.858655
062067,San Nicola Manfredi,062,Benevento,BN,Campania,41.082111,14.831653
062068,San Salvatore Telesino,062,Benevento,BN,Campania,41.235527,14.498203
062069,Santa Croce del Sannio,062,Benevento,BN,Campania,41.390547,14.737322
062070,Sant'Agata de' Goti,062,Benevento,BN,Campania,41.100686,14.495286
062071,Sant'Angelo a Cupolo,062,Benevento,BN,Campania,41.074710,14.799029
062072,Sassinoro,062,Benevento,BN,Campania,41.375254,14.650010
062073,Solopaca,062,Benevento,BN,Campania,41.190894,14.551822
062074,Telese Terme,062,Benevento,BN,Campania,41.207709,14.509565
062075,Tocco Caudio,062,Benevento,BN,Campania,41.118374,14.607469
062076,Torrecuso,062,Benevento,BN,Campania,41.194267,14.700042
062077,Vitulano,062,Benevento,BN,Campania,41.173404,14.625598
062078,Sant'Arcangelo Trimonte,062,Benevento,BN,Campania,41.178986,14.934298
063001,Acerra,263,Napoli,NA,Campania,40.965736,14.387463
063002,Afragola,263,Napoli,NA,Campania,40.926394,14.326530
063003,Agerola,263,Napoli,NA,Campania,40.640988,14.543828
063004,Anacapri,263,Napoli,NA,Campania,40.549803,14.212804
063005,Arzano,263,Napoli,NA,Campania,40.912956,14.267068
063006,Bacoli,263,Napoli,NA,Campania,40.816072,14.065139
063007,Barano d'Ischia,263,Napoli,NA,Campania,40.716203,13.923753
063008,Boscoreale,263,Napoli,NA,Campania,40.779370,14.506186
063009,Boscotrecase,263,Napoli,NA,Campania,40.784530,14.454255
063010,Brusciano,263,Napoli,NA,Campania,40.926606,14.422041
063011,Caivano,263,Napoli,NA,Campania,40.973552,14.319066
063012,Calvizzano,263,Napoli,NA,Campania,40.909209,14.176995
063013,Camposano,263,Napoli,NA,Campania,40.953469,14.525420
063014,Capri,263,Napoli,NA,Campania,40.552195,14.245703
063015,Carbonara di Nola,263,Napoli,NA,Campania,40.871681,14.577099
063016,Cardito,263,Napoli,NA,Campania,40.938333,14.294041
063017,Casalnuovo di Napoli,263,Napoli,NA,Campania,40.907849,14.351610
063018,Casamarciano,263,Napoli,NA,Campania,40.934992,14.559503
063019,Casamicciola Terme,263,Napoli,NA,Campania,40.740740,13.909355
063020,Casandrino,263,Napoli,NA,Campania,40.926744,14.247128
063021,Casavatore,263,Napoli,NA,Campania,40.897803,14.276049
063022,Casola di Napoli,263,Napoli,NA,Campania,40.696081,14.537045
063023,Casoria,263,Napoli,NA,Campania,40.900914,14.305155
063024,Castellammare di Stabia,263,Napoli,NA,Campania,40.696438,14.481174
063025,Castello di Cisterna,263,Napoli,NA,Campania,40.917472,14.410991
063026,Cercola,263,Napoli,NA,Campania,40.862433,14.358753
063027,Cicciano,263,Napoli,NA,Campania,40.966704,14.525142
063028,Cimitile,263,Napoli,NA,Campania,40.945484,14.518800
063029,Comiziano,263,Napoli,NA,Campania,40.948444,14.547190
063030,Crispano,263,Napoli,NA,Campania,40.955006,14.288589
063031,Forio,263,Napoli,NA,Campania,40.728126,13.872277
063032,Frattamaggiore,263,Napoli,NA,Campania,40.936915,14.274616
063033,Frattaminore,263,Napoli,NA,Campania,40.956442,14.271891
063034,Giugliano in Campania,263,Napoli,NA,Campania,40.929161,14.101835
063035,Gragnano,263,Napoli,NA,Campania,40.685785,14.535689
063036,Grumo Nevano,263,Napoli,NA,Campania,40.934639,14.259202
063037,Ischia,263,Napoli,NA,Campania,40.727551,13.947660
063038,Lacco Ameno,263,Napoli,NA,Campania,40.748503,13.886896
063039,Lettere,263,Napoli,NA,Campania,40.703353,14.559503
063040,Liveri,263,Napoli,NA,Campania,40.899749,14.564575
063041,Marano di Napoli,263,Napoli,NA,Campania,40.891443,14.169593
063042,Mariglianella,263,Napoli,NA,Campania,40.930990,14.434318
063043,Marigliano,263,Napoli,NA,Campania,40.936435,14.453299
063044,Massa Lubrense,263,Napoli,NA,Campania,40.597508,14.352849
063045,Melito di Napoli,263,Napoli,NA,Campania,40.919231,14.230824
063046,Meta,263,Napoli,NA,Campania,40.640475,14.418444
063047,Monte di Procida,263,Napoli,NA,Campania,40.797967,14.052239
063048,Mugnano di Napoli,263,Napoli,NA,Campania,40.908727,14.210382
063049,Napoli,263,Napoli,NA,Campania,40.856651,14.239628
063050,Nola,263,Napoli,NA,Campania,40.924537,14.510540
063051,Ottaviano,263,Napoli,NA,Campania,40.842874,14.476575
063052,Palma Campania,263,Napoli,NA,Campania,40.858592,14.557273
063053,Piano di Sorrento,263,Napoli,NA,Campania,40.624318,14.423725
063054,Pimonte,263,Napoli,NA,Campania,40.665871,14.515290
063055,Poggiomarino,263,Napoli,NA,Campania,40.806719,14.547241
063056,Pollena Trocchia,263,Napoli,NA,Campania,40.857834,14.383305
063057,Pomigliano d'Arco,263,Napoli,NA,Campania,40.908442,14.386969
063058,Pompei,263,Napoli,NA,Campania,40.748158,14.496190
063059,Portici,263,Napoli,NA,Campania,40.818814,14.341832
063060,Pozzuoli,263,Napoli,NA,Campania,40.850184,14.102416
063061,Procida,263,Napoli,NA,Campania,40.756170,14.013919
063062,Qualiano,263,Napoli,NA,Campania,40.923000,14.133737
063063,Quarto,263,Napoli,NA,Campania,40.883875,14.128973
063064,Ercolano,263,Napoli,NA,Campania,40.819527,14.380108
063065,Roccarainola,263,Napoli,NA,Campania,40.988974,14.543573
063066,San Gennaro Vesuviano,263,Napoli,NA,Campania,40.860029,14.526737
063067,San Giorgio a Cremano,263,Napoli,NA,Campania,40.834030,14.339206
063068,San Giuseppe Vesuviano,263,Napoli,NA,Campania,40.826607,14.502507
063069,San Paolo Bel Sito,263,Napoli,NA,Campania,40.911380,14.550234
063070,San Sebastiano al Vesuvio,263,Napoli,NA,Campania,40.842793,14.366469
063071,Sant'Agnello,263,Napoli,NA,Campania,40.621048,14.403918
063072,Sant'Anastasia,263,Napoli,NA,Campania,40.871777,14.398922
063073,Sant'Antimo,263,Napoli,NA,Campania,40.943158,14.233049
063074,Sant'Antonio Abate,263,Napoli,NA,Campania,40.724076,14.538302
063075,San Vitaliano,263,Napoli,NA,Campania,40.930885,14.483359
063076,Saviano,263,Napoli,NA,Campania,40.899814,14.502681
063077,Scisciano,263,Napoli,NA,Campania,40.906943,14.479462
063078,Serrara Fontana,263,Napoli,NA,Campania,40.714014,13.893975
063079,Somma Vesuviana,263,Napoli,NA,Campania,40.873636,14.444203
063080,Sorrento,263,Napoli,NA,Campania,40.617262,14.381044
063081,Striano,263,Napoli,NA,Campania,40.816935,14.571177
063082,Terzigno,263,Napoli,NA,Campania,40.802872,14.480675
063083,Torre Annunziata,263,Napoli,NA,Campania,40.750975,14.458033
063084,Torre del Greco,263,Napoli,NA,Campania,40.787315,14.403260
063085,Tufino,263,Napoli,NA,Campania,40.952120,14.570279
063086,Vico Equense,263,Napoli,NA,Campania,40.651881,14.453157
063087,Villaricca,263,Napoli,NA,Campania,40.913746,14.155799
063088,Visciano,263,Napoli,NA,Campania,40.918041,14.608586
063089,Volla,263,Napoli,NA,Campania,40.883141,14.345174
063090,Santa Maria la Carità,263,Napoli,NA,Campania,40.719964,14.511241
063091,Trecase,263,Napoli,NA,Campania,40.779364,14.439239
063092,Massa di Somma,263,Napoli,NA,Campania,40.840974,14.389112
064001,Aiello del Sabato,064,Avellino,AV,Campania,40.880256,14.813084
064002,Altavilla Irpina,064,Avellino,AV,Campania,41.000459,14.787259
064003,Andretta,064,Avellino,AV,Campania,40.942144,15.326375
064004,Aquilonia,064,Avellino,AV,Campania,40.978946,15.492243
064005,Ariano Irpino,064,Avellino,AV,Campania,41.168645,15.110795
064006,Atripalda,064,Avellino,AV,Campania,40.912672,14.837533
064007,Avella,064,Avellino,AV,Campania,40.976238,14.613598
064008,Avellino,064,Avellino,AV,Campania,40.913637,14.787776
064009,Bagnoli Irpino,064,Avellino,AV,Campania,40.807934,15.096220
064010,Baiano,064,Avellino,AV,Campania,40.936165,14.631471
064011,Bisaccia,064,Avellino,AV,Campania,41.008292,15.364708
064012,Bonito,064,Avellino,AV,Campania,41.087990,14.988833
064013,Cairano,064,Avellino,AV,Campania,40.894956,15.371934
064014,Calabritto,064,Avellino,AV,Campania,40.776380,15.188900
064015,Calitri,064,Avellino,AV,Campania,40.923231,15.446770
064016,Candida,064,Avellino,AV,Campania,40.946468,14.873083
064017,Caposele,064,Avellino,AV,Campania,40.820118,15.236832
064018,Capriglia Irpina,064,Avellino,AV,Campania,40.956424,14.778645
064019,Carife,064,Avellino,AV,Campania,41.018647,15.212695
064020,Casalbore,064,Avellino,AV,Campania,41.242741,15.014692
064021,Cassano Irpino,064,Avellino,AV,Campania,40.878184,15.026949
064022,Castel Baronia,064,Avellino,AV,Campania,41.043776,15.178173
064023,Castelfranci,064,Avellino,AV,Campania,40.921044,15.055194
064024,Castelvetere sul Calore,064,Avellino,AV,Campania,40.932221,14.978013
064025,Cervinara,064,Avellino,AV,Campania,41.015949,14.624872
064026,Cesinali,064,Avellino,AV,Campania,40.896132,14.836856
064027,Chianche,064,Avellino,AV,Campania,41.041700,14.788358
064028,Chiusano di San Domenico,064,Avellino,AV,Campania,40.931012,14.930580
064029,Contrada,064,Avellino,AV,Campania,40.868853,14.777929
064030,Conza della Campania,064,Avellino,AV,Campania,40.873942,15.314827
064031,Domicella,064,Avellino,AV,Campania,40.881708,14.590413
064032,Flumeri,064,Avellino,AV,Campania,41.076122,15.148492
064033,Fontanarosa,064,Avellino,AV,Campania,41.012751,15.023194
064034,Forino,064,Avellino,AV,Campania,40.857921,14.732835
064035,Frigento,064,Avellino,AV,Campania,41.011765,15.122657
064036,Gesualdo,064,Avellino,AV,Campania,41.006538,15.066016
064037,Greci,064,Avellino,AV,Campania,41.259583,15.173081
064038,Grottaminarda,064,Avellino,AV,Campania,41.064976,15.058815
064039,Grottolella,064,Avellino,AV,Campania,40.971263,14.788085
064040,Guardia Lombardi,064,Avellino,AV,Campania,40.975290,15.231360
064041,Lacedonia,064,Avellino,AV,Campania,41.054380,15.438917
064042,Lapio,064,Avellino,AV,Campania,40.978010,14.936306
064043,Lauro,064,Avellino,AV,Campania,40.872644,14.617183
064044,Lioni,064,Avellino,AV,Campania,40.862045,15.184812
064045,Luogosano,064,Avellino,AV,Campania,40.984968,14.985274
064046,Manocalzati,064,Avellino,AV,Campania,40.943326,14.843837
064047,Marzano di Nola,064,Avellino,AV,Campania,40.900214,14.582896
064048,Melito Irpino,064,Avellino,AV,Campania,41.109458,15.032600
064049,Mercogliano,064,Avellino,AV,Campania,40.923140,14.725393
064050,Mirabella Eclano,064,Avellino,AV,Campania,41.050483,14.988699
064051,Montaguto,064,Avellino,AV,Campania,41.251699,15.237263
064052,Montecalvo Irpino,064,Avellino,AV,Campania,41.200065,15.027374
064053,Montefalcione,064,Avellino,AV,Campania,40.968299,14.887521
064054,Monteforte Irpino,064,Avellino,AV,Campania,40.900317,14.705190
064055,Montefredane,064,Avellino,AV,Campania,40.960422,14.817875
064056,Montefusco,064,Avellino,AV,Campania,41.034331,14.861443
064057,Montella,064,Avellino,AV,Campania,40.829330,15.009957
064058,Montemarano,064,Avellino,AV,Campania,40.911554,15.005454
064059,Montemiletto,064,Avellino,AV,Campania,41.004248,14.905944
064060,Monteverde,064,Avellino,AV,Campania,41.012765,15.535289
064063,Morra De Sanctis,064,Avellino,AV,Campania,40.921437,15.261550
064064,Moschiano,064,Avellino,AV,Campania,40.873471,14.676983
064065,Mugnano del Cardinale,064,Avellino,AV,Campania,40.938630,14.663521
064066,Nusco,064,Avellino,AV,Campania,40.879633,15.108658
064067,Ospedaletto d'Alpinolo,064,Avellino,AV,Campania,40.938893,14.742985
064068,Pago del Vallo di Lauro,064,Avellino,AV,Campania,40.900461,14.607361
064069,Parolise,064,Avellino,AV,Campania,40.933022,14.890257
064070,Paternopoli,064,Avellino,AV,Campania,40.965336,15.033810
064071,Petruro Irpino,064,Avellino,AV,Campania,41.030856,14.794085
064072,Pietradefusi,064,Avellino,AV,Campania,41.048393,14.886440
064073,Pietrastornina,064,Avellino,AV,Campania,40.993293,14.729668
064074,Prata di Principato Ultra,064,Avellino,AV,Campania,40.990810,14.827211
064075,Pratola Serra,064,Avellino,AV,Campania,40.980245,14.856656
064076,Quadrelle,064,Avellino,AV,Campania,40.953380,14.671350
064077,Quindici,064,Avellino,AV,Campania,40.849944,14.656598
064078,Roccabascerana,064,Avellino,AV,Campania,41.032860,14.715932
064079,Rocca San Felice,064,Avellino,AV,Campania,40.966137,15.160365
064080,Rotondi,064,Avellino,AV,Campania,41.033297,14.592034
064081,Salza Irpina,064,Avellino,AV,Campania,40.914318,14.900422
064082,San Mango sul Calore,064,Avellino,AV,Campania,40.962256,14.971817
064083,San Martino Valle Caudina,064,Avellino,AV,Campania,41.026229,14.671817
064084,San Michele di Serino,064,Avellino,AV,Campania,40.876566,14.842748
064085,San Nicola Baronia,064,Avellino,AV,Campania,41.059946,15.206256
064086,San Potito Ultra,064,Avellino,AV,Campania,40.927336,14.861609
064087,San Sossio Baronia,064,Avellino,AV,Campania,41.088415,15.224136
064088,Santa Lucia di Serino,064,Avellino,AV,Campania,40.874421,14.878490
064089,Sant'Andrea di Conza,064,Avellino,AV,Campania,40.853896,15.365313
064090,Sant'Angelo all'Esca,064,Avellino,AV,Campania,41.006968,14.993424
064091,Sant'Angelo a Scala,064,Avellino,AV,Campania,40.973093,14.743119
064092,Sant'Angelo dei Lombardi,064,Avellino,AV,Campania,40.924182,15.175964
064093,Santa Paolina,064,Avellino,AV,Campania,41.016244,14.851533
064095,Santo Stefano del Sole,064,Avellino,AV,Campania,40.890436,14.873633
064096,Savignano Irpino,064,Avellino,AV,Campania,41.213882,15.208924
064097,Scampitella,064,Avellino,AV,Campania,41.086620,15.316669
064098,Senerchia,064,Avellino,AV,Campania,40.734144,15.193277
064099,Serino,064,Avellino,AV,Campania,40.834521,14.897125
064100,Sirignano,064,Avellino,AV,Campania,40.960514,14.650280
064101,Solofra,064,Avellino,AV,Campania,40.826966,14.845836
064102,Sorbo Serpico,064,Avellino,AV,Campania,40.904699,14.889801
064103,Sperone,064,Avellino,AV,Campania,40.948795,14.620008
064104,Sturno,064,Avellino,AV,Campania,41.023476,15.136788
064105,Summonte,064,Avellino,AV,Campania,40.955619,14.730883
064106,Taurano,064,Avellino,AV,Campania,40.897096,14.646784
064107,Taurasi,064,Avellino,AV,Campania,41.014904,14.962992
064108,Teora,064,Avellino,AV,Campania,40.861012,15.246705
064109,Torella dei Lombardi,064,Avellino,AV,Campania,40.940096,15.094124
064110,Torre Le Nocelle,064,Avellino,AV,Campania,41.029987,14.920985
064111,Torrioni,064,Avellino,AV,Campania,41.028796,14.815864
064112,Trevico,064,Avellino,AV,Campania,41.051697,15.241205
064113,Tufo,064,Avellino,AV,Campania,41.011735,14.822654
064114,Vallata,064,Avellino,AV,Campania,41.033199,15.284494
064115,Vallesaccarda,064,Avellino,AV,Campania,41.079423,15.259890
064116,Venticano,064,Avellino,AV,Campania,41.059574,14.923184
064117,Villamaina,064,Avellino,AV,Campania,40.971505,15.094332
064118,Villanova del Battista,064,Avellino,AV,Campania,41.112759,15.159144
064119,Volturara Irpina,064,Avellino,AV,Campania,40.865652,14.939778
064120,Zungoli,064,Avellino,AV,Campania,41.122500,15.217749
064121,Montoro,064,Avellino,AV,Campania,40.824332,14.786625
065001,Acerno,065,Salerno,SA,Campania,40.741515,15.064924
065002,Agropoli,065,Salerno,SA,Campania,40.351032,15.008382
065003,Albanella,065,Salerno,SA,Campania,40.492600,15.097127
065004,Alfano,065,Salerno,SA,Campania,40.176458,15.427680
065005,Altavilla Silentina,065,Salerno,SA,Campania,40.528212,15.122440
065006,Amalfi,065,Salerno,SA,Campania,40.634258,14.583785
065007,Angri,065,Salerno,SA,Campania,40.741592,14.568510
065008,Aquara,065,Salerno,SA,Campania,40.449251,15.251656
065009,Ascea,065,Salerno,SA,Campania,40.157807,15.195939
065010,Atena Lucana,065,Salerno,SA,Campania,40.457505,15.551256
065011,Atrani,065,Salerno,SA,Campania,40.636419,14.607646
065012,Auletta,065,Salerno,SA,Campania,40.554968,15.420967
065013,Baronissi,065,Salerno,SA,Campania,40.740465,14.779817
065014,Battipaglia,065,Salerno,SA,Campania,40.594305,14.955320
065015,Bellosguardo,065,Salerno,SA,Campania,40.418506,15.305519
065016,Bracigliano,065,Salerno,SA,Campania,40.826164,14.707231
065017,Buccino,065,Salerno,SA,Campania,40.627330,15.362748
065018,Buonabitacolo,065,Salerno,SA,Campania,40.282789,15.623369
065019,Caggiano,065,Salerno,SA,Campania,40.561191,15.495120
065020,Calvanico,065,Salerno,SA,Campania,40.779180,14.844894
065021,Camerota,065,Salerno,SA,Campania,40.036435,15.376918
065022,Campagna,065,Salerno,SA,Campania,40.663100,15.126714
065023,Campora,065,Salerno,SA,Campania,40.295451,15.309530
065024,Cannalonga,065,Salerno,SA,Campania,40.249944,15.320989
065025,Capaccio Paestum,065,Salerno,SA,Campania,40.444242,15.027343
065026,Casalbuono,065,Salerno,SA,Campania,40.217116,15.694617
065027,Casaletto Spartano,065,Salerno,SA,Campania,40.169181,15.647705
065028,Casal Velino,065,Salerno,SA,Campania,40.205568,15.129179
065029,Caselle in Pittari,065,Salerno,SA,Campania,40.186094,15.537121
065030,Castelcivita,065,Salerno,SA,Campania,40.504623,15.233323
065031,Castellabate,065,Salerno,SA,Campania,40.279708,14.951170
065032,Castelnuovo Cilento,065,Salerno,SA,Campania,40.212593,15.178704
065033,Castelnuovo di Conza,065,Salerno,SA,Campania,40.822428,15.311107
065034,Castel San Giorgio,065,Salerno,SA,Campania,40.781460,14.685318
065035,Castel San Lorenzo,065,Salerno,SA,Campania,40.419124,15.215748
065036,Castiglione del Genovesi,065,Salerno,SA,Campania,40.728782,14.843135
065037,Cava de' Tirreni,065,Salerno,SA,Campania,40.709913,14.704718
065038,Celle di Bulgheria,065,Salerno,SA,Campania,40.100368,15.390159
065039,Centola,065,Salerno,SA,Campania,40.078086,15.313613
065040,Ceraso,065,Salerno,SA,Campania,40.187798,15.247364
065041,Cetara,065,Salerno,SA,Campania,40.657829,14.693416
065042,Cicerale,065,Salerno,SA,Campania,40.353609,15.117975
065043,Colliano,065,Salerno,SA,Campania,40.714225,15.308392
065044,Conca dei Marini,065,Salerno,SA,Campania,40.617396,14.566276
065045,Controne,065,Salerno,SA,Campania,40.515954,15.200413
065046,Contursi Terme,065,Salerno,SA,Campania,40.649047,15.241931
065047,Corbara,065,Salerno,SA,Campania,40.712178,14.593076
065048,Corleto Monforte,065,Salerno,SA,Campania,40.447412,15.400114
065049,Cuccaro Vetere,065,Salerno,SA,Campania,40.174493,15.308981
065050,Eboli,065,Salerno,SA,Campania,40.562138,15.005594
065051,Felitto,065,Salerno,SA,Campania,40.386083,15.252366
065052,Fisciano,065,Salerno,SA,Campania,40.773229,14.800151
065053,Furore,065,Salerno,SA,Campania,40.619092,14.548648
065054,Futani,065,Salerno,SA,Campania,40.160058,15.321250
065055,Giffoni Sei Casali,065,Salerno,SA,Campania,40.740123,14.887705
065056,Giffoni Valle Piana,065,Salerno,SA,Campania,40.746262,14.937591
065057,Gioi,065,Salerno,SA,Campania,40.276818,15.225935
065058,Giungano,065,Salerno,SA,Campania,40.389148,15.092678
065059,Ispani,065,Salerno,SA,Campania,40.086825,15.553874
065060,Laureana Cilento,065,Salerno,SA,Campania,40.307336,15.021931
065061,Laurino,065,Salerno,SA,Campania,40.319160,15.344305
065062,Laurito,065,Salerno,SA,Campania,40.167303,15.399344
065063,Laviano,065,Salerno,SA,Campania,40.773961,15.334135
065064,Lustra,065,Salerno,SA,Campania,40.283157,15.090044
065065,Magliano Vetere,065,Salerno,SA,Campania,40.349141,15.236634
065066,Maiori,065,Salerno,SA,Campania,40.654911,14.661575
065067,Mercato San Severino,065,Salerno,SA,Campania,40.778191,14.736116
065068,Minori,065,Salerno,SA,Campania,40.658949,14.625667
065069,Moio della Civitella,065,Salerno,SA,Campania,40.256357,15.270640
065070,Montano Antilia,065,Salerno,SA,Campania,40.152791,15.360404
065071,Montecorice,065,Salerno,SA,Campania,40.240385,14.987698
065072,Montecorvino Pugliano,065,Salerno,SA,Campania,40.656215,14.939386
065073,Montecorvino Rovella,065,Salerno,SA,Campania,40.689517,14.984633
065074,Monteforte Cilento,065,Salerno,SA,Campania,40.362329,15.181964
065075,Monte San Giacomo,065,Salerno,SA,Campania,40.334771,15.510356
065076,Montesano sulla Marcellana,065,Salerno,SA,Campania,40.264748,15.726090
065077,Morigerati,065,Salerno,SA,Campania,40.149147,15.533568
065078,Nocera Inferiore,065,Salerno,SA,Campania,40.754310,14.638890
065079,Nocera Superiore,065,Salerno,SA,Campania,40.738223,14.674754
065080,Novi Velia,065,Salerno,SA,Campania,40.226464,15.341449
065081,Ogliastro Cilento,065,Salerno,SA,Campania,40.357395,15.056659
065082,Olevano sul Tusciano,065,Salerno,SA,Campania,40.666116,15.027964
065083,Oliveto Citra,065,Salerno,SA,Campania,40.692409,15.214756
065084,Omignano,065,Salerno,SA,Campania,40.249713,15.101909
065085,Orria,065,Salerno,SA,Campania,40.301748,15.185910
065086,Ottati,065,Salerno,SA,Campania,40.490287,15.306177
065087,Padula,065,Salerno,SA,Campania,40.340314,15.664451
065088,Pagani,065,Salerno,SA,Campania,40.752579,14.608187
065089,Palomonte,065,Salerno,SA,Campania,40.654708,15.296098
065090,Pellezzano,065,Salerno,SA,Campania,40.718778,14.758363
065091,Perdifumo,065,Salerno,SA,Campania,40.278528,15.006293
065092,Perito,065,Salerno,SA,Campania,40.301729,15.142520
065093,Pertosa,065,Salerno,SA,Campania,40.546089,15.452180
065094,Petina,065,Salerno,SA,Campania,40.529001,15.380616
065095,Piaggine,065,Salerno,SA,Campania,40.332622,15.423225
065096,Pisciotta,065,Salerno,SA,Campania,40.114683,15.243348
065097,Polla,065,Salerno,SA,Campania,40.509625,15.488394
065098,Pollica,065,Salerno,SA,Campania,40.192943,15.062190
065099,Pontecagnano Faiano,065,Salerno,SA,Campania,40.626602,14.886904
065100,Positano,065,Salerno,SA,Campania,40.633060,14.490729
065101,Postiglione,065,Salerno,SA,Campania,40.572620,15.214888
065102,Praiano,065,Salerno,SA,Campania,40.616074,14.527716
065103,Prignano Cilento,065,Salerno,SA,Campania,40.329077,15.078074
065104,Ravello,065,Salerno,SA,Campania,40.669422,14.608781
065105,Ricigliano,065,Salerno,SA,Campania,40.667454,15.452774
065106,Roccadaspide,065,Salerno,SA,Campania,40.444273,15.152836
065107,Roccagloriosa,065,Salerno,SA,Campania,40.120704,15.442801
065108,Roccapiemonte,065,Salerno,SA,Campania,40.758994,14.687608
065109,Rofrano,065,Salerno,SA,Campania,40.207486,15.437771
065110,Romagnano al Monte,065,Salerno,SA,Campania,40.623668,15.441124
065111,Roscigno,065,Salerno,SA,Campania,40.402940,15.350034
065112,Rutino,065,Salerno,SA,Campania,40.301832,15.093609
065113,Sacco,065,Salerno,SA,Campania,40.382769,15.395870
065114,Sala Consilina,065,Salerno,SA,Campania,40.398590,15.605616
065115,Salento,065,Salerno,SA,Campania,40.248822,15.177506
065116,Salerno,065,Salerno,SA,Campania,40.677921,14.809966
065117,Salvitelle,065,Salerno,SA,Campania,40.596262,15.447281
065118,San Cipriano Picentino,065,Salerno,SA,Campania,40.700942,14.869944
065119,San Giovanni a Piro,065,Salerno,SA,Campania,40.054833,15.455133
065120,San Gregorio Magno,065,Salerno,SA,Campania,40.676018,15.389848
065121,San Mango Piemonte,065,Salerno,SA,Campania,40.701527,14.839407
065122,San Marzano sul Sarno,065,Salerno,SA,Campania,40.774044,14.581892
065123,San Mauro Cilento,065,Salerno,SA,Campania,40.221453,15.035977
065124,San Mauro la Bruca,065,Salerno,SA,Campania,40.124278,15.287988
065125,San Pietro al Tanagro,065,Salerno,SA,Campania,40.452796,15.487862
065126,San Rufo,065,Salerno,SA,Campania,40.426009,15.464916
065127,Santa Marina,065,Salerno,SA,Campania,40.101201,15.521862
065128,Sant'Angelo a Fasanella,065,Salerno,SA,Campania,40.467483,15.349540
065129,Sant'Arsenio,065,Salerno,SA,Campania,40.466697,15.488972
065130,Sant'Egidio del Monte Albino,065,Salerno,SA,Campania,40.736471,14.597292
065131,Santomenna,065,Salerno,SA,Campania,40.810024,15.345475
065132,San Valentino Torio,065,Salerno,SA,Campania,40.791579,14.600925
065133,Sanza,065,Salerno,SA,Campania,40.248662,15.543536
065134,Sapri,065,Salerno,SA,Campania,40.064684,15.646902
065135,Sarno,065,Salerno,SA,Campania,40.818159,14.623073
065136,Sassano,065,Salerno,SA,Campania,40.321191,15.575859
065137,Scafati,065,Salerno,SA,Campania,40.762255,14.536989
065138,Scala,065,Salerno,SA,Campania,40.661756,14.586915
065139,Serramezzana,065,Salerno,SA,Campania,40.240509,15.023843
065140,Serre,065,Salerno,SA,Campania,40.572321,15.124991
065141,Sessa Cilento,065,Salerno,SA,Campania,40.265447,15.070119
065142,Siano,065,Salerno,SA,Campania,40.805901,14.689411
065143,Sicignano degli Alburni,065,Salerno,SA,Campania,40.581036,15.301249
065144,Stella Cilento,065,Salerno,SA,Campania,40.226772,15.094293
065145,Stio,065,Salerno,SA,Campania,40.314934,15.253075
065146,Teggiano,065,Salerno,SA,Campania,40.387450,15.505558
065147,Torchiara,065,Salerno,SA,Campania,40.318909,15.050350
065148,Torraca,065,Salerno,SA,Campania,40.103542,15.639452
065149,Torre Orsaia,065,Salerno,SA,Campania,40.130733,15.484400
065150,Tortorella,065,Salerno,SA,Campania,40.120971,15.632583
065151,Tramonti,065,Salerno,SA,Campania,40.696258,14.635668
065152,Trentinara,065,Salerno,SA,Campania,40.400203,15.131085
065153,Valle dell'Angelo,065,Salerno,SA,Campania,40.296418,15.400468
065154,Vallo della Lucania,065,Salerno,SA,Campania,40.224556,15.246928
065155,Valva,065,Salerno,SA,Campania,40.755365,15.264211
065156,Vibonati,065,Salerno,SA,Campania,40.098639,15.588268
065157,Vietri sul Mare,065,Salerno,SA,Campania,40.674744,14.708780
065158,Bellizzi,065,Salerno,SA,Campania,40.619700,14.939159
066001,Acciano,066,L'Aquila,AQ,Abruzzo,42.193119,13.706481
066002,Aielli,066,L'Aquila,AQ,Abruzzo,42.075126,13.581934
066003,Alfedena,066,L'Aquila,AQ,Abruzzo,41.715752,14.009721
066004,Anversa degli Abruzzi,066,L'Aquila,AQ,Abruzzo,41.988084,13.811381
066005,Ateleta,066,L'Aquila,AQ,Abruzzo,41.873019,14.173415
066006,Avezzano,066,L'Aquila,AQ,Abruzzo,42.037296,13.446009
066007,Balsorano,066,L'Aquila,AQ,Abruzzo,41.799534,13.583737
066008,Barete,066,L'Aquila,AQ,Abruzzo,42.449493,13.275142
066009,Barisciano,066,L'Aquila,AQ,Abruzzo,42.348845,13.584321
066010,Barrea,066,L'Aquila,AQ,Abruzzo,41.768048,13.978111
066011,Bisegna,066,L'Aquila,AQ,Abruzzo,41.914884,13.775036
066012,Bugnara,066,L'Aquila,AQ,Abruzzo,42.016484,13.853176
066013,Cagnano Amiterno,066,L'Aquila,AQ,Abruzzo,42.451616,13.198778
066014,Calascio,066,L'Aquila,AQ,Abruzzo,42.363798,13.691528
066015,Campo di Giove,066,L'Aquila,AQ,Abruzzo,41.998297,14.065581
066016,Campotosto,066,L'Aquila,AQ,Abruzzo,42.549091,13.361412
066017,Canistro,066,L'Aquila,AQ,Abruzzo,41.934413,13.397659
066018,Cansano,066,L'Aquila,AQ,Abruzzo,41.984359,14.026041
066019,Capestrano,066,L'Aquila,AQ,Abruzzo,42.272497,13.792880
066020,Capistrello,066,L'Aquila,AQ,Abruzzo,41.976257,13.376057
066021,Capitignano,066,L'Aquila,AQ,Abruzzo,42.523370,13.304762
066022,Caporciano,066,L'Aquila,AQ,Abruzzo,42.245040,13.671545
066023,Cappadocia,066,L'Aquila,AQ,Abruzzo,42.005299,13.250772
066024,Carapelle Calvisio,066,L'Aquila,AQ,Abruzzo,42.316605,13.687456
066025,Carsoli,066,L'Aquila,AQ,Abruzzo,42.116418,13.114090
066026,Castel del Monte,066,L'Aquila,AQ,Abruzzo,42.392330,13.732004
066027,Castel di Ieri,066,L'Aquila,AQ,Abruzzo,42.097540,13.745174
066028,Castel di Sangro,066,L'Aquila,AQ,Abruzzo,41.781698,14.120513
066029,Castellafiume,066,L'Aquila,AQ,Abruzzo,41.977707,13.324294
066030,Castelvecchio Calvisio,066,L'Aquila,AQ,Abruzzo,42.327879,13.679256
066031,Castelvecchio Subequo,066,L'Aquila,AQ,Abruzzo,42.109744,13.721626
066032,Celano,066,L'Aquila,AQ,Abruzzo,42.077105,13.566360
066033,Cerchio,066,L'Aquila,AQ,Abruzzo,42.042436,13.596632
066034,Civita d'Antino,066,L'Aquila,AQ,Abruzzo,41.886282,13.476681
066035,Civitella Alfedena,066,L'Aquila,AQ,Abruzzo,41.776599,13.911760
066036,Civitella Roveto,066,L'Aquila,AQ,Abruzzo,41.896891,13.410261
066037,Cocullo,066,L'Aquila,AQ,Abruzzo,42.033981,13.771386
066038,Collarmele,066,L'Aquila,AQ,Abruzzo,42.061428,13.643341
066039,Collelongo,066,L'Aquila,AQ,Abruzzo,41.890523,13.572410
066040,Collepietro,066,L'Aquila,AQ,Abruzzo,42.217707,13.786691
066041,Corfinio,066,L'Aquila,AQ,Abruzzo,42.135920,13.858606
066042,Fagnano Alto,066,L'Aquila,AQ,Abruzzo,42.250129,13.582878
066043,Fontecchio,066,L'Aquila,AQ,Abruzzo,42.224351,13.607482
066044,Fossa,066,L'Aquila,AQ,Abruzzo,42.303084,13.494093
066045,Gagliano Aterno,066,L'Aquila,AQ,Abruzzo,42.116906,13.677088
066046,Gioia dei Marsi,066,L'Aquila,AQ,Abruzzo,41.915929,13.729848
066047,Goriano Sicoli,066,L'Aquila,AQ,Abruzzo,42.072195,13.771605
066048,Introdacqua,066,L'Aquila,AQ,Abruzzo,41.997739,13.893008
066049,L'Aquila,066,L'Aquila,AQ,Abruzzo,42.393421,13.424721
066050,Lecce nei Marsi,066,L'Aquila,AQ,Abruzzo,41.894228,13.686081
066051,Luco dei Marsi,066,L'Aquila,AQ,Abruzzo,41.954902,13.477385
066052,Lucoli,066,L'Aquila,AQ,Abruzzo,42.250994,13.372282
066053,Magliano de' Marsi,066,L'Aquila,AQ,Abruzzo,42.126536,13.337207
066054,Massa d'Albe,066,L'Aquila,AQ,Abruzzo,42.121133,13.422423
066055,Molina Aterno,066,L'Aquila,AQ,Abruzzo,42.150055,13.748080
066056,Montereale,066,L'Aquila,AQ,Abruzzo,42.530050,13.227916
066057,Morino,066,L'Aquila,AQ,Abruzzo,41.842730,13.442681
066058,Navelli,066,L'Aquila,AQ,Abruzzo,42.237393,13.732118
066059,Ocre,066,L'Aquila,AQ,Abruzzo,42.279483,13.467028
066060,Ofena,066,L'Aquila,AQ,Abruzzo,42.331904,13.757353
066061,Opi,066,L'Aquila,AQ,Abruzzo,41.771348,13.854518
066062,Oricola,066,L'Aquila,AQ,Abruzzo,42.066490,13.043483
066063,Ortona dei Marsi,066,L'Aquila,AQ,Abruzzo,42.001312,13.728956
066064,Ortucchio,066,L'Aquila,AQ,Abruzzo,41.948693,13.620268
066065,Ovindoli,066,L'Aquila,AQ,Abruzzo,42.133490,13.514315
066066,Pacentro,066,L'Aquila,AQ,Abruzzo,42.054978,14.027249
066067,Pereto,066,L'Aquila,AQ,Abruzzo,42.052258,13.128677
066068,Pescasseroli,066,L'Aquila,AQ,Abruzzo,41.809611,13.791218
066069,Pescina,066,L'Aquila,AQ,Abruzzo,42.010421,13.645903
066070,Pescocostanzo,066,L'Aquila,AQ,Abruzzo,41.918570,14.056521
066071,Pettorano sul Gizio,066,L'Aquila,AQ,Abruzzo,41.967397,13.946918
066072,Pizzoli,066,L'Aquila,AQ,Abruzzo,42.450296,13.332318
066073,Poggio Picenze,066,L'Aquila,AQ,Abruzzo,42.317044,13.540347
066074,Prata d'Ansidonia,066,L'Aquila,AQ,Abruzzo,42.273274,13.620143
066075,Pratola Peligna,066,L'Aquila,AQ,Abruzzo,42.099031,13.897009
066076,Prezza,066,L'Aquila,AQ,Abruzzo,42.057648,13.836618
066077,Raiano,066,L'Aquila,AQ,Abruzzo,42.099942,13.809723
066078,Rivisondoli,066,L'Aquila,AQ,Abruzzo,41.862974,14.044004
066079,Roccacasale,066,L'Aquila,AQ,Abruzzo,42.129052,13.890445
066080,Rocca di Botte,066,L'Aquila,AQ,Abruzzo,42.021818,13.114688
066081,Rocca di Cambio,066,L'Aquila,AQ,Abruzzo,42.229386,13.473839
066082,Rocca di Mezzo,066,L'Aquila,AQ,Abruzzo,42.196759,13.509084
066083,Rocca Pia,066,L'Aquila,AQ,Abruzzo,41.905280,13.987097
066084,Roccaraso,066,L'Aquila,AQ,Abruzzo,41.837286,14.078113
066085,San Benedetto dei Marsi,066,L'Aquila,AQ,Abruzzo,42.006502,13.602508
066086,San Benedetto in Perillis,066,L'Aquila,AQ,Abruzzo,42.179860,13.774892
066087,San Demetrio ne' Vestini,066,L'Aquila,AQ,Abruzzo,42.283522,13.555581
066088,San Pio delle Camere,066,L'Aquila,AQ,Abruzzo,42.290349,13.649189
066089,Sante Marie,066,L'Aquila,AQ,Abruzzo,42.118598,13.210470
066090,Sant'Eusanio Forconese,066,L'Aquila,AQ,Abruzzo,42.283678,13.515844
066091,Santo Stefano di Sessanio,066,L'Aquila,AQ,Abruzzo,42.375670,13.646986
066092,San Vincenzo Valle Roveto,066,L'Aquila,AQ,Abruzzo,41.833103,13.528577
066093,Scanno,066,L'Aquila,AQ,Abruzzo,41.876562,13.901190
066094,Scontrone,066,L'Aquila,AQ,Abruzzo,41.763353,14.054748
066095,Scoppito,066,L'Aquila,AQ,Abruzzo,42.360334,13.221337
066096,Scurcola Marsicana,066,L'Aquila,AQ,Abruzzo,42.057433,13.352150
066097,Secinaro,066,L'Aquila,AQ,Abruzzo,42.156622,13.644365
066098,Sulmona,066,L'Aquila,AQ,Abruzzo,42.065582,13.934359
066099,Tagliacozzo,066,L'Aquila,AQ,Abruzzo,42.065997,13.255149
066100,Tione degli Abruzzi,066,L'Aquila,AQ,Abruzzo,42.191644,13.642234
066101,Tornimparte,066,L'Aquila,AQ,Abruzzo,42.285300,13.277381
066102,Trasacco,066,L'Aquila,AQ,Abruzzo,41.950577,13.539132
066103,Villalago,066,L'Aquila,AQ,Abruzzo,41.935019,13.821684
066104,Villa Santa Lucia degli Abruzzi,066,L'Aquila,AQ,Abruzzo,42.335933,13.786520
066105,Villa Sant'Angelo,066,L'Aquila,AQ,Abruzzo,42.265324,13.535601
066106,Villavallelonga,066,L'Aquila,AQ,Abruzzo,41.839315,13.664164
066107,Villetta Barrea,066,L'Aquila,AQ,Abruzzo,41.798732,13.934183
066108,Vittorito,066,L'Aquila,AQ,Abruzzo,42.134800,13.807193
067001,Alba Adriatica,067,Teramo,TE,Abruzzo,42.822507,13.907290
067002,Ancarano,067,Teramo,TE,Abruzzo,42.840412,13.747617
067003,Arsita,067,Teramo,TE,Abruzzo,42.472963,13.775913
067004,Atri,067,Teramo,TE,Abruzzo,42.584162,13.980255
067005,Basciano,067,Teramo,TE,Abruzzo,42.587860,13.735317
067006,Bellante,067,Teramo,TE,Abruzzo,42.741202,13.810125
067007,Bisenti,067,Teramo,TE,Abruzzo,42.528231,13.804722
067008,Campli,067,Teramo,TE,Abruzzo,42.734546,13.697241
067009,Canzano,067,Teramo,TE,Abruzzo,42.649821,13.803727
067010,Castel Castagna,067,Teramo,TE,Abruzzo,42.541251,13.731215
067011,Castellalto,067,Teramo,TE,Abruzzo,42.666181,13.836741
067012,Castelli,067,Teramo,TE,Abruzzo,42.485335,13.725482
067013,Castiglione Messer Raimondo,067,Teramo,TE,Abruzzo,42.520159,13.868285
067014,Castilenti,067,Teramo,TE,Abruzzo,42.535731,13.941347
067015,Cellino Attanasio,067,Teramo,TE,Abruzzo,42.586745,13.856174
067016,Cermignano,067,Teramo,TE,Abruzzo,42.589879,13.800424
067017,Civitella del Tronto,067,Teramo,TE,Abruzzo,42.779348,13.659582
067018,Colledara,067,Teramo,TE,Abruzzo,42.552148,13.687189
067019,Colonnella,067,Teramo,TE,Abruzzo,42.864180,13.875310
067020,Controguerra,067,Teramo,TE,Abruzzo,42.854832,13.812807
067021,Corropoli,067,Teramo,TE,Abruzzo,42.827452,13.853393
067022,Cortino,067,Teramo,TE,Abruzzo,42.629003,13.497658
067023,Crognaleto,067,Teramo,TE,Abruzzo,42.566919,13.472315
067024,Fano Adriano,067,Teramo,TE,Abruzzo,42.525723,13.532689
067025,Giulianova,067,Teramo,TE,Abruzzo,42.740942,13.941282
067026,Isola del Gran Sasso d'Italia,067,Teramo,TE,Abruzzo,42.486004,13.637942
067027,Montefino,067,Teramo,TE,Abruzzo,42.556566,13.892344
067028,Montorio al Vomano,067,Teramo,TE,Abruzzo,42.585435,13.628476
067029,Morro d'Oro,067,Teramo,TE,Abruzzo,42.656229,13.934347
067030,Mosciano Sant'Angelo,067,Teramo,TE,Abruzzo,42.742022,13.887844
067031,Nereto,067,Teramo,TE,Abruzzo,42.818037,13.812180
067032,Notaresco,067,Teramo,TE,Abruzzo,42.660769,13.886080
067033,Penna Sant'Andrea,067,Teramo,TE,Abruzzo,42.585248,13.766147
067034,Pietracamela,067,Teramo,TE,Abruzzo,42.497682,13.542858
067035,Pineto,067,Teramo,TE,Abruzzo,42.608014,14.040708
067036,Rocca Santa Maria,067,Teramo,TE,Abruzzo,42.673768,13.492670
067037,Roseto degli Abruzzi,067,Teramo,TE,Abruzzo,42.681150,13.979390
067038,Sant'Egidio alla Vibrata,067,Teramo,TE,Abruzzo,42.817809,13.710374
067039,Sant'Omero,067,Teramo,TE,Abruzzo,42.788949,13.822113
067040,Silvi,067,Teramo,TE,Abruzzo,42.552731,14.096634
067041,Teramo,067,Teramo,TE,Abruzzo,42.658468,13.710788
067042,Torano Nuovo,067,Teramo,TE,Abruzzo,42.821987,13.776968
067043,Torricella Sicura,067,Teramo,TE,Abruzzo,42.666446,13.602414
067044,Tortoreto,067,Teramo,TE,Abruzzo,42.799138,13.910244
067045,Tossicia,067,Teramo,TE,Abruzzo,42.549261,13.635987
067046,Valle Castellana,067,Teramo,TE,Abruzzo,42.728923,13.502160
067047,Martinsicuro,067,Teramo,TE,Abruzzo,42.866360,13.911298
068001,Abbateggio,068,Pescara,PE,Abruzzo,42.204345,14.022508
068002,Alanno,068,Pescara,PE,Abruzzo,42.290863,13.985912
068003,Bolognano,068,Pescara,PE,Abruzzo,42.213605,13.950139
068004,Brittoli,068,Pescara,PE,Abruzzo,42.305051,13.854163
068005,Bussi sul Tirino,068,Pescara,PE,Abruzzo,42.218688,13.833125
068006,Cappelle sul Tavo,068,Pescara,PE,Abruzzo,42.468981,14.103750
068007,Caramanico Terme,068,Pescara,PE,Abruzzo,42.150589,14.029986
068008,Carpineto della Nora,068,Pescara,PE,Abruzzo,42.341770,13.837410
068009,Castiglione a Casauria,068,Pescara,PE,Abruzzo,42.230514,13.896687
068010,Catignano,068,Pescara,PE,Abruzzo,42.350873,13.966349
068011,Cepagatti,068,Pescara,PE,Abruzzo,42.368951,14.105256
068012,Città Sant'Angelo,068,Pescara,PE,Abruzzo,42.512071,14.061466
068013,Civitaquana,068,Pescara,PE,Abruzzo,42.339657,13.920645
068014,Civitella Casanova,068,Pescara,PE,Abruzzo,42.379143,13.883189
068015,Collecorvino,068,Pescara,PE,Abruzzo,42.464115,14.040064
068016,Corvara,068,Pescara,PE,Abruzzo,42.276440,13.870118
068017,Cugnoli,068,Pescara,PE,Abruzzo,42.309151,13.939218
068018,Elice,068,Pescara,PE,Abruzzo,42.514754,13.979109
068019,Farindola,068,Pescara,PE,Abruzzo,42.432063,13.813582
068020,Lettomanoppello,068,Pescara,PE,Abruzzo,42.227029,14.051914
068021,Loreto Aprutino,068,Pescara,PE,Abruzzo,42.411613,13.974542
068022,Manoppello,068,Pescara,PE,Abruzzo,42.279876,14.065123
068023,Montebello di Bertona,068,Pescara,PE,Abruzzo,42.417811,13.861731
068024,Montesilvano,068,Pescara,PE,Abruzzo,42.493569,14.141963
068025,Moscufo,068,Pescara,PE,Abruzzo,42.431821,14.066918
068026,Nocciano,068,Pescara,PE,Abruzzo,42.339222,13.998070
068027,Penne,068,Pescara,PE,Abruzzo,42.467688,13.906586
068028,Pescara,068,Pescara,PE,Abruzzo,42.455794,14.203384
068029,Pescosansonesco,068,Pescara,PE,Abruzzo,42.246421,13.871524
068030,Pianella,068,Pescara,PE,Abruzzo,42.392351,14.057237
068031,Picciano,068,Pescara,PE,Abruzzo,42.477849,13.985421
068032,Pietranico,068,Pescara,PE,Abruzzo,42.283206,13.913773
068033,Popoli Terme,068,Pescara,PE,Abruzzo,42.170860,13.838501
068034,Roccamorice,068,Pescara,PE,Abruzzo,42.189730,14.065388
068035,Rosciano,068,Pescara,PE,Abruzzo,42.333859,14.044889
068036,Salle,068,Pescara,PE,Abruzzo,42.153168,13.943656
068037,Sant'Eufemia a Maiella,068,Pescara,PE,Abruzzo,42.105037,14.035765
068038,San Valentino in Abruzzo Citeriore,068,Pescara,PE,Abruzzo,42.231342,13.981709
068039,Scafa,068,Pescara,PE,Abruzzo,42.254586,13.990515
068040,Serramonacesca,068,Pescara,PE,Abruzzo,42.237868,14.096157
068041,Spoltore,068,Pescara,PE,Abruzzo,42.440447,14.138305
068042,Tocco da Casauria,068,Pescara,PE,Abruzzo,42.195849,13.911947
068043,Torre de' Passeri,068,Pescara,PE,Abruzzo,42.252243,13.933561
068044,Turrivalignani,068,Pescara,PE,Abruzzo,42.265231,14.025105
068045,Vicoli,068,Pescara,PE,Abruzzo,42.343485,13.892235
068046,Villa Celiera,068,Pescara,PE,Abruzzo,42.383799,13.845836
069001,Altino,069,Chieti,CH,Abruzzo,42.105878,14.348511
069002,Archi,069,Chieti,CH,Abruzzo,42.081054,14.384842
069003,Ari,069,Chieti,CH,Abruzzo,42.286229,14.256071
069004,Arielli,069,Chieti,CH,Abruzzo,42.256982,14.300837
069005,Atessa,069,Chieti,CH,Abruzzo,42.087279,14.460729
069006,Bomba,069,Chieti,CH,Abruzzo,42.037877,14.369562
069007,Borrello,069,Chieti,CH,Abruzzo,41.913986,14.313830
069008,Bucchianico,069,Chieti,CH,Abruzzo,42.304624,14.176475
069009,Montebello sul Sangro,069,Chieti,CH,Abruzzo,41.986603,14.322540
069010,Canosa Sannita,069,Chieti,CH,Abruzzo,42.289237,14.294870
069011,Carpineto Sinello,069,Chieti,CH,Abruzzo,41.999192,14.504953
069012,Carunchio,069,Chieti,CH,Abruzzo,41.920291,14.532351
069013,Casacanditella,069,Chieti,CH,Abruzzo,42.262457,14.210901
069014,Casalanguida,069,Chieti,CH,Abruzzo,42.046353,14.515335
069015,Casalbordino,069,Chieti,CH,Abruzzo,42.163483,14.581039
069016,Casalincontrada,069,Chieti,CH,Abruzzo,42.295499,14.117857
069017,Casoli,069,Chieti,CH,Abruzzo,42.128031,14.292092
069018,Castel Frentano,069,Chieti,CH,Abruzzo,42.193508,14.350981
069019,Castelguidone,069,Chieti,CH,Abruzzo,41.825541,14.532358
069020,Castiglione Messer Marino,069,Chieti,CH,Abruzzo,41.871487,14.443478
069021,Celenza sul Trigno,069,Chieti,CH,Abruzzo,41.883120,14.584267
069022,Chieti,069,Chieti,CH,Abruzzo,42.358390,14.162190
069023,Civitaluparella,069,Chieti,CH,Abruzzo,41.953355,14.285612
069024,Civitella Messer Raimondo,069,Chieti,CH,Abruzzo,42.081000,14.221490
069025,Colledimacine,069,Chieti,CH,Abruzzo,41.999329,14.206367
069026,Colledimezzo,069,Chieti,CH,Abruzzo,41.989558,14.388650
069027,Crecchio,069,Chieti,CH,Abruzzo,42.292952,14.334310
069028,Cupello,069,Chieti,CH,Abruzzo,42.038595,14.685089
069029,Dogliola,069,Chieti,CH,Abruzzo,41.948883,14.643996
069030,Fara Filiorum Petri,069,Chieti,CH,Abruzzo,42.249907,14.173887
069031,Fara San Martino,069,Chieti,CH,Abruzzo,42.092556,14.160094
069032,Filetto,069,Chieti,CH,Abruzzo,42.235206,14.244897
069033,Fossacesia,069,Chieti,CH,Abruzzo,42.232939,14.488228
069034,Fraine,069,Chieti,CH,Abruzzo,41.902025,14.491289
069035,Francavilla al Mare,069,Chieti,CH,Abruzzo,42.411792,14.275982
069036,Fresagrandinaria,069,Chieti,CH,Abruzzo,41.984583,14.657162
069037,Frisa,069,Chieti,CH,Abruzzo,42.266394,14.376778
069038,Furci,069,Chieti,CH,Abruzzo,42.029683,14.606090
069039,Gamberale,069,Chieti,CH,Abruzzo,41.902315,14.207302
069040,Gessopalena,069,Chieti,CH,Abruzzo,42.053803,14.273100
069041,Gissi,069,Chieti,CH,Abruzzo,42.040883,14.558549
069042,Giuliano Teatino,069,Chieti,CH,Abruzzo,42.311982,14.283695
069043,Guardiagrele,069,Chieti,CH,Abruzzo,42.185867,14.242911
069044,Guilmi,069,Chieti,CH,Abruzzo,41.991706,14.482222
069045,Lama dei Peligni,069,Chieti,CH,Abruzzo,42.051353,14.181118
069046,Lanciano,069,Chieti,CH,Abruzzo,42.207733,14.400406
069047,Lentella,069,Chieti,CH,Abruzzo,41.997469,14.688345
069048,Lettopalena,069,Chieti,CH,Abruzzo,41.998728,14.162350
069049,Liscia,069,Chieti,CH,Abruzzo,41.953284,14.552391
069050,Miglianico,069,Chieti,CH,Abruzzo,42.357491,14.285788
069051,Montazzoli,069,Chieti,CH,Abruzzo,41.958643,14.431660
069052,Monteferrante,069,Chieti,CH,Abruzzo,41.938169,14.387810
069053,Montelapiano,069,Chieti,CH,Abruzzo,41.967849,14.330766
069054,Montenerodomo,069,Chieti,CH,Abruzzo,41.971881,14.235383
069055,Monteodorisio,069,Chieti,CH,Abruzzo,42.094561,14.650252
069056,Mozzagrogna,069,Chieti,CH,Abruzzo,42.197426,14.449565
069057,Orsogna,069,Chieti,CH,Abruzzo,42.227440,14.291024
069058,Ortona,069,Chieti,CH,Abruzzo,42.337029,14.372453
069059,Paglieta,069,Chieti,CH,Abruzzo,42.169408,14.490306
069060,Palena,069,Chieti,CH,Abruzzo,41.957989,14.129365
069061,Palmoli,069,Chieti,CH,Abruzzo,41.955236,14.599292
069062,Palombaro,069,Chieti,CH,Abruzzo,42.125620,14.219875
069063,Pennadomo,069,Chieti,CH,Abruzzo,42.004826,14.321368
069064,Pennapiedimonte,069,Chieti,CH,Abruzzo,42.143337,14.166640
069065,Perano,069,Chieti,CH,Abruzzo,42.107593,14.394882
069066,Pizzoferrato,069,Chieti,CH,Abruzzo,41.925396,14.233832
069067,Poggiofiorito,069,Chieti,CH,Abruzzo,42.248630,14.328358
069068,Pollutri,069,Chieti,CH,Abruzzo,42.134088,14.596557
069069,Pretoro,069,Chieti,CH,Abruzzo,42.203824,14.131969
069070,Quadri,069,Chieti,CH,Abruzzo,41.926836,14.271932
069071,Rapino,069,Chieti,CH,Abruzzo,42.200086,14.169977
069072,Ripa Teatina,069,Chieti,CH,Abruzzo,42.364482,14.247584
069073,Roccamontepiano,069,Chieti,CH,Abruzzo,42.254864,14.133761
069074,Rocca San Giovanni,069,Chieti,CH,Abruzzo,42.262620,14.461542
069075,Roccascalegna,069,Chieti,CH,Abruzzo,42.067280,14.321946
069076,Roccaspinalveti,069,Chieti,CH,Abruzzo,41.930162,14.465123
069077,Roio del Sangro,069,Chieti,CH,Abruzzo,41.911457,14.374063
069078,Rosello,069,Chieti,CH,Abruzzo,41.894117,14.350845
069079,San Buono,069,Chieti,CH,Abruzzo,41.992816,14.579200
069080,San Giovanni Lipioni,069,Chieti,CH,Abruzzo,41.843882,14.568586
069081,San Giovanni Teatino,069,Chieti,CH,Abruzzo,42.412809,14.185789
069082,San Martino sulla Marrucina,069,Chieti,CH,Abruzzo,42.228512,14.218841
069083,San Salvo,069,Chieti,CH,Abruzzo,42.046628,14.752423
069084,Santa Maria Imbaro,069,Chieti,CH,Abruzzo,42.215665,14.457641
069085,Sant'Eusanio del Sangro,069,Chieti,CH,Abruzzo,42.157144,14.356756
069086,San Vito Chietino,069,Chieti,CH,Abruzzo,42.293109,14.432686
069087,Scerni,069,Chieti,CH,Abruzzo,42.097980,14.585162
069088,Schiavi di Abruzzo,069,Chieti,CH,Abruzzo,41.804776,14.485612
069089,Taranta Peligna,069,Chieti,CH,Abruzzo,42.035574,14.146235
069090,Tollo,069,Chieti,CH,Abruzzo,42.344660,14.318636
069091,Torino di Sangro,069,Chieti,CH,Abruzzo,42.196948,14.546801
069092,Tornareccio,069,Chieti,CH,Abruzzo,42.029303,14.423297
069093,Torrebruna,069,Chieti,CH,Abruzzo,41.865879,14.536194
069094,Torrevecchia Teatina,069,Chieti,CH,Abruzzo,42.393669,14.233147
069095,Torricella Peligna,069,Chieti,CH,Abruzzo,42.020060,14.267281
069096,Treglio,069,Chieti,CH,Abruzzo,42.266325,14.423390
069097,Tufillo,069,Chieti,CH,Abruzzo,41.919275,14.628105
069098,Vacri,069,Chieti,CH,Abruzzo,42.292125,14.231882
069099,Vasto,069,Chieti,CH,Abruzzo,42.120976,14.694671
069100,Villalfonsina,069,Chieti,CH,Abruzzo,42.175619,14.569234
069101,Villamagna,069,Chieti,CH,Abruzzo,42.329641,14.234853
069102,Villa Santa Maria,069,Chieti,CH,Abruzzo,41.969600,14.352622
069103,Pietraferrazzana,069,Chieti,CH,Abruzzo,41.972709,14.379202
069104,Fallo,069,Chieti,CH,Abruzzo,41.947585,14.323709
070001,Acquaviva Collecroce,070,Campobasso,CB,Molise,41.862575,14.764653
070002,Baranello,070,Campobasso,CB,Molise,41.526860,14.566311
070003,Bojano,070,Campobasso,CB,Molise,41.487329,14.460137
070004,Bonefro,070,Campobasso,CB,Molise,41.710107,14.917121
070005,Busso,070,Campobasso,CB,Molise,41.557859,14.572393
070006,Campobasso,070,Campobasso,CB,Molise,41.567893,14.662116
070007,Campochiaro,070,Campobasso,CB,Molise,41.443021,14.503833
070008,Campodipietra,070,Campobasso,CB,Molise,41.551438,14.739627
070009,Campolieto,070,Campobasso,CB,Molise,41.635028,14.762356
070010,Campomarino,070,Campobasso,CB,Molise,41.915232,15.073530
070011,Casacalenda,070,Campobasso,CB,Molise,41.763019,14.849504
070012,Casalciprano,070,Campobasso,CB,Molise,41.581315,14.521962
070013,Castelbottaccio,070,Campobasso,CB,Molise,41.749067,14.702067
070014,Castellino del Biferno,070,Campobasso,CB,Molise,41.688914,14.740256
070015,Castelmauro,070,Campobasso,CB,Molise,41.828291,14.704617
070016,Castropignano,070,Campobasso,CB,Molise,41.618815,14.561128
070017,Cercemaggiore,070,Campobasso,CB,Molise,41.448014,14.734822
070018,Cercepiccola,070,Campobasso,CB,Molise,41.457004,14.678933
070019,Civitacampomarano,070,Campobasso,CB,Molise,41.782518,14.677197
070020,Colle d'Anchise,070,Campobasso,CB,Molise,41.510884,14.524227
070021,Colletorto,070,Campobasso,CB,Molise,41.654672,14.997039
070022,Duronia,070,Campobasso,CB,Molise,41.655193,14.466752
070023,Ferrazzano,070,Campobasso,CB,Molise,41.528264,14.682837
070024,Fossalto,070,Campobasso,CB,Molise,41.674012,14.560152
070025,Gambatesa,070,Campobasso,CB,Molise,41.516709,14.907786
070026,Gildone,070,Campobasso,CB,Molise,41.502012,14.746407
070027,Guardialfiera,070,Campobasso,CB,Molise,41.815772,14.794722
070028,Guardiaregia,070,Campobasso,CB,Molise,41.419156,14.542589
070029,Guglionesi,070,Campobasso,CB,Molise,41.932660,14.899778
070030,Jelsi,070,Campobasso,CB,Molise,41.517054,14.799679
070031,Larino,070,Campobasso,CB,Molise,41.828566,14.918393
070032,Limosano,070,Campobasso,CB,Molise,41.675767,14.624351
070033,Lucito,070,Campobasso,CB,Molise,41.728006,14.667945
070034,Lupara,070,Campobasso,CB,Molise,41.768572,14.749243
070035,Macchia Valfortore,070,Campobasso,CB,Molise,41.594903,14.913727
070036,Mafalda,070,Campobasso,CB,Molise,41.951673,14.708113
070037,Matrice,070,Campobasso,CB,Molise,41.623258,14.717239
070038,Mirabello Sannitico,070,Campobasso,CB,Molise,41.504884,14.664288
070039,Molise,070,Campobasso,CB,Molise,41.630175,14.493792
070040,Monacilioni,070,Campobasso,CB,Molise,41.622170,14.817978
070041,Montagano,070,Campobasso,CB,Molise,41.654036,14.675310
070042,Montecilfone,070,Campobasso,CB,Molise,41.903914,14.845124
070043,Montefalcone nel Sannio,070,Campobasso,CB,Molise,41.855855,14.650928
070044,Montelongo,070,Campobasso,CB,Molise,41.746147,14.959507
070045,Montemitro,070,Campobasso,CB,Molise,41.892288,14.658535
070046,Montenero di Bisaccia,070,Campobasso,CB,Molise,41.984625,14.785358
070047,Montorio nei Frentani,070,Campobasso,CB,Molise,41.770226,14.945715
070048,Morrone del Sannio,070,Campobasso,CB,Molise,41.716788,14.774321
070049,Oratino,070,Campobasso,CB,Molise,41.589420,14.594578
070050,Palata,070,Campobasso,CB,Molise,41.874526,14.817870
070051,Petacciato,070,Campobasso,CB,Molise,42.011713,14.847561
070052,Petrella Tifernina,070,Campobasso,CB,Molise,41.690501,14.700945
070053,Pietracatella,070,Campobasso,CB,Molise,41.567271,14.862857
070054,Pietracupa,070,Campobasso,CB,Molise,41.675541,14.515542
070055,Portocannone,070,Campobasso,CB,Molise,41.909690,15.009137
070056,Provvidenti,070,Campobasso,CB,Molise,41.723415,14.824362
070057,Riccia,070,Campobasso,CB,Molise,41.475646,14.847412
070058,Ripabottoni,070,Campobasso,CB,Molise,41.682389,14.830972
070059,Ripalimosani,070,Campobasso,CB,Molise,41.617904,14.648093
070060,Roccavivara,070,Campobasso,CB,Molise,41.831910,14.608399
070061,Rotello,070,Campobasso,CB,Molise,41.759125,15.050681
070062,Salcito,070,Campobasso,CB,Molise,41.734290,14.525881
070063,San Biase,070,Campobasso,CB,Molise,41.727430,14.587934
070064,San Felice del Molise,070,Campobasso,CB,Molise,41.895760,14.703486
070065,San Giacomo degli Schiavoni,070,Campobasso,CB,Molise,41.970417,14.948532
070066,San Giovanni in Galdo,070,Campobasso,CB,Molise,41.595705,14.758428
070067,San Giuliano del Sannio,070,Campobasso,CB,Molise,41.462877,14.630445
070068,San Giuliano di Puglia,070,Campobasso,CB,Molise,41.683253,15.016860
070069,San Martino in Pensilis,070,Campobasso,CB,Molise,41.854464,15.035621
070070,San Massimo,070,Campobasso,CB,Molise,41.480982,14.407012
070071,San Polo Matese,070,Campobasso,CB,Molise,41.460872,14.486734
070072,Santa Croce di Magliano,070,Campobasso,CB,Molise,41.712795,15.049904
070073,Sant'Angelo Limosano,070,Campobasso,CB,Molise,41.704968,14.603597
070074,Sant'Elia a Pianisi,070,Campobasso,CB,Molise,41.647435,14.889675
070075,Sepino,070,Campobasso,CB,Molise,41.412129,14.621562
070076,Spinete,070,Campobasso,CB,Molise,41.546882,14.494724
070077,Tavenna,070,Campobasso,CB,Molise,41.918002,14.755356
070078,Termoli,070,Campobasso,CB,Molise,41.982030,14.962177
070079,Torella del Sannio,070,Campobasso,CB,Molise,41.637817,14.526871
070080,Toro,070,Campobasso,CB,Molise,41.567602,14.783620
070081,Trivento,070,Campobasso,CB,Molise,41.776240,14.578018
070082,Tufara,070,Campobasso,CB,Molise,41.482669,14.951154
070083,Ururi,070,Campobasso,CB,Molise,41.812756,15.011034
070084,Vinchiaturo,070,Campobasso,CB,Molise,41.492348,14.595691
071001,Accadia,071,Foggia,FG,Puglia,41.181012,15.328851
071002,Alberona,071,Foggia,FG,Puglia,41.435846,15.148265
071003,Anzano di Puglia,071,Foggia,FG,Puglia,41.111785,15.290305
071004,Apricena,071,Foggia,FG,Puglia,41.776607,15.457484
071005,Ascoli Satriano,071,Foggia,FG,Puglia,41.199077,15.624664
071006,Biccari,071,Foggia,FG,Puglia,41.421991,15.219327
071007,Bovino,071,Foggia,FG,Puglia,41.269702,15.369380
071008,Cagnano Varano,071,Foggia,FG,Puglia,41.843910,15.734520
071009,Candela,071,Foggia,FG,Puglia,41.134504,15.562303
071010,Carapelle,071,Foggia,FG,Puglia,41.362204,15.702276
071011,Carlantino,071,Foggia,FG,Puglia,41.611561,14.980124
071012,Carpino,071,Foggia,FG,Puglia,41.825747,15.869760
071013,Casalnuovo Monterotaro,071,Foggia,FG,Puglia,41.626833,15.073558
071014,Casalvecchio di Puglia,071,Foggia,FG,Puglia,41.628067,15.130385
071015,Castelluccio dei Sauri,071,Foggia,FG,Puglia,41.304063,15.484440
071016,Castelluccio Valmaggiore,071,Foggia,FG,Puglia,41.352900,15.209764
071017,Castelnuovo della Daunia,071,Foggia,FG,Puglia,41.612048,15.152832
071018,Celenza Valfortore,071,Foggia,FG,Puglia,41.562419,15.002387
071019,Celle di San Vito,071,Foggia,FG,Puglia,41.318488,15.197235
071020,Cerignola,071,Foggia,FG,Puglia,41.278488,15.877417
071021,Chieuti,071,Foggia,FG,Puglia,41.879060,15.164226
071022,Deliceto,071,Foggia,FG,Puglia,41.226055,15.426904
071023,Faeto,071,Foggia,FG,Puglia,41.311704,15.159937
071024,Foggia,071,Foggia,FG,Puglia,41.456302,15.583499
071025,Ischitella,071,Foggia,FG,Puglia,41.889012,15.844609
071026,Isole Tremiti,071,Foggia,FG,Puglia,42.123955,15.506287
071027,Lesina,071,Foggia,FG,Puglia,41.874500,15.377230
071028,Lucera,071,Foggia,FG,Puglia,41.497532,15.351905
071029,Manfredonia,071,Foggia,FG,Puglia,41.532420,15.817640
071031,Mattinata,071,Foggia,FG,Puglia,41.738176,16.072251
071032,Monteleone di Puglia,071,Foggia,FG,Puglia,41.157490,15.250668
071033,Monte Sant'Angelo,071,Foggia,FG,Puglia,41.738729,15.944346
071034,Motta Montecorvino,071,Foggia,FG,Puglia,41.508850,15.107242
071035,Orsara di Puglia,071,Foggia,FG,Puglia,41.294951,15.291702
071036,Orta Nova,071,Foggia,FG,Puglia,41.321338,15.721353
071037,Panni,071,Foggia,FG,Puglia,41.211946,15.284022
071038,Peschici,071,Foggia,FG,Puglia,41.911997,16.031458
071039,Pietramontecorvino,071,Foggia,FG,Puglia,41.546135,15.156451
071040,Poggio Imperiale,071,Foggia,FG,Puglia,41.834725,15.375494
071041,Rignano Garganico,071,Foggia,FG,Puglia,41.661699,15.580178
071042,Rocchetta Sant'Antonio,071,Foggia,FG,Puglia,41.101574,15.483027
071043,Rodi Garganico,071,Foggia,FG,Puglia,41.921580,15.880898
071044,Roseto Valfortore,071,Foggia,FG,Puglia,41.357075,15.110151
071046,San Giovanni Rotondo,071,Foggia,FG,Puglia,41.656005,15.750268
071047,San Marco in Lamis,071,Foggia,FG,Puglia,41.699718,15.657264
071048,San Marco la Catola,071,Foggia,FG,Puglia,41.519272,15.009750
071049,San Nicandro Garganico,071,Foggia,FG,Puglia,41.842922,15.575075
071050,San Paolo di Civitate,071,Foggia,FG,Puglia,41.763017,15.259748
071051,San Severo,071,Foggia,FG,Puglia,41.656248,15.423676
071052,Sant'Agata di Puglia,071,Foggia,FG,Puglia,41.145476,15.383896
071053,Serracapriola,071,Foggia,FG,Puglia,41.820035,15.188734
071054,Stornara,071,Foggia,FG,Puglia,41.292819,15.777314
071055,Stornarella,071,Foggia,FG,Puglia,41.265976,15.722213
071056,Torremaggiore,071,Foggia,FG,Puglia,41.664896,15.239715
071058,Troia,071,Foggia,FG,Puglia,41.365159,15.361550
071059,Vico del Gargano,071,Foggia,FG,Puglia,41.868895,15.979651
071060,Vieste,071,Foggia,FG,Puglia,41.841866,16.119629
071061,Volturara Appula,071,Foggia,FG,Puglia,41.476866,15.064489
071062,Volturino,071,Foggia,FG,Puglia,41.494412,15.162135
071063,Ordona,071,Foggia,FG,Puglia,41.307564,15.619907
071064,Zapponeta,071,Foggia,FG,Puglia,41.456091,15.906228
072001,Acquaviva delle Fonti,272,Bari,BA,Puglia,40.881196,16.841352
072002,Adelfia,272,Bari,BA,Puglia,40.991407,16.870648
072003,Alberobello,272,Bari,BA,Puglia,40.797297,17.238080
072004,Altamura,272,Bari,BA,Puglia,40.859805,16.550327
072006,Bari,272,Bari,BA,Puglia,41.103013,16.845800
072008,Binetto,272,Bari,BA,Puglia,41.009254,16.699278
072010,Bitetto,272,Bari,BA,Puglia,41.038271,16.758737
072011,Bitonto,272,Bari,BA,Puglia,41.066225,16.613380
072012,Bitritto,272,Bari,BA,Puglia,41.036600,16.823419
072014,Capurso,272,Bari,BA,Puglia,41.041769,16.923721
072015,Casamassima,272,Bari,BA,Puglia,40.945485,16.924595
072016,Cassano delle Murge,272,Bari,BA,Puglia,40.881597,16.749471
072017,Castellana Grotte,272,Bari,BA,Puglia,40.867266,17.186580
072018,Cellamare,272,Bari,BA,Puglia,41.017027,16.931528
072019,Conversano,272,Bari,BA,Puglia,40.953502,17.103537
072020,Corato,272,Bari,BA,Puglia,41.096467,16.367855
072021,Gioia del Colle,272,Bari,BA,Puglia,40.777433,16.912018
072022,Giovinazzo,272,Bari,BA,Puglia,41.160629,16.657397
072023,Gravina in Puglia,272,Bari,BA,Puglia,40.840840,16.363963
072024,Grumo Appula,272,Bari,BA,Puglia,40.950774,16.694493
072025,Locorotondo,272,Bari,BA,Puglia,40.772088,17.338875
072027,Modugno,272,Bari,BA,Puglia,41.083836,16.784940
072028,Mola di Bari,272,Bari,BA,Puglia,41.039621,17.076782
072029,Molfetta,272,Bari,BA,Puglia,41.182851,16.570019
072030,Monopoli,272,Bari,BA,Puglia,40.897809,17.277657
072031,Noci,272,Bari,BA,Puglia,40.764885,17.100357
072032,Noicattaro,272,Bari,BA,Puglia,41.044081,16.986811
072033,Palo del Colle,272,Bari,BA,Puglia,41.041164,16.652819
072034,Poggiorsini,272,Bari,BA,Puglia,40.920677,16.249587
072035,Polignano a Mare,272,Bari,BA,Puglia,40.972352,17.191464
072036,Putignano,272,Bari,BA,Puglia,40.842351,17.088616
072037,Rutigliano,272,Bari,BA,Puglia,40.992656,17.006860
072038,Ruvo di Puglia,272,Bari,BA,Puglia,41.040575,16.426409
072039,Sammichele di Bari,272,Bari,BA,Puglia,40.873602,16.950232
072040,Sannicandro di Bari,272,Bari,BA,Puglia,40.976927,16.788484
072041,Santeramo in Colle,272,Bari,BA,Puglia,40.780683,16.744907
072043,Terlizzi,272,Bari,BA,Puglia,41.113008,16.549138
072044,Toritto,272,Bari,BA,Puglia,40.973461,16.617366
072046,Triggiano,272,Bari,BA,Puglia,41.071385,16.946629
072047,Turi,272,Bari,BA,Puglia,40.907685,17.010705
072048,Valenzano,272,Bari,BA,Puglia,41.035103,16.886944
073001,Avetrana,073,Taranto,TA,Puglia,40.354362,17.744258
073002,Carosino,073,Taranto,TA,Puglia,40.472083,17.409721
073003,Castellaneta,073,Taranto,TA,Puglia,40.582966,16.896385
073004,Crispiano,073,Taranto,TA,Puglia,40.605672,17.255462
073005,Faggiano,073,Taranto,TA,Puglia,40.413910,17.379302
073006,Fragagnano,073,Taranto,TA,Puglia,40.430759,17.478365
073007,Ginosa,073,Taranto,TA,Puglia,40.504710,16.798256
073008,Grottaglie,073,Taranto,TA,Puglia,40.537423,17.413881
073009,Laterza,073,Taranto,TA,Puglia,40.645426,16.785748
073010,Leporano,073,Taranto,TA,Puglia,40.382366,17.317744
073011,Lizzano,073,Taranto,TA,Puglia,40.374109,17.451408
073012,Manduria,073,Taranto,TA,Puglia,40.377923,17.640420
073013,Martina Franca,073,Taranto,TA,Puglia,40.686396,17.303943
073014,Maruggio,073,Taranto,TA,Puglia,40.322667,17.552925
073015,Massafra,073,Taranto,TA,Puglia,40.597887,17.116632
073016,Monteiasi,073,Taranto,TA,Puglia,40.501064,17.380316
073017,Montemesola,073,Taranto,TA,Puglia,40.564196,17.337664
073018,Monteparano,073,Taranto,TA,Puglia,40.449309,17.413809
073019,Mottola,073,Taranto,TA,Puglia,40.679092,17.032291
073020,Palagianello,073,Taranto,TA,Puglia,40.567826,16.968848
073021,Palagiano,073,Taranto,TA,Puglia,40.552194,17.021230
073022,Pulsano,073,Taranto,TA,Puglia,40.371779,17.365369
073023,Roccaforzata,073,Taranto,TA,Puglia,40.437483,17.402764
073024,San Giorgio Ionico,073,Taranto,TA,Puglia,40.468140,17.367285
073025,San Marzano di San Giuseppe,073,Taranto,TA,Puglia,40.453905,17.507255
073026,Sava,073,Taranto,TA,Puglia,40.397730,17.536135
073027,Taranto,073,Taranto,TA,Puglia,40.463646,17.300827
073028,Torricella,073,Taranto,TA,Puglia,40.347306,17.496206
073029,Statte,073,Taranto,TA,Puglia,40.551597,17.224149
074001,Brindisi,074,Brindisi,BR,Puglia,40.606210,17.898820
074002,Carovigno,074,Brindisi,BR,Puglia,40.707480,17.701710
074003,Ceglie Messapica,074,Brindisi,BR,Puglia,40.643366,17.514538
074004,Cellino San Marco,074,Brindisi,BR,Puglia,40.483641,17.936962
074005,Cisternino,074,Brindisi,BR,Puglia,40.750154,17.426373
074006,Erchie,074,Brindisi,BR,Puglia,40.425094,17.735164
074007,Fasano,074,Brindisi,BR,Puglia,40.825119,17.404887
074008,Francavilla Fontana,074,Brindisi,BR,Puglia,40.529795,17.563520
074009,Latiano,074,Brindisi,BR,Puglia,40.573483,17.704613
074010,Mesagne,074,Brindisi,BR,Puglia,40.538198,17.805985
074011,Oria,074,Brindisi,BR,Puglia,40.491828,17.660281
074012,Ostuni,074,Brindisi,BR,Puglia,40.729992,17.548785
074013,San Donaci,074,Brindisi,BR,Puglia,40.453143,17.898486
074014,San Michele Salentino,074,Brindisi,BR,Puglia,40.606122,17.636448
074015,San Pancrazio Salentino,074,Brindisi,BR,Puglia,40.430549,17.826142
074016,San Pietro Vernotico,074,Brindisi,BR,Puglia,40.513637,18.006238
074017,San Vito dei Normanni,074,Brindisi,BR,Puglia,40.640841,17.703984
074018,Torchiarolo,074,Brindisi,BR,Puglia,40.504098,18.053498
074019,Torre Santa Susanna,074,Brindisi,BR,Puglia,40.484054,17.750060
074020,Villa Castelli,074,Brindisi,BR,Puglia,40.563355,17.480696
075002,Alessano,075,Lecce,LE,Puglia,39.891340,18.325947
075003,Alezio,075,Lecce,LE,Puglia,40.047734,18.059764
075004,Alliste,075,Lecce,LE,Puglia,39.932041,18.087439
075005,Andrano,075,Lecce,LE,Puglia,39.982058,18.366685
075006,Aradeo,075,Lecce,LE,Puglia,40.132531,18.132874
075007,Arnesano,075,Lecce,LE,Puglia,40.338241,18.080886
075008,Bagnolo del Salento,075,Lecce,LE,Puglia,40.147711,18.357073
075009,Botrugno,075,Lecce,LE,Puglia,40.055388,18.307332
075010,Calimera,075,Lecce,LE,Puglia,40.245485,18.292404
075011,Campi Salentina,075,Lecce,LE,Puglia,40.410852,18.001112
075012,Cannole,075,Lecce,LE,Puglia,40.164382,18.388143
075013,Caprarica di Lecce,075,Lecce,LE,Puglia,40.263025,18.246058
075014,Carmiano,075,Lecce,LE,Puglia,40.343316,18.036109
075015,Carpignano Salentino,075,Lecce,LE,Puglia,40.209140,18.349122
075016,Casarano,075,Lecce,LE,Puglia,40.018155,18.174347
075017,Castri di Lecce,075,Lecce,LE,Puglia,40.279527,18.267649
075018,Castrignano de' Greci,075,Lecce,LE,Puglia,40.172878,18.307745
075019,Castrignano del Capo,075,Lecce,LE,Puglia,39.821589,18.346993
075020,Cavallino,075,Lecce,LE,Puglia,40.295946,18.198273
075021,Collepasso,075,Lecce,LE,Puglia,40.071664,18.170507
075022,Copertino,075,Lecce,LE,Puglia,40.269279,18.051648
075023,Corigliano d'Otranto,075,Lecce,LE,Puglia,40.154856,18.251149
075024,Corsano,075,Lecce,LE,Puglia,39.883523,18.380302
075025,Cursi,075,Lecce,LE,Puglia,40.152057,18.321773
075026,Cutrofiano,075,Lecce,LE,Puglia,40.108706,18.197844
075027,Diso,075,Lecce,LE,Puglia,39.998719,18.392073
075028,Gagliano del Capo,075,Lecce,LE,Puglia,39.841570,18.371992
075029,Galatina,075,Lecce,LE,Puglia,40.192544,18.136667
075030,Galatone,075,Lecce,LE,Puglia,40.145061,18.065216
075031,Gallipoli,075,Lecce,LE,Puglia,40.031359,18.025965
075032,Giuggianello,075,Lecce,LE,Puglia,40.106211,18.385526
075033,Giurdignano,075,Lecce,LE,Puglia,40.130687,18.433726
075034,Guagnano,075,Lecce,LE,Puglia,40.412438,17.922364
075035,Lecce,075,Lecce,LE,Puglia,40.402015,18.177774
075036,Lequile,075,Lecce,LE,Puglia,40.274304,18.133099
075037,Leverano,075,Lecce,LE,Puglia,40.290826,17.970698
075038,Lizzanello,075,Lecce,LE,Puglia,40.320624,18.235838
075039,Maglie,075,Lecce,LE,Puglia,40.120662,18.295235
075040,Martano,075,Lecce,LE,Puglia,40.207958,18.291169
075041,Martignano,075,Lecce,LE,Puglia,40.238119,18.259268
075042,Matino,075,Lecce,LE,Puglia,40.027892,18.121964
075043,Melendugno,075,Lecce,LE,Puglia,40.266815,18.379114
075044,Melissano,075,Lecce,LE,Puglia,39.977634,18.123139
075045,Melpignano,075,Lecce,LE,Puglia,40.139435,18.277487
075046,Miggiano,075,Lecce,LE,Puglia,39.966063,18.308646
075047,Minervino di Lecce,075,Lecce,LE,Puglia,40.086434,18.415930
075048,Monteroni di Lecce,075,Lecce,LE,Puglia,40.316653,18.089528
075049,Montesano Salentino,075,Lecce,LE,Puglia,39.984807,18.313828
075050,Morciano di Leuca,075,Lecce,LE,Puglia,39.847659,18.305867
075051,Muro Leccese,075,Lecce,LE,Puglia,40.110762,18.339590
075052,Nardò,075,Lecce,LE,Puglia,40.232295,17.957148
075053,Neviano,075,Lecce,LE,Puglia,40.097396,18.126031
075054,Nociglia,075,Lecce,LE,Puglia,40.028856,18.321502
075055,Novoli,075,Lecce,LE,Puglia,40.373119,18.043668
075056,Ortelle,075,Lecce,LE,Puglia,40.025845,18.403077
075057,Otranto,075,Lecce,LE,Puglia,40.162762,18.457830
075058,Palmariggi,075,Lecce,LE,Puglia,40.132471,18.382560
075059,Parabita,075,Lecce,LE,Puglia,40.056699,18.113525
075060,Patù,075,Lecce,LE,Puglia,39.828474,18.319235
075061,Poggiardo,075,Lecce,LE,Puglia,40.060036,18.385718
075063,Racale,075,Lecce,LE,Puglia,39.961127,18.068584
075064,Ruffano,075,Lecce,LE,Puglia,39.986447,18.246676
075065,Salice Salentino,075,Lecce,LE,Puglia,40.379310,17.896011
075066,Salve,075,Lecce,LE,Puglia,39.855391,18.256414
075067,Sanarica,075,Lecce,LE,Puglia,40.085179,18.351100
075068,San Cesario di Lecce,075,Lecce,LE,Puglia,40.304991,18.162186
075069,San Donato di Lecce,075,Lecce,LE,Puglia,40.259684,18.189936
075070,Sannicola,075,Lecce,LE,Puglia,40.095532,18.049168
075071,San Pietro in Lama,075,Lecce,LE,Puglia,40.295075,18.106990
075072,Santa Cesarea Terme,075,Lecce,LE,Puglia,40.053762,18.446332
075073,Scorrano,075,Lecce,LE,Puglia,40.075648,18.277626
075074,Seclì,075,Lecce,LE,Puglia,40.127015,18.106080
075075,Sogliano Cavour,075,Lecce,LE,Puglia,40.147412,18.201252
075076,Soleto,075,Lecce,LE,Puglia,40.198158,18.197329
075077,Specchia,075,Lecce,LE,Puglia,39.941667,18.288369
075078,Spongano,075,Lecce,LE,Puglia,40.014918,18.358557
075079,Squinzano,075,Lecce,LE,Puglia,40.460252,18.042626
075080,Sternatia,075,Lecce,LE,Puglia,40.226545,18.222594
075081,Supersano,075,Lecce,LE,Puglia,40.034112,18.246294
075082,Surano,075,Lecce,LE,Puglia,40.021438,18.334947
075083,Surbo,075,Lecce,LE,Puglia,40.413377,18.133413
075084,Taurisano,075,Lecce,LE,Puglia,39.951515,18.218054
075085,Taviano,075,Lecce,LE,Puglia,39.989221,18.069458
075086,Tiggiano,075,Lecce,LE,Puglia,39.903371,18.366590
075087,Trepuzzi,075,Lecce,LE,Puglia,40.423965,18.074519
075088,Tricase,075,Lecce,LE,Puglia,39.941225,18.359601
075089,Tuglie,075,Lecce,LE,Puglia,40.077165,18.095991
075090,Ugento,075,Lecce,LE,Puglia,39.916786,18.162651
075091,Uggiano la Chiesa,075,Lecce,LE,Puglia,40.109116,18.455553
075092,Veglie,075,Lecce,LE,Puglia,40.342505,17.924605
075093,Vernole,075,Lecce,LE,Puglia,40.323722,18.309737
075094,Zollino,075,Lecce,LE,Puglia,40.205093,18.250443
075095,San Cassiano,075,Lecce,LE,Puglia,40.049379,18.325698
075096,Castro,075,Lecce,LE,Puglia,40.008261,18.420743
075097,Porto Cesareo,075,Lecce,LE,Puglia,40.293345,17.835725
075098,Presicce-Acquarica,075,Lecce,LE,Puglia,39.896341,18.245278
076001,Abriola,076,Potenza,PZ,Basilicata,40.518683,15.793025
076002,Acerenza,076,Potenza,PZ,Basilicata,40.802274,15.948050
076003,Albano di Lucania,076,Potenza,PZ,Basilicata,40.602548,16.036452
076004,Anzi,076,Potenza,PZ,Basilicata,40.530289,15.916356
076005,Armento,076,Potenza,PZ,Basilicata,40.303619,16.070440
076006,Atella,076,Potenza,PZ,Basilicata,40.876856,15.627511
076007,Avigliano,076,Potenza,PZ,Basilicata,40.770367,15.757476
076008,Balvano,076,Potenza,PZ,Basilicata,40.661182,15.528164
076009,Banzi,076,Potenza,PZ,Basilicata,40.895396,16.031049
076010,Baragiano,076,Potenza,PZ,Basilicata,40.694482,15.598480
076011,Barile,076,Potenza,PZ,Basilicata,40.952095,15.697208
076012,Bella,076,Potenza,PZ,Basilicata,40.749013,15.600076
076013,Brienza,076,Potenza,PZ,Basilicata,40.479459,15.609034
076014,Brindisi Montagna,076,Potenza,PZ,Basilicata,40.601797,15.920474
076015,Calvello,076,Potenza,PZ,Basilicata,40.447734,15.861257
076016,Calvera,076,Potenza,PZ,Basilicata,40.151860,16.151842
076017,Campomaggiore,076,Potenza,PZ,Basilicata,40.566019,16.087017
076018,Cancellara,076,Potenza,PZ,Basilicata,40.726344,15.922818
076019,Carbone,076,Potenza,PZ,Basilicata,40.133571,16.072898
076020,San Paolo Albanese,076,Potenza,PZ,Basilicata,40.018869,16.344954
076021,Castelgrande,076,Potenza,PZ,Basilicata,40.792605,15.431977
076022,Castelluccio Inferiore,076,Potenza,PZ,Basilicata,40.013464,16.011200
076023,Castelluccio Superiore,076,Potenza,PZ,Basilicata,40.026484,15.962007
076024,Castelmezzano,076,Potenza,PZ,Basilicata,40.531489,16.023414
076025,Castelsaraceno,076,Potenza,PZ,Basilicata,40.162770,15.974019
076026,Castronuovo di Sant'Andrea,076,Potenza,PZ,Basilicata,40.182341,16.174182
076027,Cersosimo,076,Potenza,PZ,Basilicata,40.037681,16.373898
076028,Chiaromonte,076,Potenza,PZ,Basilicata,40.091094,16.205260
076029,Corleto Perticara,076,Potenza,PZ,Basilicata,40.398649,16.035923
076030,Episcopia,076,Potenza,PZ,Basilicata,40.076603,16.095886
076031,Fardella,076,Potenza,PZ,Basilicata,40.074895,16.155451
076032,Filiano,076,Potenza,PZ,Basilicata,40.829655,15.734161
076033,Forenza,076,Potenza,PZ,Basilicata,40.856629,15.854549
076034,Francavilla in Sinni,076,Potenza,PZ,Basilicata,40.050527,16.219656
076035,Gallicchio,076,Potenza,PZ,Basilicata,40.290673,16.134307
076036,Genzano di Lucania,076,Potenza,PZ,Basilicata,40.847574,16.118389
076037,Grumento Nova,076,Potenza,PZ,Basilicata,40.293950,15.880762
076038,Guardia Perticara,076,Potenza,PZ,Basilicata,40.358264,16.109220
076039,Lagonegro,076,Potenza,PZ,Basilicata,40.157680,15.776515
076040,Latronico,076,Potenza,PZ,Basilicata,40.083785,16.011932
076041,Laurenzana,076,Potenza,PZ,Basilicata,40.453380,15.978643
076042,Lauria,076,Potenza,PZ,Basilicata,40.070031,15.882914
076043,Lavello,076,Potenza,PZ,Basilicata,41.075378,15.839523
076044,Maratea,076,Potenza,PZ,Basilicata,39.996907,15.728912
076045,Marsico Nuovo,076,Potenza,PZ,Basilicata,40.423974,15.732482
076046,Marsicovetere,076,Potenza,PZ,Basilicata,40.379123,15.822292
076047,Maschito,076,Potenza,PZ,Basilicata,40.918575,15.847523
076048,Melfi,076,Potenza,PZ,Basilicata,41.034506,15.641548
076049,Missanello,076,Potenza,PZ,Basilicata,40.301001,16.167060
076050,Moliterno,076,Potenza,PZ,Basilicata,40.216053,15.853343
076051,Montemilone,076,Potenza,PZ,Basilicata,41.026085,15.965726
076052,Montemurro,076,Potenza,PZ,Basilicata,40.314422,15.996274
076053,Muro Lucano,076,Potenza,PZ,Basilicata,40.735612,15.467811
076054,Nemoli,076,Potenza,PZ,Basilicata,40.082901,15.809699
076055,Noepoli,076,Potenza,PZ,Basilicata,40.097201,16.330512
076056,Oppido Lucano,076,Potenza,PZ,Basilicata,40.764217,16.034657
076057,Palazzo San Gervasio,076,Potenza,PZ,Basilicata,40.911418,15.952217
076058,Pescopagano,076,Potenza,PZ,Basilicata,40.843007,15.413037
076059,Picerno,076,Potenza,PZ,Basilicata,40.642245,15.639133
076060,Pietragalla,076,Potenza,PZ,Basilicata,40.756536,15.851916
076061,Pietrapertosa,076,Potenza,PZ,Basilicata,40.487752,16.077415
076062,Pignola,076,Potenza,PZ,Basilicata,40.577820,15.789325
076063,Potenza,076,Potenza,PZ,Basilicata,40.659336,15.806666
076064,Rapolla,076,Potenza,PZ,Basilicata,40.986692,15.707608
076065,Rapone,076,Potenza,PZ,Basilicata,40.855267,15.496254
076066,Rionero in Vulture,076,Potenza,PZ,Basilicata,40.924091,15.615801
076067,Ripacandida,076,Potenza,PZ,Basilicata,40.897754,15.728701
076068,Rivello,076,Potenza,PZ,Basilicata,40.081576,15.736388
076069,Roccanova,076,Potenza,PZ,Basilicata,40.227748,16.209057
076070,Rotonda,076,Potenza,PZ,Basilicata,39.931892,16.054903
076071,Ruoti,076,Potenza,PZ,Basilicata,40.701206,15.691540
076072,Ruvo del Monte,076,Potenza,PZ,Basilicata,40.873042,15.540224
076073,San Chirico Nuovo,076,Potenza,PZ,Basilicata,40.672039,16.069432
076074,San Chirico Raparo,076,Potenza,PZ,Basilicata,40.202543,16.075727
076075,San Costantino Albanese,076,Potenza,PZ,Basilicata,40.043218,16.280560
076076,San Fele,076,Potenza,PZ,Basilicata,40.813780,15.592662
076077,San Martino d'Agri,076,Potenza,PZ,Basilicata,40.245268,16.052174
076078,San Severino Lucano,076,Potenza,PZ,Basilicata,40.011029,16.170868
076079,Sant'Angelo Le Fratte,076,Potenza,PZ,Basilicata,40.542942,15.565270
076080,Sant'Arcangelo,076,Potenza,PZ,Basilicata,40.249398,16.310632
076081,Sarconi,076,Potenza,PZ,Basilicata,40.228813,15.910341
076082,Sasso di Castalda,076,Potenza,PZ,Basilicata,40.489020,15.694169
076083,Satriano di Lucania,076,Potenza,PZ,Basilicata,40.542401,15.635723
076084,Savoia di Lucania,076,Potenza,PZ,Basilicata,40.588493,15.584817
076085,Senise,076,Potenza,PZ,Basilicata,40.157287,16.309133
076086,Spinoso,076,Potenza,PZ,Basilicata,40.242940,15.961062
076087,Teana,076,Potenza,PZ,Basilicata,40.127081,16.150277
076088,Terranova di Pollino,076,Potenza,PZ,Basilicata,39.961011,16.279238
076089,Tito,076,Potenza,PZ,Basilicata,40.575980,15.685640
076090,Tolve,076,Potenza,PZ,Basilicata,40.704825,16.040756
076091,Tramutola,076,Potenza,PZ,Basilicata,40.318746,15.777608
076092,Trecchina,076,Potenza,PZ,Basilicata,40.020660,15.775578
076093,Trivigno,076,Potenza,PZ,Basilicata,40.565847,15.983420
076094,Vaglio Basilicata,076,Potenza,PZ,Basilicata,40.671815,15.921814
076095,Venosa,076,Potenza,PZ,Basilicata,40.982845,15.838013
076096,Vietri di Potenza,076,Potenza,PZ,Basilicata,40.610066,15.522855
076097,Viggianello,076,Potenza,PZ,Basilicata,39.974610,16.107703
076098,Viggiano,076,Potenza,PZ,Basilicata,40.355449,15.905153
076099,Ginestra,076,Potenza,PZ,Basilicata,40.920304,15.745701
076100,Paterno,076,Potenza,PZ,Basilicata,40.360513,15.741172
077001,Accettura,077,Matera,MT,Basilicata,40.491226,16.151399
077002,Aliano,077,Matera,MT,Basilicata,40.305413,16.253522
077003,Bernalda,077,Matera,MT,Basilicata,40.409484,16.762643
077004,Calciano,077,Matera,MT,Basilicata,40.580807,16.181824
077005,Cirigliano,077,Matera,MT,Basilicata,40.418126,16.158913
077006,Colobraro,077,Matera,MT,Basilicata,40.205453,16.407367
077007,Craco,077,Matera,MT,Basilicata,40.369810,16.431162
077008,Ferrandina,077,Matera,MT,Basilicata,40.478162,16.429647
077009,Garaguso,077,Matera,MT,Basilicata,40.550294,16.246698
077010,Gorgoglione,077,Matera,MT,Basilicata,40.383790,16.156173
077011,Grassano,077,Matera,MT,Basilicata,40.626592,16.279717
077012,Grottole,077,Matera,MT,Basilicata,40.632745,16.377597
077013,Irsina,077,Matera,MT,Basilicata,40.746002,16.250882
077014,Matera,077,Matera,MT,Basilicata,40.669893,16.578539
077015,Miglionico,077,Matera,MT,Basilicata,40.577079,16.499212
077016,Montalbano Jonico,077,Matera,MT,Basilicata,40.303885,16.575427
077017,Montescaglioso,077,Matera,MT,Basilicata,40.506942,16.666747
077018,Nova Siri,077,Matera,MT,Basilicata,40.144372,16.569643
077019,Oliveto Lucano,077,Matera,MT,Basilicata,40.530115,16.187031
077020,Pisticci,077,Matera,MT,Basilicata,40.362446,16.654695
077021,Policoro,077,Matera,MT,Basilicata,40.196777,16.668043
077022,Pomarico,077,Matera,MT,Basilicata,40.492314,16.561843
077023,Rotondella,077,Matera,MT,Basilicata,40.181367,16.556109
077024,Salandra,077,Matera,MT,Basilicata,40.543268,16.318904
077025,San Giorgio Lucano,077,Matera,MT,Basilicata,40.109907,16.389381
077026,San Mauro Forte,077,Matera,MT,Basilicata,40.471777,16.282292
077027,Stigliano,077,Matera,MT,Basilicata,40.376882,16.300316
077028,Tricarico,077,Matera,MT,Basilicata,40.645368,16.149408
077029,Tursi,077,Matera,MT,Basilicata,40.255597,16.486671
077030,Valsinni,077,Matera,MT,Basilicata,40.158255,16.450254
077031,Scanzano Jonico,077,Matera,MT,Basilicata,40.262175,16.707864
078001,Acquaformosa,078,Cosenza,CS,Calabria,39.724811,16.087067
078002,Acquappesa,078,Cosenza,CS,Calabria,39.494236,15.993159
078003,Acri,078,Cosenza,CS,Calabria,39.494354,16.428437
078004,Aiello Calabro,078,Cosenza,CS,Calabria,39.113724,16.174226
078005,Aieta,078,Cosenza,CS,Calabria,39.916212,15.845835
078006,Albidona,078,Cosenza,CS,Calabria,39.925052,16.488152
078007,Alessandria del Carretto,078,Cosenza,CS,Calabria,39.965042,16.392108
078008,Altilia,078,Cosenza,CS,Calabria,39.127521,16.257419
078009,Altomonte,078,Cosenza,CS,Calabria,39.684786,16.175820
078010,Amantea,078,Cosenza,CS,Calabria,39.102376,16.094146
078011,Amendolara,078,Cosenza,CS,Calabria,39.957952,16.557565
078012,Aprigliano,078,Cosenza,CS,Calabria,39.216035,16.467434
078013,Belmonte Calabro,078,Cosenza,CS,Calabria,39.173491,16.097585
078014,Belsito,078,Cosenza,CS,Calabria,39.172919,16.281911
078015,Belvedere Marittimo,078,Cosenza,CS,Calabria,39.639535,15.872746
078016,Bianchi,078,Cosenza,CS,Calabria,39.102766,16.432267
078017,Bisignano,078,Cosenza,CS,Calabria,39.521504,16.272044
078018,Bocchigliero,078,Cosenza,CS,Calabria,39.399813,16.727818
078019,Bonifati,078,Cosenza,CS,Calabria,39.574038,15.915669
078020,Buonvicino,078,Cosenza,CS,Calabria,39.679858,15.893682
078021,Calopezzati,078,Cosenza,CS,Calabria,39.557146,16.793579
078022,Caloveto,078,Cosenza,CS,Calabria,39.512855,16.766094
078023,Campana,078,Cosenza,CS,Calabria,39.397901,16.829607
078024,Canna,078,Cosenza,CS,Calabria,40.090783,16.511914
078025,Cariati,078,Cosenza,CS,Calabria,39.487913,16.951891
078026,Carolei,078,Cosenza,CS,Calabria,39.251730,16.210334
078027,Carpanzano,078,Cosenza,CS,Calabria,39.146396,16.327025
078029,Cassano all'Ionio,078,Cosenza,CS,Calabria,39.752003,16.391018
078030,Castiglione Cosentino,078,Cosenza,CS,Calabria,39.363570,16.283732
078031,Castrolibero,078,Cosenza,CS,Calabria,39.310270,16.205287
078032,Castroregio,078,Cosenza,CS,Calabria,39.993027,16.453978
078033,Castrovillari,078,Cosenza,CS,Calabria,39.811758,16.237040
078034,Celico,078,Cosenza,CS,Calabria,39.387842,16.444684
078035,Cellara,078,Cosenza,CS,Calabria,39.214493,16.350330
078036,Cerchiara di Calabria,078,Cosenza,CS,Calabria,39.854191,16.380572
078037,Cerisano,078,Cosenza,CS,Calabria,39.279624,16.160016
078038,Cervicati,078,Cosenza,CS,Calabria,39.549666,16.166289
078039,Cerzeto,078,Cosenza,CS,Calabria,39.508201,16.116744
078040,Cetraro,078,Cosenza,CS,Calabria,39.536939,15.967601
078041,Civita,078,Cosenza,CS,Calabria,39.849156,16.310481
078042,Cleto,078,Cosenza,CS,Calabria,39.077090,16.153619
078043,Colosimi,078,Cosenza,CS,Calabria,39.127258,16.437786
078045,Cosenza,078,Cosenza,CS,Calabria,39.278367,16.271277
078046,Cropalati,078,Cosenza,CS,Calabria,39.523230,16.720355
078047,Crosia,078,Cosenza,CS,Calabria,39.586718,16.778768
078048,Diamante,078,Cosenza,CS,Calabria,39.701092,15.822857
078049,Dipignano,078,Cosenza,CS,Calabria,39.240844,16.238929
078050,Domanico,078,Cosenza,CS,Calabria,39.202948,16.198278
078051,Fagnano Castello,078,Cosenza,CS,Calabria,39.555674,16.048312
078052,Falconara Albanese,078,Cosenza,CS,Calabria,39.275532,16.093879
078053,Figline Vegliaturo,078,Cosenza,CS,Calabria,39.224154,16.319659
078054,Firmo,078,Cosenza,CS,Calabria,39.718450,16.182975
078055,Fiumefreddo Bruzio,078,Cosenza,CS,Calabria,39.239817,16.098742
078056,Francavilla Marittima,078,Cosenza,CS,Calabria,39.805988,16.385498
078057,Frascineto,078,Cosenza,CS,Calabria,39.850914,16.275854
078058,Fuscaldo,078,Cosenza,CS,Calabria,39.436372,16.040590
078059,Grimaldi,078,Cosenza,CS,Calabria,39.134656,16.223065
078060,Grisolia,078,Cosenza,CS,Calabria,39.721207,15.915584
078061,Guardia Piemontese,078,Cosenza,CS,Calabria,39.487942,16.016647
078062,Lago,078,Cosenza,CS,Calabria,39.166080,16.155257
078063,Laino Borgo,078,Cosenza,CS,Calabria,39.965893,15.942871
078064,Laino Castello,078,Cosenza,CS,Calabria,39.932962,15.958266
078065,Lappano,078,Cosenza,CS,Calabria,39.329218,16.314891
078066,Lattarico,078,Cosenza,CS,Calabria,39.451187,16.176676
078067,Longobardi,078,Cosenza,CS,Calabria,39.204666,16.089457
078068,Longobucco,078,Cosenza,CS,Calabria,39.451619,16.607904
078069,Lungro,078,Cosenza,CS,Calabria,39.746054,16.111809
078070,Luzzi,078,Cosenza,CS,Calabria,39.449524,16.302472
078071,Maierà,078,Cosenza,CS,Calabria,39.706472,15.869150
078072,Malito,078,Cosenza,CS,Calabria,39.166405,16.248429
078073,Malvito,078,Cosenza,CS,Calabria,39.607981,16.050942
078074,Mandatoriccio,078,Cosenza,CS,Calabria,39.498047,16.848557
078075,Mangone,078,Cosenza,CS,Calabria,39.206768,16.325219
078076,Marano Marchesato,078,Cosenza,CS,Calabria,39.309420,16.164609
078077,Marano Principato,078,Cosenza,CS,Calabria,39.294844,16.159630
078078,Marzi,078,Cosenza,CS,Calabria,39.161699,16.338500
078079,Mendicino,078,Cosenza,CS,Calabria,39.253728,16.174735
078080,Mongrassano,078,Cosenza,CS,Calabria,39.530999,16.131622
078081,Montalto Uffugo,078,Cosenza,CS,Calabria,39.401878,16.178059
078082,Montegiordano,078,Cosenza,CS,Calabria,40.041955,16.555122
078083,Morano Calabro,078,Cosenza,CS,Calabria,39.862734,16.110280
078084,Mormanno,078,Cosenza,CS,Calabria,39.877082,15.994061
078085,Mottafollone,078,Cosenza,CS,Calabria,39.650068,16.032410
078086,Nocara,078,Cosenza,CS,Calabria,40.109345,16.465228
078087,Oriolo,078,Cosenza,CS,Calabria,40.044942,16.459791
078088,Orsomarso,078,Cosenza,CS,Calabria,39.800222,15.928664
078089,Paludi,078,Cosenza,CS,Calabria,39.531769,16.676421
078090,Panettieri,078,Cosenza,CS,Calabria,39.078464,16.459355
078091,Paola,078,Cosenza,CS,Calabria,39.361493,16.062266
078092,Papasidero,078,Cosenza,CS,Calabria,39.872106,15.908251
078093,Parenti,078,Cosenza,CS,Calabria,39.160644,16.460031
078094,Paterno Calabro,078,Cosenza,CS,Calabria,39.212563,16.268465
078096,Pedivigliano,078,Cosenza,CS,Calabria,39.111439,16.332274
078097,Piane Crati,078,Cosenza,CS,Calabria,39.234315,16.315848
078098,Pietrafitta,078,Cosenza,CS,Calabria,39.258318,16.345648
078099,Pietrapaola,078,Cosenza,CS,Calabria,39.494543,16.789354
078100,Plataci,078,Cosenza,CS,Calabria,39.903785,16.420772
078101,Praia a Mare,078,Cosenza,CS,Calabria,39.890956,15.803261
078102,Rende,078,Cosenza,CS,Calabria,39.347649,16.210403
078103,Rocca Imperiale,078,Cosenza,CS,Calabria,40.099072,16.580349
078104,Roggiano Gravina,078,Cosenza,CS,Calabria,39.630994,16.169707
078105,Rogliano,078,Cosenza,CS,Calabria,39.177482,16.393931
078106,Rose,078,Cosenza,CS,Calabria,39.397854,16.326105
078107,Roseto Capo Spulico,078,Cosenza,CS,Calabria,39.997208,16.582861
078109,Rota Greca,078,Cosenza,CS,Calabria,39.462873,16.103028
078110,Rovito,078,Cosenza,CS,Calabria,39.309206,16.316996
078111,San Basile,078,Cosenza,CS,Calabria,39.796935,16.184670
078112,San Benedetto Ullano,078,Cosenza,CS,Calabria,39.425050,16.114344
078113,San Cosmo Albanese,078,Cosenza,CS,Calabria,39.600782,16.421602
078114,San Demetrio Corone,078,Cosenza,CS,Calabria,39.595338,16.371640
078115,San Donato di Ninea,078,Cosenza,CS,Calabria,39.720422,16.028797
078116,San Fili,078,Cosenza,CS,Calabria,39.334607,16.128476
078117,Sangineto,078,Cosenza,CS,Calabria,39.610752,15.913092
078118,San Giorgio Albanese,078,Cosenza,CS,Calabria,39.601178,16.463317
078119,San Giovanni in Fiore,078,Cosenza,CS,Calabria,39.267885,16.649767
078120,San Lorenzo Bellizzi,078,Cosenza,CS,Calabria,39.906326,16.303124
078121,San Lorenzo del Vallo,078,Cosenza,CS,Calabria,39.684659,16.264772
078122,San Lucido,078,Cosenza,CS,Calabria,39.306947,16.082540
078123,San Marco Argentano,078,Cosenza,CS,Calabria,39.582312,16.165317
078124,San Martino di Finita,078,Cosenza,CS,Calabria,39.481560,16.134107
078125,San Nicola Arcella,078,Cosenza,CS,Calabria,39.848925,15.798487
078126,San Pietro in Amantea,078,Cosenza,CS,Calabria,39.121782,16.110317
078127,San Pietro in Guarano,078,Cosenza,CS,Calabria,39.357336,16.351007
078128,San Sosti,078,Cosenza,CS,Calabria,39.667468,16.037358
078129,Santa Caterina Albanese,078,Cosenza,CS,Calabria,39.595741,16.086820
078130,Santa Domenica Talao,078,Cosenza,CS,Calabria,39.826045,15.845010
078131,Sant'Agata di Esaro,078,Cosenza,CS,Calabria,39.623088,15.974033
078132,Santa Maria del Cedro,078,Cosenza,CS,Calabria,39.753337,15.838045
078133,Santa Sofia d'Epiro,078,Cosenza,CS,Calabria,39.575300,16.304033
078134,Santo Stefano di Rogliano,078,Cosenza,CS,Calabria,39.200290,16.385617
078135,San Vincenzo La Costa,078,Cosenza,CS,Calabria,39.367768,16.148006
078136,Saracena,078,Cosenza,CS,Calabria,39.780279,16.125867
078137,Scala Coeli,078,Cosenza,CS,Calabria,39.451867,16.898727
078138,Scalea,078,Cosenza,CS,Calabria,39.801665,15.804748
078139,Scigliano,078,Cosenza,CS,Calabria,39.127315,16.310512
078140,Serra d'Aiello,078,Cosenza,CS,Calabria,39.086261,16.125195
078142,Spezzano Albanese,078,Cosenza,CS,Calabria,39.692456,16.315273
078143,Spezzano della Sila,078,Cosenza,CS,Calabria,39.348872,16.488212
078145,Tarsia,078,Cosenza,CS,Calabria,39.626238,16.272662
078146,Terranova da Sibari,078,Cosenza,CS,Calabria,39.662885,16.360295
078147,Terravecchia,078,Cosenza,CS,Calabria,39.460765,16.953609
078148,Torano Castello,078,Cosenza,CS,Calabria,39.505782,16.180504
078149,Tortora,078,Cosenza,CS,Calabria,39.964621,15.828449
078150,Trebisacce,078,Cosenza,CS,Calabria,39.880130,16.521685
078152,Vaccarizzo Albanese,078,Cosenza,CS,Calabria,39.587496,16.435820
078153,Verbicaro,078,Cosenza,CS,Calabria,39.759910,15.935163
078154,Villapiana,078,Cosenza,CS,Calabria,39.830247,16.474674
078155,Zumpano,078,Cosenza,CS,Calabria,39.315921,16.276067
078156,Casali del Manco,078,Cosenza,CS,Calabria,39.295745,16.475320
078157,Corigliano-Rossano,078,Cosenza,CS,Calabria,39.606556,16.553774
079002,Albi,079,Catanzaro,CZ,Calabria,39.045520,16.601620
079003,Amaroni,079,Catanzaro,CZ,Calabria,38.792231,16.443492
079004,Amato,079,Catanzaro,CZ,Calabria,38.943951,16.450471
079005,Andali,079,Catanzaro,CZ,Calabria,38.987817,16.807313
079007,Argusto,079,Catanzaro,CZ,Calabria,38.681064,16.437580
079008,Badolato,079,Catanzaro,CZ,Calabria,38.569655,16.511424
079009,Belcastro,079,Catanzaro,CZ,Calabria,38.988648,16.843891
079011,Borgia,079,Catanzaro,CZ,Calabria,38.821168,16.541951
079012,Botricello,079,Catanzaro,CZ,Calabria,38.938628,16.851050
079017,Caraffa di Catanzaro,079,Catanzaro,CZ,Calabria,38.874335,16.507785
079018,Cardinale,079,Catanzaro,CZ,Calabria,38.634964,16.401835
079020,Carlopoli,079,Catanzaro,CZ,Calabria,39.047466,16.443316
079023,Catanzaro,079,Catanzaro,CZ,Calabria,38.889991,16.602475
079024,Cenadi,079,Catanzaro,CZ,Calabria,38.733608,16.390700
079025,Centrache,079,Catanzaro,CZ,Calabria,38.736915,16.434650
079027,Cerva,079,Catanzaro,CZ,Calabria,39.016447,16.750909
079029,Chiaravalle Centrale,079,Catanzaro,CZ,Calabria,38.690354,16.393426
079030,Cicala,079,Catanzaro,CZ,Calabria,39.021111,16.479898
079033,Conflenti,079,Catanzaro,CZ,Calabria,39.045146,16.279951
079034,Cortale,079,Catanzaro,CZ,Calabria,38.827828,16.404966
079036,Cropani,079,Catanzaro,CZ,Calabria,38.955184,16.786514
079039,Curinga,079,Catanzaro,CZ,Calabria,38.828098,16.281757
079042,Davoli,079,Catanzaro,CZ,Calabria,38.648968,16.492265
079043,Decollatura,079,Catanzaro,CZ,Calabria,39.045714,16.365239
079047,Falerna,079,Catanzaro,CZ,Calabria,38.999220,16.167789
079048,Feroleto Antico,079,Catanzaro,CZ,Calabria,38.944019,16.367407
079052,Fossato Serralta,079,Catanzaro,CZ,Calabria,39.001141,16.563095
079055,Gagliato,079,Catanzaro,CZ,Calabria,38.673375,16.460218
079056,Gasperina,079,Catanzaro,CZ,Calabria,38.736950,16.506693
079058,Gimigliano,079,Catanzaro,CZ,Calabria,38.983751,16.523017
079059,Girifalco,079,Catanzaro,CZ,Calabria,38.811297,16.428039
079060,Gizzeria,079,Catanzaro,CZ,Calabria,38.965744,16.196493
079061,Guardavalle,079,Catanzaro,CZ,Calabria,38.507207,16.500454
079063,Isca sullo Ionio,079,Catanzaro,CZ,Calabria,38.594245,16.508779
079065,Jacurso,079,Catanzaro,CZ,Calabria,38.821295,16.369790
079068,Magisano,079,Catanzaro,CZ,Calabria,39.026928,16.637437
079069,Maida,079,Catanzaro,CZ,Calabria,38.879547,16.384709
079071,Marcedusa,079,Catanzaro,CZ,Calabria,39.013030,16.859215
079072,Marcellinara,079,Catanzaro,CZ,Calabria,38.912341,16.464931
079073,Martirano,079,Catanzaro,CZ,Calabria,39.073190,16.248913
079074,Martirano Lombardo,079,Catanzaro,CZ,Calabria,39.060173,16.225633
079077,Miglierina,079,Catanzaro,CZ,Calabria,38.970843,16.468016
079080,Montauro,079,Catanzaro,CZ,Calabria,38.748781,16.525070
079081,Montepaone,079,Catanzaro,CZ,Calabria,38.722659,16.498096
079083,Motta Santa Lucia,079,Catanzaro,CZ,Calabria,39.089013,16.303095
079087,Nocera Terinese,079,Catanzaro,CZ,Calabria,39.033530,16.159775
079088,Olivadi,079,Catanzaro,CZ,Calabria,38.731242,16.417857
079089,Palermiti,079,Catanzaro,CZ,Calabria,38.754848,16.461565
079092,Pentone,079,Catanzaro,CZ,Calabria,38.978830,16.583722
079094,Petrizzi,079,Catanzaro,CZ,Calabria,38.700214,16.479540
079095,Petronà,079,Catanzaro,CZ,Calabria,39.065263,16.727280
079096,Pianopoli,079,Catanzaro,CZ,Calabria,38.929407,16.390363
079099,Platania,079,Catanzaro,CZ,Calabria,39.010670,16.317843
079108,San Floro,079,Catanzaro,CZ,Calabria,38.849188,16.514180
079110,San Mango d'Aquino,079,Catanzaro,CZ,Calabria,39.059747,16.184378
079114,San Pietro a Maida,079,Catanzaro,CZ,Calabria,38.853699,16.326910
079115,San Pietro Apostolo,079,Catanzaro,CZ,Calabria,38.997516,16.469135
079116,San Sostene,079,Catanzaro,CZ,Calabria,38.619117,16.475423
079117,Santa Caterina dello Ionio,079,Catanzaro,CZ,Calabria,38.536183,16.523872
079118,Sant'Andrea Apostolo dello Ionio,079,Catanzaro,CZ,Calabria,38.616046,16.517739
079122,San Vito sullo Ionio,079,Catanzaro,CZ,Calabria,38.714639,16.381751
079123,Satriano,079,Catanzaro,CZ,Calabria,38.656479,16.472845
079126,Sellia,079,Catanzaro,CZ,Calabria,38.976536,16.631063
079127,Sellia Marina,079,Catanzaro,CZ,Calabria,38.909200,16.739258
079129,Serrastretta,079,Catanzaro,CZ,Calabria,38.981932,16.407209
079130,Sersale,079,Catanzaro,CZ,Calabria,38.999333,16.715593
079131,Settingiano,079,Catanzaro,CZ,Calabria,38.898563,16.518192
079133,Simeri Crichi,079,Catanzaro,CZ,Calabria,38.906436,16.661676
079134,Sorbo San Basile,079,Catanzaro,CZ,Calabria,39.052652,16.517086
079137,Soverato,079,Catanzaro,CZ,Calabria,38.690364,16.532118
079138,Soveria Mannelli,079,Catanzaro,CZ,Calabria,39.071365,16.391546
079139,Soveria Simeri,079,Catanzaro,CZ,Calabria,38.928068,16.687387
079142,Squillace,079,Catanzaro,CZ,Calabria,38.789885,16.524203
079143,Stalettì,079,Catanzaro,CZ,Calabria,38.764259,16.546181
079146,Taverna,079,Catanzaro,CZ,Calabria,39.119125,16.574562
079147,Tiriolo,079,Catanzaro,CZ,Calabria,38.936659,16.520562
079148,Torre di Ruggiero,079,Catanzaro,CZ,Calabria,38.659047,16.358150
079151,Vallefiorita,079,Catanzaro,CZ,Calabria,38.772418,16.437848
079157,Zagarise,079,Catanzaro,CZ,Calabria,39.017101,16.672720
079160,Lamezia Terme,079,Catanzaro,CZ,Calabria,38.937882,16.277528
080001,Africo,280,Reggio Calabria,RC,Calabria,38.073173,15.978725
080002,Agnana Calabra,280,Reggio Calabria,RC,Calabria,38.306308,16.229925
080003,Anoia,280,Reggio Calabria,RC,Calabria,38.443901,16.069188
080004,Antonimina,280,Reggio Calabria,RC,Calabria,38.281951,16.157419
080005,Ardore,280,Reggio Calabria,RC,Calabria,38.197723,16.169257
080006,Bagaladi,280,Reggio Calabria,RC,Calabria,38.049382,15.814084
080007,Bagnara Calabra,280,Reggio Calabria,RC,Calabria,38.281627,15.816623
080008,Benestare,280,Reggio Calabria,RC,Calabria,38.167165,16.132040
080009,Bianco,280,Reggio Calabria,RC,Calabria,38.074800,16.130887
080010,Bivongi,280,Reggio Calabria,RC,Calabria,38.500238,16.434305
080011,Bova,280,Reggio Calabria,RC,Calabria,38.003455,15.955114
080012,Bovalino,280,Reggio Calabria,RC,Calabria,38.153502,16.158446
080013,Bova Marina,280,Reggio Calabria,RC,Calabria,37.945605,15.941453
080014,Brancaleone,280,Reggio Calabria,RC,Calabria,37.969455,16.072475
080015,Bruzzano Zeffirio,280,Reggio Calabria,RC,Calabria,38.020714,16.067619
080016,Calanna,280,Reggio Calabria,RC,Calabria,38.191104,15.724471
080017,Camini,280,Reggio Calabria,RC,Calabria,38.425546,16.517143
080018,Campo Calabro,280,Reggio Calabria,RC,Calabria,38.217703,15.667741
080019,Candidoni,280,Reggio Calabria,RC,Calabria,38.515280,16.018135
080020,Canolo,280,Reggio Calabria,RC,Calabria,38.320688,16.181540
080021,Caraffa del Bianco,280,Reggio Calabria,RC,Calabria,38.068415,16.100800
080022,Cardeto,280,Reggio Calabria,RC,Calabria,38.091231,15.803091
080023,Careri,280,Reggio Calabria,RC,Calabria,38.183073,16.066730
080024,Casignana,280,Reggio Calabria,RC,Calabria,38.116899,16.102966
080025,Caulonia,280,Reggio Calabria,RC,Calabria,38.394566,16.400034
080026,Ciminà,280,Reggio Calabria,RC,Calabria,38.260520,16.118095
080027,Cinquefrondi,280,Reggio Calabria,RC,Calabria,38.410470,16.133997
080028,Cittanova,280,Reggio Calabria,RC,Calabria,38.360618,16.073881
080029,Condofuri,280,Reggio Calabria,RC,Calabria,37.980025,15.879198
080030,Cosoleto,280,Reggio Calabria,RC,Calabria,38.234572,15.906466
080031,Delianuova,280,Reggio Calabria,RC,Calabria,38.220182,15.921349
080032,Feroleto della Chiesa,280,Reggio Calabria,RC,Calabria,38.469047,16.065934
080033,Ferruzzano,280,Reggio Calabria,RC,Calabria,38.027865,16.099595
080034,Fiumara,280,Reggio Calabria,RC,Calabria,38.215915,15.699543
080035,Galatro,280,Reggio Calabria,RC,Calabria,38.462704,16.165792
080036,Gerace,280,Reggio Calabria,RC,Calabria,38.279274,16.203296
080037,Giffone,280,Reggio Calabria,RC,Calabria,38.433561,16.159454
080038,Gioia Tauro,280,Reggio Calabria,RC,Calabria,38.428937,15.921744
080039,Gioiosa Ionica,280,Reggio Calabria,RC,Calabria,38.357521,16.315652
080040,Grotteria,280,Reggio Calabria,RC,Calabria,38.376216,16.268660
080041,Laganadi,280,Reggio Calabria,RC,Calabria,38.186505,15.754806
080042,Laureana di Borrello,280,Reggio Calabria,RC,Calabria,38.495653,16.064527
080043,Locri,280,Reggio Calabria,RC,Calabria,38.238586,16.239236
080044,Mammola,280,Reggio Calabria,RC,Calabria,38.376115,16.213700
080045,Marina di Gioiosa Ionica,280,Reggio Calabria,RC,Calabria,38.320466,16.333951
080046,Maropati,280,Reggio Calabria,RC,Calabria,38.447897,16.098793
080047,Martone,280,Reggio Calabria,RC,Calabria,38.395968,16.297139
080048,Melicuccà,280,Reggio Calabria,RC,Calabria,38.293506,15.869425
080049,Melicucco,280,Reggio Calabria,RC,Calabria,38.445431,16.045301
080050,Melito di Porto Salvo,280,Reggio Calabria,RC,Calabria,37.952474,15.785157
080051,Molochio,280,Reggio Calabria,RC,Calabria,38.305172,16.056389
080052,Monasterace,280,Reggio Calabria,RC,Calabria,38.450083,16.559634
080053,Montebello Jonico,280,Reggio Calabria,RC,Calabria,37.984646,15.745656
080054,Motta San Giovanni,280,Reggio Calabria,RC,Calabria,38.002050,15.703144
080055,Oppido Mamertina,280,Reggio Calabria,RC,Calabria,38.288566,15.977163
080056,Palizzi,280,Reggio Calabria,RC,Calabria,37.956029,16.008660
080057,Palmi,280,Reggio Calabria,RC,Calabria,38.378183,15.873006
080058,Pazzano,280,Reggio Calabria,RC,Calabria,38.469308,16.430445
080059,Placanica,280,Reggio Calabria,RC,Calabria,38.424433,16.440084
080060,Platì,280,Reggio Calabria,RC,Calabria,38.221866,16.065623
080061,Polistena,280,Reggio Calabria,RC,Calabria,38.412531,16.060521
080062,Portigliola,280,Reggio Calabria,RC,Calabria,38.220596,16.212516
080063,Reggio di Calabria,280,Reggio Calabria,RC,Calabria,38.112774,15.718171
080064,Riace,280,Reggio Calabria,RC,Calabria,38.404795,16.508346
080065,Rizziconi,280,Reggio Calabria,RC,Calabria,38.415267,15.970028
080066,Roccaforte del Greco,280,Reggio Calabria,RC,Calabria,38.083274,15.884631
080067,Roccella Ionica,280,Reggio Calabria,RC,Calabria,38.346909,16.375006
080068,Roghudi,280,Reggio Calabria,RC,Calabria,38.070342,15.910337
080069,Rosarno,280,Reggio Calabria,RC,Calabria,38.470736,15.991022
080070,Samo,280,Reggio Calabria,RC,Calabria,38.100554,15.997818
080071,San Giorgio Morgeto,280,Reggio Calabria,RC,Calabria,38.375164,16.121891
080072,San Giovanni di Gerace,280,Reggio Calabria,RC,Calabria,38.395155,16.282410
080073,San Lorenzo,280,Reggio Calabria,RC,Calabria,38.001330,15.834212
080074,San Luca,280,Reggio Calabria,RC,Calabria,38.152816,16.007535
080075,San Pietro di Caridà,280,Reggio Calabria,RC,Calabria,38.490663,16.189868
080076,San Procopio,280,Reggio Calabria,RC,Calabria,38.302582,15.900711
080077,San Roberto,280,Reggio Calabria,RC,Calabria,38.208058,15.776210
080078,Santa Cristina d'Aspromonte,280,Reggio Calabria,RC,Calabria,38.238685,15.973026
080079,Sant'Agata del Bianco,280,Reggio Calabria,RC,Calabria,38.074268,16.057581
080080,Sant'Alessio in Aspromonte,280,Reggio Calabria,RC,Calabria,38.175570,15.761099
080081,Sant'Eufemia d'Aspromonte,280,Reggio Calabria,RC,Calabria,38.231461,15.847991
080082,Sant'Ilario dello Ionio,280,Reggio Calabria,RC,Calabria,38.215030,16.194553
080083,Santo Stefano in Aspromonte,280,Reggio Calabria,RC,Calabria,38.172233,15.816542
080084,Scido,280,Reggio Calabria,RC,Calabria,38.231667,15.947357
080085,Scilla,280,Reggio Calabria,RC,Calabria,38.231317,15.781393
080086,Seminara,280,Reggio Calabria,RC,Calabria,38.338681,15.878896
080087,Serrata,280,Reggio Calabria,RC,Calabria,38.528267,16.087713
080088,Siderno,280,Reggio Calabria,RC,Calabria,38.286378,16.275974
080089,Sinopoli,280,Reggio Calabria,RC,Calabria,38.235578,15.885652
080090,Staiti,280,Reggio Calabria,RC,Calabria,38.004476,16.041439
080091,Stignano,280,Reggio Calabria,RC,Calabria,38.387226,16.486206
080092,Stilo,280,Reggio Calabria,RC,Calabria,38.497968,16.435161
080093,Taurianova,280,Reggio Calabria,RC,Calabria,38.369853,15.995309
080094,Terranova Sappo Minulio,280,Reggio Calabria,RC,Calabria,38.329859,16.013060
080095,Varapodio,280,Reggio Calabria,RC,Calabria,38.308876,15.996380
080096,Villa San Giovanni,280,Reggio Calabria,RC,Calabria,38.228956,15.667190
080097,San Ferdinando,280,Reggio Calabria,RC,Calabria,38.483876,15.935039
081001,Alcamo,081,Trapani,TP,Sicilia,37.963710,12.974133
081002,Buseto Palizzolo,081,Trapani,TP,Sicilia,37.989606,12.736631
081003,Calatafimi-Segesta,081,Trapani,TP,Sicilia,37.900635,12.877642
081004,Campobello di Mazara,081,Trapani,TP,Sicilia,37.605193,12.716083
081005,Castellammare del Golfo,081,Trapani,TP,Sicilia,38.010969,12.827142
081006,Castelvetrano,081,Trapani,TP,Sicilia,37.654204,12.816627
081007,Custonaci,081,Trapani,TP,Sicilia,38.071631,12.716491
081008,Erice,081,Trapani,TP,Sicilia,38.012004,12.614466
081009,Favignana,081,Trapani,TP,Sicilia,37.953007,12.237837
081010,Gibellina,081,Trapani,TP,Sicilia,37.808955,12.951620
081011,Marsala,081,Trapani,TP,Sicilia,37.814708,12.539954
081012,Mazara del Vallo,081,Trapani,TP,Sicilia,37.701774,12.646083
081013,Paceco,081,Trapani,TP,Sicilia,37.957609,12.586885
081014,Pantelleria,081,Trapani,TP,Sicilia,36.787385,11.994431
081015,Partanna,081,Trapani,TP,Sicilia,37.721332,12.893331
081016,Poggioreale,081,Trapani,TP,Sicilia,37.788132,13.051907
081017,Salaparuta,081,Trapani,TP,Sicilia,37.764153,12.981683
081018,Salemi,081,Trapani,TP,Sicilia,37.822501,12.766280
081019,Santa Ninfa,081,Trapani,TP,Sicilia,37.775420,12.856079
081020,San Vito Lo Capo,081,Trapani,TP,Sicilia,38.124344,12.758951
081021,Trapani,081,Trapani,TP,Sicilia,37.923839,12.667819
081022,Valderice,081,Trapani,TP,Sicilia,38.032746,12.638470
081023,Vita,081,Trapani,TP,Sicilia,37.862915,12.838187
081024,Petrosino,081,Trapani,TP,Sicilia,37.709848,12.525075
081025,Misiliscemi,081,Trapani,TP,Sicilia,37.915613,12.547499
082001,Alia,282,Palermo,PA,Sicilia,37.763100,13.732364
082002,Alimena,282,Palermo,PA,Sicilia,37.676227,14.121801
082003,Aliminusa,282,Palermo,PA,Sicilia,37.860549,13.781213
082004,Altavilla Milicia,282,Palermo,PA,Sicilia,38.017959,13.568678
082005,Altofonte,282,Palermo,PA,Sicilia,38.033410,13.319300
082006,Bagheria,282,Palermo,PA,Sicilia,38.076185,13.497103
082007,Balestrate,282,Palermo,PA,Sicilia,38.047072,13.009372
082008,Baucina,282,Palermo,PA,Sicilia,37.935244,13.535964
082009,Belmonte Mezzagno,282,Palermo,PA,Sicilia,38.041213,13.385485
082010,Bisacquino,282,Palermo,PA,Sicilia,37.730004,13.216549
082011,Bolognetta,282,Palermo,PA,Sicilia,37.973933,13.480322
082012,Bompietro,282,Palermo,PA,Sicilia,37.702802,14.120490
082013,Borgetto,282,Palermo,PA,Sicilia,38.042261,13.156409
082014,Caccamo,282,Palermo,PA,Sicilia,37.890160,13.664960
082015,Caltavuturo,282,Palermo,PA,Sicilia,37.792541,13.913566
082016,Campofelice di Fitalia,282,Palermo,PA,Sicilia,37.811854,13.501000
082017,Campofelice di Roccella,282,Palermo,PA,Sicilia,37.987977,13.873836
082018,Campofiorito,282,Palermo,PA,Sicilia,37.759388,13.266354
082019,Camporeale,282,Palermo,PA,Sicilia,37.894401,13.084731
082020,Capaci,282,Palermo,PA,Sicilia,38.167625,13.238523
082021,Carini,282,Palermo,PA,Sicilia,38.129752,13.163674
082022,Castelbuono,282,Palermo,PA,Sicilia,37.931791,14.095741
082023,Casteldaccia,282,Palermo,PA,Sicilia,38.009226,13.539345
082024,Castellana Sicula,282,Palermo,PA,Sicilia,37.729579,13.987999
082025,Castronovo di Sicilia,282,Palermo,PA,Sicilia,37.697402,13.598294
082026,Cefalà Diana,282,Palermo,PA,Sicilia,37.913084,13.465131
082027,Cefalù,282,Palermo,PA,Sicilia,38.000061,14.024224
082028,Cerda,282,Palermo,PA,Sicilia,37.893770,13.823239
082029,Chiusa Sclafani,282,Palermo,PA,Sicilia,37.671284,13.293987
082030,Ciminna,282,Palermo,PA,Sicilia,37.876581,13.556833
082031,Cinisi,282,Palermo,PA,Sicilia,38.155881,13.117631
082032,Collesano,282,Palermo,PA,Sicilia,37.932778,13.905588
082033,Contessa Entellina,282,Palermo,PA,Sicilia,37.737105,13.130377
082034,Corleone,282,Palermo,PA,Sicilia,37.800115,13.316924
082035,Ficarazzi,282,Palermo,PA,Sicilia,38.090596,13.464421
082036,Gangi,282,Palermo,PA,Sicilia,37.752993,14.225071
082037,Geraci Siculo,282,Palermo,PA,Sicilia,37.852294,14.172422
082038,Giardinello,282,Palermo,PA,Sicilia,38.071227,13.184011
082039,Giuliana,282,Palermo,PA,Sicilia,37.672276,13.223607
082040,Godrano,282,Palermo,PA,Sicilia,37.856511,13.414586
082041,Gratteri,282,Palermo,PA,Sicilia,37.974221,13.978336
082042,Isnello,282,Palermo,PA,Sicilia,37.914999,14.006822
082043,Isola delle Femmine,282,Palermo,PA,Sicilia,38.190041,13.248935
082044,Lascari,282,Palermo,PA,Sicilia,37.999602,13.934451
082045,Lercara Friddi,282,Palermo,PA,Sicilia,37.744221,13.612975
082046,Marineo,282,Palermo,PA,Sicilia,37.947190,13.417605
082047,Mezzojuso,282,Palermo,PA,Sicilia,37.863801,13.475425
082048,Misilmeri,282,Palermo,PA,Sicilia,38.017490,13.438221
082049,Monreale,282,Palermo,PA,Sicilia,37.925006,13.177931
082050,Montelepre,282,Palermo,PA,Sicilia,38.084728,13.188253
082051,Montemaggiore Belsito,282,Palermo,PA,Sicilia,37.830348,13.760197
082052,Palazzo Adriano,282,Palermo,PA,Sicilia,37.653458,13.378241
082053,Palermo,282,Palermo,PA,Sicilia,38.130065,13.331181
082054,Partinico,282,Palermo,PA,Sicilia,38.024948,13.064930
082055,Petralia Soprana,282,Palermo,PA,Sicilia,37.784044,14.126607
082056,Petralia Sottana,282,Palermo,PA,Sicilia,37.721209,14.018693
082057,Piana degli Albanesi,282,Palermo,PA,Sicilia,37.961584,13.311057
082058,Polizzi Generosa,282,Palermo,PA,Sicilia,37.771941,13.971267
082059,Pollina,282,Palermo,PA,Sicilia,37.992235,14.126066
082060,Prizzi,282,Palermo,PA,Sicilia,37.735798,13.452486
082061,Roccamena,282,Palermo,PA,Sicilia,37.830222,13.165729
082062,Roccapalumba,282,Palermo,PA,Sicilia,37.802483,13.647296
082063,San Cipirello,282,Palermo,PA,Sicilia,37.940271,13.181872
082064,San Giuseppe Jato,282,Palermo,PA,Sicilia,37.971263,13.177502
082065,San Mauro Castelverde,282,Palermo,PA,Sicilia,37.922998,14.209293
082066,Santa Cristina Gela,282,Palermo,PA,Sicilia,37.976101,13.355238
082067,Santa Flavia,282,Palermo,PA,Sicilia,38.062244,13.518085
082068,Sciara,282,Palermo,PA,Sicilia,37.918675,13.758288
082069,Sclafani Bagni,282,Palermo,PA,Sicilia,37.782243,13.819548
082070,Termini Imerese,282,Palermo,PA,Sicilia,37.959178,13.742600
082071,Terrasini,282,Palermo,PA,Sicilia,38.117815,13.083590
082072,Torretta,282,Palermo,PA,Sicilia,38.142662,13.240382
082073,Trabia,282,Palermo,PA,Sicilia,37.988552,13.614360
082074,Trappeto,282,Palermo,PA,Sicilia,38.073017,13.059044
082075,Ustica,282,Palermo,PA,Sicilia,38.705165,13.175393
082076,Valledolmo,282,Palermo,PA,Sicilia,37.761295,13.825628
082077,Ventimiglia di Sicilia,282,Palermo,PA,Sicilia,37.961115,13.542152
082078,Vicari,282,Palermo,PA,Sicilia,37.793545,13.568930
082079,Villabate,282,Palermo,PA,Sicilia,38.078340,13.442722
082080,Villafrati,282,Palermo,PA,Sicilia,37.927289,13.493065
082081,Scillato,282,Palermo,PA,Sicilia,37.864491,13.920611
082082,Blufi,282,Palermo,PA,Sicilia,37.733603,14.120336
083001,Alcara li Fusi,283,Messina,ME,Sicilia,37.988416,14.708490
083002,Alì,283,Messina,ME,Sicilia,38.043591,15.403608
083003,Alì Terme,283,Messina,ME,Sicilia,38.014209,15.423521
083004,Antillo,283,Messina,ME,Sicilia,37.960837,15.223451
083005,Barcellona Pozzo di Gotto,283,Messina,ME,Sicilia,38.132572,15.227515
083006,Basicò,283,Messina,ME,Sicilia,38.060754,15.065434
083007,Brolo,283,Messina,ME,Sicilia,38.146974,14.832542
083008,Capizzi,283,Messina,ME,Sicilia,37.867060,14.487229
083009,Capo d'Orlando,283,Messina,ME,Sicilia,38.140500,14.741261
083010,Capri Leone,283,Messina,ME,Sicilia,38.092987,14.721099
083011,Caronia,283,Messina,ME,Sicilia,37.973826,14.491632
083012,Casalvecchio Siculo,283,Messina,ME,Sicilia,37.982404,15.278462
083013,Castel di Lucio,283,Messina,ME,Sicilia,37.882561,14.295365
083014,Castell'Umberto,283,Messina,ME,Sicilia,38.073467,14.813588
083015,Castelmola,283,Messina,ME,Sicilia,37.866144,15.259692
083016,Castroreale,283,Messina,ME,Sicilia,38.064675,15.224831
083017,Cesarò,283,Messina,ME,Sicilia,37.869214,14.664038
083018,Condrò,283,Messina,ME,Sicilia,38.169045,15.329660
083019,Falcone,283,Messina,ME,Sicilia,38.103994,15.067056
083020,Ficarra,283,Messina,ME,Sicilia,38.117891,14.833197
083021,Fiumedinisi,283,Messina,ME,Sicilia,38.045144,15.367775
083022,Floresta,283,Messina,ME,Sicilia,37.969559,14.911018
083023,Fondachelli-Fantina,283,Messina,ME,Sicilia,38.002882,15.180114
083024,Forza d'Agrò,283,Messina,ME,Sicilia,37.924752,15.305801
083025,Francavilla di Sicilia,283,Messina,ME,Sicilia,37.938150,15.115177
083026,Frazzanò,283,Messina,ME,Sicilia,38.063260,14.747965
083027,Furci Siculo,283,Messina,ME,Sicilia,37.988523,15.320547
083028,Furnari,283,Messina,ME,Sicilia,38.105155,15.109955
083029,Gaggi,283,Messina,ME,Sicilia,37.864016,15.225705
083030,Galati Mamertino,283,Messina,ME,Sicilia,38.003069,14.790316
083031,Gallodoro,283,Messina,ME,Sicilia,37.904831,15.305701
083032,Giardini-Naxos,283,Messina,ME,Sicilia,37.824289,15.262840
083033,Gioiosa Marea,283,Messina,ME,Sicilia,38.157699,14.920340
083034,Graniti,283,Messina,ME,Sicilia,37.890231,15.214991
083035,Gualtieri Sicaminò,283,Messina,ME,Sicilia,38.135795,15.337833
083036,Itala,283,Messina,ME,Sicilia,38.052513,15.428759
083037,Leni,283,Messina,ME,Sicilia,38.556312,14.826502
083038,Letojanni,283,Messina,ME,Sicilia,37.890598,15.307713
083039,Librizzi,283,Messina,ME,Sicilia,38.084990,14.964582
083040,Limina,283,Messina,ME,Sicilia,37.944528,15.274488
083041,Lipari,283,Messina,ME,Sicilia,38.527218,14.918489
083042,Longi,283,Messina,ME,Sicilia,37.960323,14.752465
083043,Malfa,283,Messina,ME,Sicilia,38.574716,14.831184
083044,Malvagna,283,Messina,ME,Sicilia,37.926566,15.051505
083045,Mandanici,283,Messina,ME,Sicilia,38.011741,15.326674
083046,Mazzarrà Sant'Andrea,283,Messina,ME,Sicilia,38.080331,15.132214
083047,Merì,283,Messina,ME,Sicilia,38.162565,15.254599
083048,Messina,283,Messina,ME,Sicilia,38.191145,15.510493
083049,Milazzo,283,Messina,ME,Sicilia,38.204812,15.243130
083050,Militello Rosmarino,283,Messina,ME,Sicilia,38.000350,14.660315
083051,Mirto,283,Messina,ME,Sicilia,38.090186,14.749288
083052,Mistretta,283,Messina,ME,Sicilia,37.903119,14.368365
083053,Moio Alcantara,283,Messina,ME,Sicilia,37.910253,15.040207
083054,Monforte San Giorgio,283,Messina,ME,Sicilia,38.135701,15.394928
083055,Mongiuffi Melia,283,Messina,ME,Sicilia,37.905123,15.257797
083056,Montagnareale,283,Messina,ME,Sicilia,38.119573,14.937649
083057,Montalbano Elicona,283,Messina,ME,Sicilia,38.016643,15.019787
083058,Motta Camastra,283,Messina,ME,Sicilia,37.905124,15.187428
083059,Motta d'Affermo,283,Messina,ME,Sicilia,37.992148,14.306925
083060,Naso,283,Messina,ME,Sicilia,38.121356,14.774100
083061,Nizza di Sicilia,283,Messina,ME,Sicilia,38.015092,15.363717
083062,Novara di Sicilia,283,Messina,ME,Sicilia,38.016320,15.129185
083063,Oliveri,283,Messina,ME,Sicilia,38.111748,15.045187
083064,Pace del Mela,283,Messina,ME,Sicilia,38.187574,15.304827
083065,Pagliara,283,Messina,ME,Sicilia,37.999218,15.331456
083066,Patti,283,Messina,ME,Sicilia,38.123877,14.999143
083067,Pettineo,283,Messina,ME,Sicilia,37.949652,14.284167
083068,Piraino,283,Messina,ME,Sicilia,38.153576,14.871172
083069,Raccuja,283,Messina,ME,Sicilia,38.027253,14.919977
083070,Reitano,283,Messina,ME,Sicilia,37.981318,14.338858
083071,Roccafiorita,283,Messina,ME,Sicilia,37.932142,15.263951
083072,Roccalumera,283,Messina,ME,Sicilia,37.989344,15.378807
083073,Roccavaldina,283,Messina,ME,Sicilia,38.178033,15.380106
083074,Roccella Valdemone,283,Messina,ME,Sicilia,37.944420,15.001981
083075,Rodì Milici,283,Messina,ME,Sicilia,38.079360,15.172983
083076,Rometta,283,Messina,ME,Sicilia,38.174442,15.421054
083077,San Filippo del Mela,283,Messina,ME,Sicilia,38.183396,15.276657
083078,San Fratello,283,Messina,ME,Sicilia,37.975474,14.611890
083079,San Marco d'Alunzio,283,Messina,ME,Sicilia,38.056922,14.710723
083080,San Pier Niceto,283,Messina,ME,Sicilia,38.131628,15.364281
083081,San Piero Patti,283,Messina,ME,Sicilia,38.038674,14.962281
083082,San Salvatore di Fitalia,283,Messina,ME,Sicilia,38.063790,14.783765
083083,Santa Domenica Vittoria,283,Messina,ME,Sicilia,37.933879,14.967742
083084,Sant'Agata di Militello,283,Messina,ME,Sicilia,38.037444,14.640203
083085,Sant'Alessio Siculo,283,Messina,ME,Sicilia,37.928066,15.331730
083086,Santa Lucia del Mela,283,Messina,ME,Sicilia,38.097738,15.299872
083087,Santa Marina Salina,283,Messina,ME,Sicilia,38.555714,14.859563
083088,Sant'Angelo di Brolo,283,Messina,ME,Sicilia,38.103141,14.893513
083089,Santa Teresa di Riva,283,Messina,ME,Sicilia,37.956624,15.346243
083090,San Teodoro,283,Messina,ME,Sicilia,37.835215,14.694251
083091,Santo Stefano di Camastra,283,Messina,ME,Sicilia,37.991340,14.368596
083092,Saponara,283,Messina,ME,Sicilia,38.187089,15.446275
083093,Savoca,283,Messina,ME,Sicilia,37.952637,15.336360
083094,Scaletta Zanclea,283,Messina,ME,Sicilia,38.052776,15.454587
083095,Sinagra,283,Messina,ME,Sicilia,38.082613,14.849635
083096,Spadafora,283,Messina,ME,Sicilia,38.205172,15.392509
083097,Taormina,283,Messina,ME,Sicilia,37.844939,15.264370
083098,Torregrotta,283,Messina,ME,Sicilia,38.200716,15.351899
083099,Tortorici,283,Messina,ME,Sicilia,37.995891,14.839390
083100,Tripi - Abakainon,283,Messina,ME,Sicilia,38.036823,15.081995
083101,Tusa,283,Messina,ME,Sicilia,37.984500,14.240601
083102,Ucria,283,Messina,ME,Sicilia,38.027867,14.884665
083103,Valdina,283,Messina,ME,Sicilia,38.203366,15.362747
083104,Venetico,283,Messina,ME,Sicilia,38.203872,15.373969
083105,Villafranca Tirrena,283,Messina,ME,Sicilia,38.221582,15.456948
083106,Terme Vigliatore,283,Messina,ME,Sicilia,38.130909,15.152222
083107,Acquedolci,283,Messina,ME,Sicilia,38.049411,14.583428
083108,Torrenova,283,Messina,ME,Sicilia,38.094216,14.688086
084001,Agrigento,084,Agrigento,AG,Sicilia,37.322338,13.565730
084002,Alessandria della Rocca,084,Agrigento,AG,Sicilia,37.545728,13.464300
084003,Aragona,084,Agrigento,AG,Sicilia,37.420597,13.612739
084004,Bivona,084,Agrigento,AG,Sicilia,37.578119,13.405516
084005,Burgio,084,Agrigento,AG,Sicilia,37.619811,13.297665
084006,Calamonaci,084,Agrigento,AG,Sicilia,37.518540,13.322890
084007,Caltabellotta,084,Agrigento,AG,Sicilia,37.583042,13.200020
084008,Camastra,084,Agrigento,AG,Sicilia,37.251026,13.806183
084009,Cammarata,084,Agrigento,AG,Sicilia,37.630551,13.694637
084010,Campobello di Licata,084,Agrigento,AG,Sicilia,37.236571,13.919031
084011,Canicattì,084,Agrigento,AG,Sicilia,37.371754,13.838065
084012,Casteltermini,084,Agrigento,AG,Sicilia,37.529404,13.627401
084013,Castrofilippo,084,Agrigento,AG,Sicilia,37.354990,13.752732
084014,Cattolica Eraclea,084,Agrigento,AG,Sicilia,37.428407,13.379526
084015,Cianciana,084,Agrigento,AG,Sicilia,37.495311,13.421642
084016,Comitini,084,Agrigento,AG,Sicilia,37.413979,13.659436
084017,Favara,084,Agrigento,AG,Sicilia,37.317497,13.672368
084018,Grotte,084,Agrigento,AG,Sicilia,37.421561,13.686055
084019,Joppolo Giancaxio,084,Agrigento,AG,Sicilia,37.381698,13.567217
084020,Lampedusa e Linosa,084,Agrigento,AG,Sicilia,35.587104,12.642951
084021,Licata,084,Agrigento,AG,Sicilia,37.154437,13.918793
084022,Lucca Sicula,084,Agrigento,AG,Sicilia,37.561540,13.325408
084023,Menfi,084,Agrigento,AG,Sicilia,37.612100,12.965858
084024,Montallegro,084,Agrigento,AG,Sicilia,37.391355,13.354100
084025,Montevago,084,Agrigento,AG,Sicilia,37.688337,12.950463
084026,Naro,084,Agrigento,AG,Sicilia,37.289387,13.821584
084027,Palma di Montechiaro,084,Agrigento,AG,Sicilia,37.182044,13.765872
084028,Porto Empedocle,084,Agrigento,AG,Sicilia,37.310463,13.507211
084029,Racalmuto,084,Agrigento,AG,Sicilia,37.403080,13.750767
084030,Raffadali,084,Agrigento,AG,Sicilia,37.402165,13.529544
084031,Ravanusa,084,Agrigento,AG,Sicilia,37.249248,13.985599
084032,Realmonte,084,Agrigento,AG,Sicilia,37.312931,13.453608
084033,Ribera,084,Agrigento,AG,Sicilia,37.466714,13.288541
084034,Sambuca di Sicilia,084,Agrigento,AG,Sicilia,37.655506,13.113856
084035,San Biagio Platani,084,Agrigento,AG,Sicilia,37.511526,13.542558
084036,San Giovanni Gemini,084,Agrigento,AG,Sicilia,37.617264,13.649684
084037,Santa Elisabetta,084,Agrigento,AG,Sicilia,37.439445,13.548670
084038,Santa Margherita di Belice,084,Agrigento,AG,Sicilia,37.691195,13.025637
084039,Sant'Angelo Muxaro,084,Agrigento,AG,Sicilia,37.467249,13.516861
084040,Santo Stefano Quisquina,084,Agrigento,AG,Sicilia,37.601418,13.513416
084041,Sciacca,084,Agrigento,AG,Sicilia,37.543343,13.102854
084042,Siculiana,084,Agrigento,AG,Sicilia,37.360183,13.387744
084043,Villafranca Sicula,084,Agrigento,AG,Sicilia,37.565095,13.280941
085001,Acquaviva Platani,085,Caltanissetta,CL,Sicilia,37.566168,13.697064
085002,Bompensiere,085,Caltanissetta,CL,Sicilia,37.462714,13.785185
085003,Butera,085,Caltanissetta,CL,Sicilia,37.191877,14.129490
085004,Caltanissetta,085,Caltanissetta,CL,Sicilia,37.470118,14.008423
085005,Campofranco,085,Caltanissetta,CL,Sicilia,37.488131,13.700962
085006,Delia,085,Caltanissetta,CL,Sicilia,37.353516,13.919426
085007,Gela,085,Caltanissetta,CL,Sicilia,37.094224,14.293331
085008,Marianopoli,085,Caltanissetta,CL,Sicilia,37.600566,13.896377
085009,Mazzarino,085,Caltanissetta,CL,Sicilia,37.267967,14.242987
085010,Milena,085,Caltanissetta,CL,Sicilia,37.458795,13.739254
085011,Montedoro,085,Caltanissetta,CL,Sicilia,37.453544,13.823877
085012,Mussomeli,085,Caltanissetta,CL,Sicilia,37.556142,13.816856
085013,Niscemi,085,Caltanissetta,CL,Sicilia,37.140761,14.406522
085014,Resuttano,085,Caltanissetta,CL,Sicilia,37.680570,14.050165
085015,Riesi,085,Caltanissetta,CL,Sicilia,37.293750,14.089878
085016,San Cataldo,085,Caltanissetta,CL,Sicilia,37.499515,13.927239
085017,Santa Caterina Villarmosa,085,Caltanissetta,CL,Sicilia,37.595537,14.090159
085018,Serradifalco,085,Caltanissetta,CL,Sicilia,37.453119,13.884415
085019,Sommatino,085,Caltanissetta,CL,Sicilia,37.322660,14.005962
085020,Sutera,085,Caltanissetta,CL,Sicilia,37.520716,13.745803
085021,Vallelunga Pratameno,085,Caltanissetta,CL,Sicilia,37.698650,13.803364
085022,Villalba,085,Caltanissetta,CL,Sicilia,37.644602,13.861508
086001,Agira,086,Enna,EN,Sicilia,37.602335,14.546904
086002,Aidone,086,Enna,EN,Sicilia,37.420924,14.497805
086003,Assoro,086,Enna,EN,Sicilia,37.576957,14.451422
086004,Barrafranca,086,Enna,EN,Sicilia,37.360253,14.191672
086005,Calascibetta,086,Enna,EN,Sicilia,37.631620,14.245028
086006,Catenanuova,086,Enna,EN,Sicilia,37.571014,14.694466
086007,Centuripe,086,Enna,EN,Sicilia,37.603647,14.756454
086008,Cerami,086,Enna,EN,Sicilia,37.818381,14.490962
086009,Enna,086,Enna,EN,Sicilia,37.518908,14.288787
086010,Gagliano Castelferrato,086,Enna,EN,Sicilia,37.717399,14.534591
086011,Leonforte,086,Enna,EN,Sicilia,37.644514,14.365813
086012,Nicosia,086,Enna,EN,Sicilia,37.759620,14.367233
086013,Nissoria,086,Enna,EN,Sicilia,37.695248,14.449896
086014,Piazza Armerina,086,Enna,EN,Sicilia,37.385091,14.348812
086015,Pietraperzia,086,Enna,EN,Sicilia,37.408847,14.130666
086016,Regalbuto,086,Enna,EN,Sicilia,37.655497,14.638718
086017,Sperlinga,086,Enna,EN,Sicilia,37.754242,14.314437
086018,Troina,086,Enna,EN,Sicilia,37.765520,14.640736
086019,Valguarnera Caropepe,086,Enna,EN,Sicilia,37.509856,14.391150
086020,Villarosa,086,Enna,EN,Sicilia,37.592957,14.177582
087001,Aci Bonaccorsi,287,Catania,CT,Sicilia,37.595362,15.108124
087002,Aci Castello,287,Catania,CT,Sicilia,37.555922,15.139423
087003,Aci Catena,287,Catania,CT,Sicilia,37.585259,15.142814
087004,Acireale,287,Catania,CT,Sicilia,37.634345,15.160737
087005,Aci Sant'Antonio,287,Catania,CT,Sicilia,37.623902,15.117754
087006,Adrano,287,Catania,CT,Sicilia,37.694575,14.857139
087007,Belpasso,287,Catania,CT,Sicilia,37.529065,14.937513
087008,Biancavilla,287,Catania,CT,Sicilia,37.670432,14.900709
087009,Bronte,287,Catania,CT,Sicilia,37.805276,14.839379
087010,Calatabiano,287,Catania,CT,Sicilia,37.821234,15.213021
087011,Caltagirone,287,Catania,CT,Sicilia,37.190894,14.512261
087012,Camporotondo Etneo,287,Catania,CT,Sicilia,37.552290,15.003615
087013,Castel di Iudica,287,Catania,CT,Sicilia,37.508652,14.680314
087014,Castiglione di Sicilia,287,Catania,CT,Sicilia,37.855927,15.083942
087015,Catania,287,Catania,CT,Sicilia,37.442214,15.035911
087016,Fiumefreddo di Sicilia,287,Catania,CT,Sicilia,37.788490,15.206997
087017,Giarre,287,Catania,CT,Sicilia,37.718579,15.167962
087018,Grammichele,287,Catania,CT,Sicilia,37.225032,14.613716
087019,Gravina di Catania,287,Catania,CT,Sicilia,37.554754,15.062717
087020,Licodia Eubea,287,Catania,CT,Sicilia,37.138366,14.677686
087021,Linguaglossa,287,Catania,CT,Sicilia,37.812378,15.092691
087022,Maletto,287,Catania,CT,Sicilia,37.801975,14.913330
087023,Mascali,287,Catania,CT,Sicilia,37.766479,15.166719
087024,Mascalucia,287,Catania,CT,Sicilia,37.587167,15.040009
087025,Militello in Val di Catania,287,Catania,CT,Sicilia,37.280585,14.788386
087026,Milo,287,Catania,CT,Sicilia,37.735057,15.103146
087027,Mineo,287,Catania,CT,Sicilia,37.305086,14.641924
087028,Mirabella Imbaccari,287,Catania,CT,Sicilia,37.319286,14.461467
087029,Misterbianco,287,Catania,CT,Sicilia,37.503835,15.012798
087030,Motta Sant'Anastasia,287,Catania,CT,Sicilia,37.495975,14.966085
087031,Nicolosi,287,Catania,CT,Sicilia,37.655501,15.014009
087032,Palagonia,287,Catania,CT,Sicilia,37.350291,14.767615
087033,Paternò,287,Catania,CT,Sicilia,37.532829,14.856238
087034,Pedara,287,Catania,CT,Sicilia,37.638822,15.052152
087035,Piedimonte Etneo,287,Catania,CT,Sicilia,37.801357,15.139597
087036,Raddusa,287,Catania,CT,Sicilia,37.493659,14.533911
087037,Ramacca,287,Catania,CT,Sicilia,37.436808,14.699743
087038,Randazzo,287,Catania,CT,Sicilia,37.848129,14.900944
087039,Riposto,287,Catania,CT,Sicilia,37.702655,15.198300
087040,San Cono,287,Catania,CT,Sicilia,37.291121,14.365803
087041,San Giovanni la Punta,287,Catania,CT,Sicilia,37.576799,15.092961
087042,San Gregorio di Catania,287,Catania,CT,Sicilia,37.558177,15.109051
087043,San Michele di Ganzaria,287,Catania,CT,Sicilia,37.277954,14.424650
087044,San Pietro Clarenza,287,Catania,CT,Sicilia,37.566674,15.023022
087045,Sant'Agata li Battiati,287,Catania,CT,Sicilia,37.554054,15.081327
087046,Sant'Alfio,287,Catania,CT,Sicilia,37.760903,15.090703
087047,Santa Maria di Licodia,287,Catania,CT,Sicilia,37.624960,14.897538
087048,Santa Venerina,287,Catania,CT,Sicilia,37.683209,15.142252
087049,Scordia,287,Catania,CT,Sicilia,37.300989,14.849816
087050,Trecastagni,287,Catania,CT,Sicilia,37.647851,15.072140
087051,Tremestieri Etneo,287,Catania,CT,Sicilia,37.573892,15.073476
087052,Valverde,287,Catania,CT,Sicilia,37.579395,15.123424
087053,Viagrande,287,Catania,CT,Sicilia,37.622257,15.095570
087054,Vizzini,287,Catania,CT,Sicilia,37.180873,14.775429
087055,Zafferana Etnea,287,Catania,CT,Sicilia,37.709816,15.063232
087056,Mazzarrone,287,Catania,CT,Sicilia,37.086235,14.563686
087057,Maniace,287,Catania,CT,Sicilia,37.876789,14.786226
087058,Ragalna,287,Catania,CT,Sicilia,37.659957,14.952656
088001,Acate,088,Ragusa,RG,Sicilia,37.011734,14.441929
088002,Chiaramonte Gulfi,088,Ragusa,RG,Sicilia,37.044358,14.654184
088003,Comiso,088,Ragusa,RG,Sicilia,36.963927,14.594200
088004,Giarratana,088,Ragusa,RG,Sicilia,37.063259,14.804244
088005,Ispica,088,Ragusa,RG,Sicilia,36.759270,14.933058
088006,Modica,088,Ragusa,RG,Sicilia,36.853933,14.822816
088007,Monterosso Almo,088,Ragusa,RG,Sicilia,37.076926,14.741028
088008,Pozzallo,088,Ragusa,RG,Sicilia,36.738811,14.858332
088009,Ragusa,088,Ragusa,RG,Sicilia,36.906870,14.663820
088010,Santa Croce Camerina,088,Ragusa,RG,Sicilia,36.820780,14.521376
088011,Scicli,088,Ragusa,RG,Sicilia,36.776710,14.698020
088012,Vittoria,088,Ragusa,RG,Sicilia,36.956793,14.496233
089001,Augusta,089,Siracusa,SR,Sicilia,37.262135,15.149162
089002,Avola,089,Siracusa,SR,Sicilia,36.926974,15.119065
089003,Buccheri,089,Siracusa,SR,Sicilia,37.155461,14.870359
089004,Buscemi,089,Siracusa,SR,Sicilia,37.088442,14.869790
089005,Canicattini Bagni,089,Siracusa,SR,Sicilia,37.035088,15.081367
089006,Carlentini,089,Siracusa,SR,Sicilia,37.251729,14.997002
089007,Cassaro,089,Siracusa,SR,Sicilia,37.101525,14.956557
089008,Ferla,089,Siracusa,SR,Sicilia,37.133405,14.932490
089009,Floridia,089,Siracusa,SR,Sicilia,37.080946,15.115221
089010,Francofonte,089,Siracusa,SR,Sicilia,37.226864,14.866152
089011,Lentini,089,Siracusa,SR,Sicilia,37.331646,14.916962
089012,Melilli,089,Siracusa,SR,Sicilia,37.210652,15.099613
089013,Noto,089,Siracusa,SR,Sicilia,36.912296,15.019947
089014,Pachino,089,Siracusa,SR,Sicilia,36.705399,15.076930
089015,Palazzolo Acreide,089,Siracusa,SR,Sicilia,37.066810,14.960401
089016,Rosolini,089,Siracusa,SR,Sicilia,36.864137,14.909691
089017,Siracusa,089,Siracusa,SR,Sicilia,37.039187,15.213605
089018,Solarino,089,Siracusa,SR,Sicilia,37.102772,15.109863
089019,Sortino,089,Siracusa,SR,Sicilia,37.140217,15.037806
089020,Portopalo di Capo Passero,089,Siracusa,SR,Sicilia,36.672695,15.101499
089021,Priolo Gargallo,089,Siracusa,SR,Sicilia,37.138690,15.171328
093001,Andreis,093,Pordenone,PN,Friuli-Venezia Giulia,46.209815,12.622015
093002,Arba,093,Pordenone,PN,Friuli-Venezia Giulia,46.146340,12.799388
093004,Aviano,093,Pordenone,PN,Friuli-Venezia Giulia,46.089011,12.583435
093005,Azzano Decimo,093,Pordenone,PN,Friuli-Venezia Giulia,45.882403,12.691566
093006,Barcis,093,Pordenone,PN,Friuli-Venezia Giulia,46.190911,12.525558
093007,Brugnera,093,Pordenone,PN,Friuli-Venezia Giulia,45.904212,12.552167
093008,Budoia,093,Pordenone,PN,Friuli-Venezia Giulia,46.063148,12.516141
093009,Caneva,093,Pordenone,PN,Friuli-Venezia Giulia,45.994309,12.447605
093010,Casarsa della Delizia,093,Pordenone,PN,Friuli-Venezia Giulia,45.949419,12.833939
093011,Castelnovo del Friuli,093,Pordenone,PN,Friuli-Venezia Giulia,46.209623,12.889056
093012,Cavasso Nuovo,093,Pordenone,PN,Friuli-Venezia Giulia,46.189164,12.780980
093013,Chions,093,Pordenone,PN,Friuli-Venezia Giulia,45.865439,12.751766
093014,Cimolais,093,Pordenone,PN,Friuli-Venezia Giulia,46.328083,12.460286
093015,Claut,093,Pordenone,PN,Friuli-Venezia Giulia,46.286356,12.536732
093016,Clauzetto,093,Pordenone,PN,Friuli-Venezia Giulia,46.251490,12.898998
093017,Cordenons,093,Pordenone,PN,Friuli-Venezia Giulia,46.004805,12.728570
093018,Cordovado,093,Pordenone,PN,Friuli-Venezia Giulia,45.842827,12.895044
093019,Erto e Casso,093,Pordenone,PN,Friuli-Venezia Giulia,46.272997,12.371094
093020,Fanna,093,Pordenone,PN,Friuli-Venezia Giulia,46.174510,12.760196
093021,Fiume Veneto,093,Pordenone,PN,Friuli-Venezia Giulia,45.922825,12.737417
093022,Fontanafredda,093,Pordenone,PN,Friuli-Venezia Giulia,45.983177,12.551258
093024,Frisanco,093,Pordenone,PN,Friuli-Venezia Giulia,46.225885,12.688621
093025,Maniago,093,Pordenone,PN,Friuli-Venezia Giulia,46.143413,12.720959
093026,Meduno,093,Pordenone,PN,Friuli-Venezia Giulia,46.225290,12.788570
093027,Montereale Valcellina,093,Pordenone,PN,Friuli-Venezia Giulia,46.131758,12.650084
093028,Morsano al Tagliamento,093,Pordenone,PN,Friuli-Venezia Giulia,45.857921,12.940324
093029,Pasiano di Pordenone,093,Pordenone,PN,Friuli-Venezia Giulia,45.855713,12.622406
093030,Pinzano al Tagliamento,093,Pordenone,PN,Friuli-Venezia Giulia,46.176487,12.931853
093031,Polcenigo,093,Pordenone,PN,Friuli-Venezia Giulia,46.041188,12.473881
093032,Porcia,093,Pordenone,PN,Friuli-Venezia Giulia,45.946771,12.607112
093033,Pordenone,093,Pordenone,PN,Friuli-Venezia Giulia,45.953887,12.657194
093034,Prata di Pordenone,093,Pordenone,PN,Friuli-Venezia Giulia,45.876909,12.579765
093035,Pravisdomini,093,Pordenone,PN,Friuli-Venezia Giulia,45.817559,12.682470
093036,Roveredo in Piano,093,Pordenone,PN,Friuli-Venezia Giulia,46.011984,12.609495
093037,Sacile,093,Pordenone,PN,Friuli-Venezia Giulia,45.945971,12.504413
093038,San Giorgio della Richinvelda,093,Pordenone,PN,Friuli-Venezia Giulia,46.046157,12.848352
093039,San Martino al Tagliamento,093,Pordenone,PN,Friuli-Venezia Giulia,46.018716,12.875882
093040,San Quirino,093,Pordenone,PN,Friuli-Venezia Giulia,46.037987,12.683769
093041,San Vito al Tagliamento,093,Pordenone,PN,Friuli-Venezia Giulia,45.914310,12.861676
093042,Sequals,093,Pordenone,PN,Friuli-Venezia Giulia,46.158023,12.847854
093043,Sesto al Reghena,093,Pordenone,PN,Friuli-Venezia Giulia,45.862495,12.838489
093044,Spilimbergo,093,Pordenone,PN,Friuli-Venezia Giulia,46.107974,12.876604
093045,Tramonti di Sopra,093,Pordenone,PN,Friuli-Venezia Giulia,46.304509,12.719794
093046,Tramonti di Sotto,093,Pordenone,PN,Friuli-Venezia Giulia,46.289443,12.834761
093047,Travesio,093,Pordenone,PN,Friuli-Venezia Giulia,46.204623,12.848409
093049,Vito d'Asio,093,Pordenone,PN,Friuli-Venezia Giulia,46.278249,12.943930
093050,Vivaro,093,Pordenone,PN,Friuli-Venezia Giulia,46.082815,12.779208
093051,Zoppola,093,Pordenone,PN,Friuli-Venezia Giulia,45.971366,12.778134
093052,Vajont,093,Pordenone,PN,Friuli-Venezia Giulia,46.143357,12.691723
093053,Valvasone Arzene,093,Pordenone,PN,Friuli-Venezia Giulia,45.989283,12.863207
094001,Acquaviva d'Isernia,094,Isernia,IS,Molise,41.679664,14.140323
094002,Agnone,094,Isernia,IS,Molise,41.800986,14.360204
094003,Bagnoli del Trigno,094,Isernia,IS,Molise,41.699286,14.476365
094004,Belmonte del Sannio,094,Isernia,IS,Molise,41.840988,14.412791
094005,Cantalupo nel Sannio,094,Isernia,IS,Molise,41.524633,14.387718
094006,Capracotta,094,Isernia,IS,Molise,41.826637,14.282132
094007,Carovilli,094,Isernia,IS,Molise,41.708845,14.291881
094008,Carpinone,094,Isernia,IS,Molise,41.597985,14.334135
094009,Castel del Giudice,094,Isernia,IS,Molise,41.851621,14.229518
094010,Castelpetroso,094,Isernia,IS,Molise,41.553825,14.331978
094011,Castelpizzuto,094,Isernia,IS,Molise,41.523908,14.299473
094012,Castel San Vincenzo,094,Isernia,IS,Molise,41.653977,14.043643
094013,Castelverrino,094,Isernia,IS,Molise,41.768910,14.388731
094014,Cerro al Volturno,094,Isernia,IS,Molise,41.659823,14.110934
094015,Chiauci,094,Isernia,IS,Molise,41.681272,14.373584
094016,Civitanova del Sannio,094,Isernia,IS,Molise,41.682744,14.419191
094017,Colli a Volturno,094,Isernia,IS,Molise,41.591498,14.107552
094018,Conca Casale,094,Isernia,IS,Molise,41.499907,14.008896
094019,Filignano,094,Isernia,IS,Molise,41.565439,14.043401
094020,Forlì del Sannio,094,Isernia,IS,Molise,41.687551,14.184383
094021,Fornelli,094,Isernia,IS,Molise,41.614057,14.143951
094022,Frosolone,094,Isernia,IS,Molise,41.610686,14.440435
094023,Isernia,094,Isernia,IS,Molise,41.607393,14.216110
094024,Longano,094,Isernia,IS,Molise,41.516150,14.250920
094025,Macchia d'Isernia,094,Isernia,IS,Molise,41.574797,14.171065
094026,Macchiagodena,094,Isernia,IS,Molise,41.557105,14.420028
094027,Miranda,094,Isernia,IS,Molise,41.641317,14.255374
094028,Montaquila,094,Isernia,IS,Molise,41.551497,14.110612
094029,Montenero Val Cocchiara,094,Isernia,IS,Molise,41.709576,14.080147
094030,Monteroduni,094,Isernia,IS,Molise,41.518035,14.168940
094031,Pesche,094,Isernia,IS,Molise,41.613784,14.285570
094032,Pescolanciano,094,Isernia,IS,Molise,41.692211,14.342137
094033,Pescopennataro,094,Isernia,IS,Molise,41.872689,14.310912
094034,Pettoranello del Molise,094,Isernia,IS,Molise,41.564878,14.280200
094035,Pietrabbondante,094,Isernia,IS,Molise,41.737909,14.394272
094036,Pizzone,094,Isernia,IS,Molise,41.678345,14.009349
094037,Poggio Sannita,094,Isernia,IS,Molise,41.767556,14.443302
094038,Pozzilli,094,Isernia,IS,Molise,41.516942,14.071506
094039,Rionero Sannitico,094,Isernia,IS,Molise,41.722677,14.148188
094040,Roccamandolfi,094,Isernia,IS,Molise,41.484711,14.339065
094041,Roccasicura,094,Isernia,IS,Molise,41.694116,14.238227
094042,Rocchetta a Volturno,094,Isernia,IS,Molise,41.629442,14.057709
094043,San Pietro Avellana,094,Isernia,IS,Molise,41.809366,14.198085
094044,Sant'Agapito,094,Isernia,IS,Molise,41.544747,14.215484
094045,Santa Maria del Molise,094,Isernia,IS,Molise,41.558291,14.366051
094046,Sant'Angelo del Pesco,094,Isernia,IS,Molise,41.881034,14.269563
094047,Sant'Elena Sannita,094,Isernia,IS,Molise,41.572656,14.467663
094048,Scapoli,094,Isernia,IS,Molise,41.598643,14.045568
094049,Sessano del Molise,094,Isernia,IS,Molise,41.641035,14.328695
094050,Sesto Campano,094,Isernia,IS,Molise,41.420953,14.062836
094051,Vastogirardi,094,Isernia,IS,Molise,41.758887,14.252143
094052,Venafro,094,Isernia,IS,Molise,41.468786,14.041567
096001,Ailoche,096,Biella,BI,Piemonte,45.717824,8.199749
096002,Andorno Micca,096,Biella,BI,Piemonte,45.640883,8.006213
096003,Benna,096,Biella,BI,Piemonte,45.513061,8.137829
096004,Biella,096,Biella,BI,Piemonte,45.592632,8.019897
096005,Bioglio,096,Biella,BI,Piemonte,45.656631,8.082889
096006,Borriana,096,Biella,BI,Piemonte,45.506766,8.038191
096007,Brusnengo,096,Biella,BI,Piemonte,45.572455,8.267173
096008,Callabiana,096,Biella,BI,Piemonte,45.650811,8.060306
096009,Camandona,096,Biella,BI,Piemonte,45.670889,8.082137
096010,Camburzano,096,Biella,BI,Piemonte,45.543375,8.000508
096012,Candelo,096,Biella,BI,Piemonte,45.538279,8.123593
096013,Caprile,096,Biella,BI,Piemonte,45.727282,8.165990
096014,Casapinta,096,Biella,BI,Piemonte,45.614342,8.199851
096015,Castelletto Cervo,096,Biella,BI,Piemonte,45.519450,8.243130
096016,Cavaglià,096,Biella,BI,Piemonte,45.402573,8.109949
096018,Cerrione,096,Biella,BI,Piemonte,45.475114,8.071215
096019,Coggiola,096,Biella,BI,Piemonte,45.713594,8.156778
096020,Cossato,096,Biella,BI,Piemonte,45.552853,8.184379
096021,Crevacuore,096,Biella,BI,Piemonte,45.696223,8.210792
096023,Curino,096,Biella,BI,Piemonte,45.636363,8.236901
096024,Donato,096,Biella,BI,Piemonte,45.542628,7.907590
096025,Dorzano,096,Biella,BI,Piemonte,45.426162,8.109671
096026,Gaglianico,096,Biella,BI,Piemonte,45.534726,8.080607
096027,Gifflenga,096,Biella,BI,Piemonte,45.494521,8.234624
096028,Graglia,096,Biella,BI,Piemonte,45.571339,7.939197
096030,Magnano,096,Biella,BI,Piemonte,45.469415,8.003463
096031,Massazza,096,Biella,BI,Piemonte,45.486002,8.163161
096032,Masserano,096,Biella,BI,Piemonte,45.570134,8.242194
096033,Mezzana Mortigliengo,096,Biella,BI,Piemonte,45.629441,8.189776
096034,Miagliano,096,Biella,BI,Piemonte,45.616242,8.042402
096035,Mongrando,096,Biella,BI,Piemonte,45.521776,7.995274
096037,Mottalciata,096,Biella,BI,Piemonte,45.502787,8.203794
096038,Muzzano,096,Biella,BI,Piemonte,45.572146,7.963443
096039,Netro,096,Biella,BI,Piemonte,45.545244,7.939913
096040,Occhieppo Inferiore,096,Biella,BI,Piemonte,45.544283,8.023455
096041,Occhieppo Superiore,096,Biella,BI,Piemonte,45.570901,7.996765
096042,Pettinengo,096,Biella,BI,Piemonte,45.666270,8.065368
096043,Piatto,096,Biella,BI,Piemonte,45.604542,8.127097
096044,Piedicavallo,096,Biella,BI,Piemonte,45.696962,7.959005
096046,Pollone,096,Biella,BI,Piemonte,45.601778,7.963939
096047,Ponderano,096,Biella,BI,Piemonte,45.530802,8.050499
096048,Portula,096,Biella,BI,Piemonte,45.695004,8.145594
096049,Pralungo,096,Biella,BI,Piemonte,45.606890,8.022965
096050,Pray,096,Biella,BI,Piemonte,45.673269,8.208694
096053,Ronco Biellese,096,Biella,BI,Piemonte,45.583365,8.094414
096054,Roppolo,096,Biella,BI,Piemonte,45.424753,8.070635
096055,Rosazza,096,Biella,BI,Piemonte,45.675565,7.962262
096056,Sagliano Micca,096,Biella,BI,Piemonte,45.653299,7.991402
096057,Sala Biellese,096,Biella,BI,Piemonte,45.510699,7.957676
096058,Salussola,096,Biella,BI,Piemonte,45.451542,8.139655
096059,Sandigliano,096,Biella,BI,Piemonte,45.512096,8.078237
096063,Sordevolo,096,Biella,BI,Piemonte,45.596606,7.950189
096064,Sostegno,096,Biella,BI,Piemonte,45.651224,8.281285
096065,Strona,096,Biella,BI,Piemonte,45.623852,8.171577
096066,Tavigliano,096,Biella,BI,Piemonte,45.663525,8.035443
096067,Ternengo,096,Biella,BI,Piemonte,45.589052,8.115362
096068,Tollegno,096,Biella,BI,Piemonte,45.599879,8.044011
096069,Torrazzo,096,Biella,BI,Piemonte,45.498595,7.949935
096071,Valdengo,096,Biella,BI,Piemonte,45.567331,8.137476
096072,Vallanzengo,096,Biella,BI,Piemonte,45.663557,8.096592
096074,Valle San Nicolao,096,Biella,BI,Piemonte,45.680933,8.079358
096075,Veglio,096,Biella,BI,Piemonte,45.653518,8.091661
096076,Verrone,096,Biella,BI,Piemonte,45.498886,8.117153
096077,Vigliano Biellese,096,Biella,BI,Piemonte,45.562423,8.111478
096078,Villa del Bosco,096,Biella,BI,Piemonte,45.621722,8.288964
096079,Villanova Biellese,096,Biella,BI,Piemonte,45.471896,8.198650
096080,Viverone,096,Biella,BI,Piemonte,45.420701,8.044272
096081,Zimone,096,Biella,BI,Piemonte,45.449756,8.041667
096082,Zubiena,096,Biella,BI,Piemonte,45.489874,8.007748
096083,Zumaglia,096,Biella,BI,Piemonte,45.594164,8.085926
096085,Lessona,096,Biella,BI,Piemonte,45.572237,8.210162
096086,Campiglia Cervo,096,Biella,BI,Piemonte,45.660988,8.001722
096087,Quaregna Cerreto,096,Biella,BI,Piemonte,45.580203,8.161718
096088,Valdilana,096,Biella,BI,Piemonte,45.671725,8.127190
097001,Abbadia Lariana,097,Lecco,LC,Lombardia,45.897699,9.357784
097002,Airuno,097,Lecco,LC,Lombardia,45.754657,9.421885
097003,Annone di Brianza,097,Lecco,LC,Lombardia,45.803364,9.329978
097004,Ballabio,097,Lecco,LC,Lombardia,45.905201,9.422374
097005,Barzago,097,Lecco,LC,Lombardia,45.754565,9.318361
097006,Barzanò,097,Lecco,LC,Lombardia,45.731073,9.312646
097007,Barzio,097,Lecco,LC,Lombardia,45.952242,9.494925
097008,Bellano,097,Lecco,LC,Lombardia,46.045085,9.323600
097009,Bosisio Parini,097,Lecco,LC,Lombardia,45.797887,9.293468
097010,Brivio,097,Lecco,LC,Lombardia,45.748672,9.437448
097011,Bulciago,097,Lecco,LC,Lombardia,45.753320,9.289003
097012,Calco,097,Lecco,LC,Lombardia,45.725259,9.425623
097013,Calolziocorte,097,Lecco,LC,Lombardia,45.796096,9.444010
097014,Carenno,097,Lecco,LC,Lombardia,45.803017,9.474219
097015,Casargo,097,Lecco,LC,Lombardia,46.040435,9.400243
097016,Casatenovo,097,Lecco,LC,Lombardia,45.682197,9.323195
097017,Cassago Brianza,097,Lecco,LC,Lombardia,45.737177,9.288819
097018,Cassina Valsassina,097,Lecco,LC,Lombardia,45.914845,9.488356
097019,Castello di Brianza,097,Lecco,LC,Lombardia,45.755150,9.347891
097020,Cernusco Lombardone,097,Lecco,LC,Lombardia,45.690913,9.393740
097021,Cesana Brianza,097,Lecco,LC,Lombardia,45.817416,9.297400
097022,Civate,097,Lecco,LC,Lombardia,45.829203,9.331382
097023,Colico,097,Lecco,LC,Lombardia,46.126610,9.367711
097024,Colle Brianza,097,Lecco,LC,Lombardia,45.760274,9.376738
097025,Cortenova,097,Lecco,LC,Lombardia,45.996649,9.382847
097026,Costa Masnaga,097,Lecco,LC,Lombardia,45.767319,9.267832
097027,Crandola Valsassina,097,Lecco,LC,Lombardia,46.017449,9.409478
097028,Cremella,097,Lecco,LC,Lombardia,45.742358,9.305308
097029,Cremeno,097,Lecco,LC,Lombardia,45.915921,9.464842
097030,Dervio,097,Lecco,LC,Lombardia,46.074505,9.313337
097031,Dolzago,097,Lecco,LC,Lombardia,45.770516,9.343444
097032,Dorio,097,Lecco,LC,Lombardia,46.106237,9.344701
097033,Ello,097,Lecco,LC,Lombardia,45.783252,9.362444
097034,Erve,097,Lecco,LC,Lombardia,45.825080,9.455416
097035,Esino Lario,097,Lecco,LC,Lombardia,45.985241,9.345002
097036,Galbiate,097,Lecco,LC,Lombardia,45.812280,9.375713
097037,Garbagnate Monastero,097,Lecco,LC,Lombardia,45.767216,9.303420
097038,Garlate,097,Lecco,LC,Lombardia,45.810545,9.400378
097039,Imbersago,097,Lecco,LC,Lombardia,45.707245,9.445271
097040,Introbio,097,Lecco,LC,Lombardia,45.999834,9.482814
097042,Lecco,097,Lecco,LC,Lombardia,45.857766,9.422548
097043,Lierna,097,Lecco,LC,Lombardia,45.960686,9.318024
097044,Lomagna,097,Lecco,LC,Lombardia,45.670226,9.370038
097045,Malgrate,097,Lecco,LC,Lombardia,45.847812,9.378881
097046,Mandello del Lario,097,Lecco,LC,Lombardia,45.925349,9.347101
097047,Margno,097,Lecco,LC,Lombardia,46.029755,9.392697
097048,Merate,097,Lecco,LC,Lombardia,45.702264,9.417950
097049,Missaglia,097,Lecco,LC,Lombardia,45.701630,9.345532
097050,Moggio,097,Lecco,LC,Lombardia,45.917250,9.507029
097051,Molteno,097,Lecco,LC,Lombardia,45.781488,9.301795
097052,Monte Marenzo,097,Lecco,LC,Lombardia,45.770597,9.453644
097053,Montevecchia,097,Lecco,LC,Lombardia,45.704757,9.373123
097054,Monticello Brianza,097,Lecco,LC,Lombardia,45.713402,9.309361
097055,Morterone,097,Lecco,LC,Lombardia,45.881245,9.479758
097056,Nibionno,097,Lecco,LC,Lombardia,45.750050,9.263511
097057,Oggiono,097,Lecco,LC,Lombardia,45.791657,9.344726
097058,Olgiate Molgora,097,Lecco,LC,Lombardia,45.730702,9.399224
097059,Olginate,097,Lecco,LC,Lombardia,45.787059,9.411797
097060,Oliveto Lario,097,Lecco,LC,Lombardia,45.930630,9.285167
097061,Osnago,097,Lecco,LC,Lombardia,45.677618,9.387251
097062,Paderno d'Adda,097,Lecco,LC,Lombardia,45.674732,9.453410
097063,Pagnona,097,Lecco,LC,Lombardia,46.075083,9.406240
097064,Parlasco,097,Lecco,LC,Lombardia,46.014649,9.344165
097065,Pasturo,097,Lecco,LC,Lombardia,45.945218,9.421325
097067,Perledo,097,Lecco,LC,Lombardia,46.019263,9.296763
097068,Pescate,097,Lecco,LC,Lombardia,45.831043,9.395451
097069,Premana,097,Lecco,LC,Lombardia,46.053818,9.459416
097070,Primaluna,097,Lecco,LC,Lombardia,45.989566,9.427014
097071,Robbiate,097,Lecco,LC,Lombardia,45.686424,9.436683
097072,Rogeno,097,Lecco,LC,Lombardia,45.784544,9.271514
097074,Santa Maria Hoè,097,Lecco,LC,Lombardia,45.743814,9.378320
097075,Sirone,097,Lecco,LC,Lombardia,45.774868,9.323640
097076,Sirtori,097,Lecco,LC,Lombardia,45.735528,9.335502
097077,Sueglio,097,Lecco,LC,Lombardia,46.092700,9.339741
097078,Suello,097,Lecco,LC,Lombardia,45.819302,9.315276
097079,Taceno,097,Lecco,LC,Lombardia,46.016217,9.361021
097082,Valgreghentino,097,Lecco,LC,Lombardia,45.771660,9.405456
097083,Valmadrera,097,Lecco,LC,Lombardia,45.852375,9.350528
097084,Varenna,097,Lecco,LC,Lombardia,45.990637,9.289437
097086,Vercurago,097,Lecco,LC,Lombardia,45.810662,9.426503
097090,Viganò,097,Lecco,LC,Lombardia,45.723019,9.327662
097091,Verderio,097,Lecco,LC,Lombardia,45.663206,9.439516
097092,La Valletta Brianza,097,Lecco,LC,Lombardia,45.730752,9.365735
097093,Valvarrone,097,Lecco,LC,Lombardia,46.083198,9.362915
098001,Abbadia Cerreto,098,Lodi,LO,Lombardia,45.312974,9.591584
098002,Bertonico,098,Lodi,LO,Lombardia,45.245470,9.671678
098003,Boffalora d'Adda,098,Lodi,LO,Lombardia,45.358992,9.486731
098004,Borghetto Lodigiano,098,Lodi,LO,Lombardia,45.211951,9.498624
098005,Borgo San Giovanni,098,Lodi,LO,Lombardia,45.274301,9.419820
098006,Brembio,098,Lodi,LO,Lombardia,45.213791,9.566915
098008,Casaletto Lodigiano,098,Lodi,LO,Lombardia,45.297861,9.352017
098009,Casalmaiocco,098,Lodi,LO,Lombardia,45.358924,9.372321
098010,Casalpusterlengo,098,Lodi,LO,Lombardia,45.195242,9.629988
098011,Caselle Landi,098,Lodi,LO,Lombardia,45.098307,9.808122
098012,Caselle Lurani,098,Lodi,LO,Lombardia,45.272877,9.361099
098013,Castelnuovo Bocca d'Adda,098,Lodi,LO,Lombardia,45.108571,9.868801
098014,Castiglione d'Adda,098,Lodi,LO,Lombardia,45.222693,9.701707
098015,Castiraga Vidardo,098,Lodi,LO,Lombardia,45.264022,9.397951
098017,Cavenago d'Adda,098,Lodi,LO,Lombardia,45.280899,9.591898
098018,Cervignano d'Adda,098,Lodi,LO,Lombardia,45.372094,9.427541
098019,Codogno,098,Lodi,LO,Lombardia,45.167482,9.695356
098020,Comazzo,098,Lodi,LO,Lombardia,45.446134,9.454428
098021,Cornegliano Laudense,098,Lodi,LO,Lombardia,45.286986,9.480820
098022,Corno Giovine,098,Lodi,LO,Lombardia,45.133184,9.768698
098023,Cornovecchio,098,Lodi,LO,Lombardia,45.146304,9.811353
098024,Corte Palasio,098,Lodi,LO,Lombardia,45.312593,9.568416
098025,Crespiatica,098,Lodi,LO,Lombardia,45.347200,9.575701
098026,Fombio,098,Lodi,LO,Lombardia,45.134074,9.688405
098027,Galgagnano,098,Lodi,LO,Lombardia,45.356292,9.453552
098028,Graffignana,098,Lodi,LO,Lombardia,45.208041,9.444215
098029,Guardamiglio,098,Lodi,LO,Lombardia,45.109444,9.666871
098030,Livraga,098,Lodi,LO,Lombardia,45.187628,9.543535
098031,Lodi,098,Lodi,LO,Lombardia,45.314688,9.503699
098032,Lodi Vecchio,098,Lodi,LO,Lombardia,45.301922,9.416475
098033,Maccastorna,098,Lodi,LO,Lombardia,45.144737,9.854509
098034,Mairago,098,Lodi,LO,Lombardia,45.255880,9.589000
098035,Maleo,098,Lodi,LO,Lombardia,45.162686,9.763745
098036,Marudo,098,Lodi,LO,Lombardia,45.255237,9.374205
098037,Massalengo,098,Lodi,LO,Lombardia,45.263348,9.493881
098038,Meleti,098,Lodi,LO,Lombardia,45.130078,9.826596
098039,Merlino,098,Lodi,LO,Lombardia,45.430933,9.444636
098040,Montanaso Lombardo,098,Lodi,LO,Lombardia,45.335828,9.460553
098041,Mulazzano,098,Lodi,LO,Lombardia,45.369656,9.403184
098042,Orio Litta,098,Lodi,LO,Lombardia,45.156717,9.554102
098043,Ospedaletto Lodigiano,098,Lodi,LO,Lombardia,45.170714,9.584164
098044,Ossago Lodigiano,098,Lodi,LO,Lombardia,45.243510,9.537061
098045,Pieve Fissiraga,098,Lodi,LO,Lombardia,45.266447,9.452137
098046,Salerano sul Lambro,098,Lodi,LO,Lombardia,45.289491,9.383979
098047,San Fiorano,098,Lodi,LO,Lombardia,45.133646,9.714419
098048,San Martino in Strada,098,Lodi,LO,Lombardia,45.275889,9.536871
098049,San Rocco al Porto,098,Lodi,LO,Lombardia,45.085906,9.699900
098050,Sant'Angelo Lodigiano,098,Lodi,LO,Lombardia,45.232187,9.409060
098051,Santo Stefano Lodigiano,098,Lodi,LO,Lombardia,45.117463,9.739150
098052,Secugnago,098,Lodi,LO,Lombardia,45.230226,9.593372
098053,Senna Lodigiana,098,Lodi,LO,Lombardia,45.133396,9.593608
098054,Somaglia,098,Lodi,LO,Lombardia,45.149036,9.643413
098055,Sordio,098,Lodi,LO,Lombardia,45.340241,9.372651
098056,Tavazzano con Villavesco,098,Lodi,LO,Lombardia,45.333204,9.408504
098057,Terranova dei Passerini,098,Lodi,LO,Lombardia,45.204018,9.672866
098058,Turano Lodigiano,098,Lodi,LO,Lombardia,45.252992,9.627885
098059,Valera Fratta,098,Lodi,LO,Lombardia,45.255519,9.335756
098060,Villanova del Sillaro,098,Lodi,LO,Lombardia,45.240874,9.473232
098061,Zelo Buon Persico,098,Lodi,LO,Lombardia,45.395796,9.438152
098062,Castelgerundo,098,Lodi,LO,Lombardia,45.200393,9.737794
099001,Bellaria-Igea Marina,099,Rimini,RN,Emilia-Romagna,44.131698,12.463531
099002,Cattolica,099,Rimini,RN,Emilia-Romagna,43.959075,12.735253
099003,Coriano,099,Rimini,RN,Emilia-Romagna,43.967615,12.569625
099004,Gemmano,099,Rimini,RN,Emilia-Romagna,43.893109,12.564433
099005,Misano Adriatico,099,Rimini,RN,Emilia-Romagna,43.962641,12.671580
099006,Mondaino,099,Rimini,RN,Emilia-Romagna,43.844590,12.651989
099008,Montefiore Conca,099,Rimini,RN,Emilia-Romagna,43.881987,12.616474
099009,Montegridolfo,099,Rimini,RN,Emilia-Romagna,43.866552,12.708115
099011,Morciano di Romagna,099,Rimini,RN,Emilia-Romagna,43.913543,12.653545
099013,Riccione,099,Rimini,RN,Emilia-Romagna,43.996927,12.646052
099014,Rimini,099,Rimini,RN,Emilia-Romagna,44.038778,12.530529
099015,Saludecio,099,Rimini,RN,Emilia-Romagna,43.885318,12.679176
099016,San Clemente,099,Rimini,RN,Emilia-Romagna,43.931215,12.632158
099017,San Giovanni in Marignano,099,Rimini,RN,Emilia-Romagna,43.934889,12.706891
099018,Santarcangelo di Romagna,099,Rimini,RN,Emilia-Romagna,44.052504,12.435866
099020,Verucchio,099,Rimini,RN,Emilia-Romagna,43.983298,12.428299
099021,Casteldelci,099,Rimini,RN,Emilia-Romagna,43.782537,12.147483
099022,Maiolo,099,Rimini,RN,Emilia-Romagna,43.880020,12.313796
099023,Novafeltria,099,Rimini,RN,Emilia-Romagna,43.900280,12.278336
099024,Pennabilli,099,Rimini,RN,Emilia-Romagna,43.806719,12.273201
099025,San Leo,099,Rimini,RN,Emilia-Romagna,43.914787,12.374752
099026,Sant'Agata Feltria,099,Rimini,RN,Emilia-Romagna,43.859373,12.197685
099027,Talamello,099,Rimini,RN,Emilia-Romagna,43.913506,12.279148
099028,Poggio Torriana,099,Rimini,RN,Emilia-Romagna,43.996119,12.387008
099029,Montescudo-Monte Colombo,099,Rimini,RN,Emilia-Romagna,43.925560,12.550560
099030,Montecopiolo,099,Rimini,RN,Emilia-Romagna,43.839720,12.364547
099031,Sassofeltrio,099,Rimini,RN,Emilia-Romagna,43.890467,12.480457
100001,Cantagallo,100,Prato,PO,Toscana,44.023118,11.093045
100002,Carmignano,100,Prato,PO,Toscana,43.799730,11.018600
100003,Montemurlo,100,Prato,PO,Toscana,43.936303,11.056597
100004,Poggio a Caiano,100,Prato,PO,Toscana,43.815190,11.044632
100005,Prato,100,Prato,PO,Toscana,43.878242,11.085153
100006,Vaiano,100,Prato,PO,Toscana,43.952749,11.134683
100007,Vernio,100,Prato,PO,Toscana,44.067205,11.151678
101001,Belvedere di Spinello,101,Crotone,KR,Calabria,39.206188,16.911522
101002,Caccuri,101,Crotone,KR,Calabria,39.211747,16.807923
101003,Carfizzi,101,Crotone,KR,Calabria,39.323915,16.995624
101004,Casabona,101,Crotone,KR,Calabria,39.243774,16.952366
101005,Castelsilano,101,Crotone,KR,Calabria,39.259259,16.827598
101006,Cerenzia,101,Crotone,KR,Calabria,39.254535,16.821433
101007,Cirò,101,Crotone,KR,Calabria,39.383802,17.045130
101008,Cirò Marina,101,Crotone,KR,Calabria,39.365509,17.108699
101009,Cotronei,101,Crotone,KR,Calabria,39.172133,16.718662
101010,Crotone,101,Crotone,KR,Calabria,39.092904,17.088002
101011,Crucoli,101,Crotone,KR,Calabria,39.430770,17.000224
101012,Cutro,101,Crotone,KR,Calabria,39.001685,16.983565
101013,Isola di Capo Rizzuto,101,Crotone,KR,Calabria,38.959185,17.084660
101014,Melissa,101,Crotone,KR,Calabria,39.304517,17.044273
101015,Mesoraca,101,Crotone,KR,Calabria,39.060219,16.806942
101016,Pallagorio,101,Crotone,KR,Calabria,39.311472,16.905663
101017,Petilia Policastro,101,Crotone,KR,Calabria,39.113681,16.779491
101018,Roccabernarda,101,Crotone,KR,Calabria,39.100263,16.885571
101019,Rocca di Neto,101,Crotone,KR,Calabria,39.189107,17.007260
101020,San Mauro Marchesato,101,Crotone,KR,Calabria,39.087611,16.932576
101021,San Nicola dell'Alto,101,Crotone,KR,Calabria,39.278723,16.976981
101022,Santa Severina,101,Crotone,KR,Calabria,39.155900,16.914414
101023,Savelli,101,Crotone,KR,Calabria,39.325657,16.759195
101024,Scandale,101,Crotone,KR,Calabria,39.130646,17.000200
101025,Strongoli,101,Crotone,KR,Calabria,39.240946,17.067107
101026,Umbriatico,101,Crotone,KR,Calabria,39.359248,16.936853
101027,Verzino,101,Crotone,KR,Calabria,39.307157,16.844344
102001,Acquaro,102,Vibo Valentia,VV,Calabria,38.534302,16.203816
102002,Arena,102,Vibo Valentia,VV,Calabria,38.536351,16.257769
102003,Briatico,102,Vibo Valentia,VV,Calabria,38.702360,16.020737
102004,Brognaturo,102,Vibo Valentia,VV,Calabria,38.586679,16.387439
102005,Capistrano,102,Vibo Valentia,VV,Calabria,38.698027,16.302519
102006,Cessaniti,102,Vibo Valentia,VV,Calabria,38.678320,16.032859
102007,Dasà,102,Vibo Valentia,VV,Calabria,38.565381,16.177411
102008,Dinami,102,Vibo Valentia,VV,Calabria,38.544415,16.150475
102009,Drapia,102,Vibo Valentia,VV,Calabria,38.648317,15.911183
102010,Fabrizia,102,Vibo Valentia,VV,Calabria,38.476074,16.290147
102011,Filadelfia,102,Vibo Valentia,VV,Calabria,38.789798,16.310924
102012,Filandari,102,Vibo Valentia,VV,Calabria,38.620719,16.024891
102013,Filogaso,102,Vibo Valentia,VV,Calabria,38.682099,16.225375
102014,Francavilla Angitola,102,Vibo Valentia,VV,Calabria,38.779383,16.250000
102015,Francica,102,Vibo Valentia,VV,Calabria,38.616300,16.125583
102016,Gerocarne,102,Vibo Valentia,VV,Calabria,38.585608,16.212819
102017,Jonadi,102,Vibo Valentia,VV,Calabria,38.637236,16.062839
102018,Joppolo,102,Vibo Valentia,VV,Calabria,38.595048,15.895501
102019,Limbadi,102,Vibo Valentia,VV,Calabria,38.562704,15.979129
102020,Maierato,102,Vibo Valentia,VV,Calabria,38.723215,16.220935
102021,Mileto,102,Vibo Valentia,VV,Calabria,38.583456,16.078759
102022,Mongiana,102,Vibo Valentia,VV,Calabria,38.505414,16.324506
102023,Monterosso Calabro,102,Vibo Valentia,VV,Calabria,38.725090,16.292469
102024,Nardodipace,102,Vibo Valentia,VV,Calabria,38.455966,16.349408
102025,Nicotera,102,Vibo Valentia,VV,Calabria,38.552130,15.939406
102026,Parghelia,102,Vibo Valentia,VV,Calabria,38.680725,15.936521
102027,Pizzo,102,Vibo Valentia,VV,Calabria,38.756172,16.193482
102028,Pizzoni,102,Vibo Valentia,VV,Calabria,38.621479,16.247281
102029,Polia,102,Vibo Valentia,VV,Calabria,38.748992,16.319049
102030,Ricadi,102,Vibo Valentia,VV,Calabria,38.635864,15.857439
102031,Rombiolo,102,Vibo Valentia,VV,Calabria,38.606421,15.990749
102032,San Calogero,102,Vibo Valentia,VV,Calabria,38.554378,16.020536
102033,San Costantino Calabro,102,Vibo Valentia,VV,Calabria,38.628392,16.085441
102034,San Gregorio d'Ippona,102,Vibo Valentia,VV,Calabria,38.647050,16.104235
102035,San Nicola da Crissa,102,Vibo Valentia,VV,Calabria,38.672518,16.293942
102036,Sant'Onofrio,102,Vibo Valentia,VV,Calabria,38.682840,16.175303
102037,Serra San Bruno,102,Vibo Valentia,VV,Calabria,38.557012,16.321906
102038,Simbario,102,Vibo Valentia,VV,Calabria,38.617236,16.328519
102039,Sorianello,102,Vibo Valentia,VV,Calabria,38.596207,16.262482
102040,Soriano Calabro,102,Vibo Valentia,VV,Calabria,38.617121,16.200634
102041,Spadola,102,Vibo Valentia,VV,Calabria,38.586886,16.339236
102042,Spilinga,102,Vibo Valentia,VV,Calabria,38.615612,15.922776
102043,Stefanaconi,102,Vibo Valentia,VV,Calabria,38.663488,16.153809
102044,Tropea,102,Vibo Valentia,VV,Calabria,38.671969,15.891566
102045,Vallelonga,102,Vibo Valentia,VV,Calabria,38.649441,16.300039
102046,Vazzano,102,Vibo Valentia,VV,Calabria,38.641858,16.245234
102047,Vibo Valentia,102,Vibo Valentia,VV,Calabria,38.682390,16.093293
102048,Zaccanopoli,102,Vibo Valentia,VV,Calabria,38.661073,15.943767
102049,Zambrone,102,Vibo Valentia,VV,Calabria,38.692604,15.971923
102050,Zungri,102,Vibo Valentia,VV,Calabria,38.645829,15.985203
103001,Antrona Schieranco,103,Verbano-Cusio-Ossola,VB,Piemonte,46.057180,8.085450
103002,Anzola d'Ossola,103,Verbano-Cusio-Ossola,VB,Piemonte,45.970504,8.340267
103003,Arizzano,103,Verbano-Cusio-Ossola,VB,Piemonte,45.955303,8.581767
103004,Arola,103,Verbano-Cusio-Ossola,VB,Piemonte,45.815628,8.344836
103005,Aurano,103,Verbano-Cusio-Ossola,VB,Piemonte,46.024838,8.580413
103006,Baceno,103,Verbano-Cusio-Ossola,VB,Piemonte,46.318404,8.279853
103007,Bannio Anzino,103,Verbano-Cusio-Ossola,VB,Piemonte,45.956530,8.136937
103008,Baveno,103,Verbano-Cusio-Ossola,VB,Piemonte,45.915721,8.493522
103009,Bee,103,Verbano-Cusio-Ossola,VB,Piemonte,45.969309,8.578602
103010,Belgirate,103,Verbano-Cusio-Ossola,VB,Piemonte,45.845532,8.578963
103011,Beura-Cardezza,103,Verbano-Cusio-Ossola,VB,Piemonte,46.056571,8.320095
103012,Bognanco,103,Verbano-Cusio-Ossola,VB,Piemonte,46.128966,8.176386
103013,Brovello-Carpugnino,103,Verbano-Cusio-Ossola,VB,Piemonte,45.848990,8.527168
103014,Calasca-Castiglione,103,Verbano-Cusio-Ossola,VB,Piemonte,45.999557,8.184007
103015,Cambiasca,103,Verbano-Cusio-Ossola,VB,Piemonte,45.969074,8.542374
103016,Cannero Riviera,103,Verbano-Cusio-Ossola,VB,Piemonte,46.014291,8.674906
103017,Cannobio,103,Verbano-Cusio-Ossola,VB,Piemonte,46.068137,8.671622
103018,Caprezzo,103,Verbano-Cusio-Ossola,VB,Piemonte,45.992347,8.549340
103019,Casale Corte Cerro,103,Verbano-Cusio-Ossola,VB,Piemonte,45.921895,8.405892
103021,Ceppo Morelli,103,Verbano-Cusio-Ossola,VB,Piemonte,45.976357,8.051833
103022,Cesara,103,Verbano-Cusio-Ossola,VB,Piemonte,45.832807,8.355513
103023,Cossogno,103,Verbano-Cusio-Ossola,VB,Piemonte,46.018690,8.476239
103024,Craveggia,103,Verbano-Cusio-Ossola,VB,Piemonte,46.175324,8.509222
103025,Crevoladossola,103,Verbano-Cusio-Ossola,VB,Piemonte,46.165103,8.278873
103026,Crodo,103,Verbano-Cusio-Ossola,VB,Piemonte,46.243285,8.295365
103028,Domodossola,103,Verbano-Cusio-Ossola,VB,Piemonte,46.122887,8.253968
103029,Druogno,103,Verbano-Cusio-Ossola,VB,Piemonte,46.131866,8.412314
103031,Formazza,103,Verbano-Cusio-Ossola,VB,Piemonte,46.398447,8.400315
103032,Germagno,103,Verbano-Cusio-Ossola,VB,Piemonte,45.899054,8.385540
103033,Ghiffa,103,Verbano-Cusio-Ossola,VB,Piemonte,45.958234,8.617312
103034,Gignese,103,Verbano-Cusio-Ossola,VB,Piemonte,45.864661,8.498773
103035,Gravellona Toce,103,Verbano-Cusio-Ossola,VB,Piemonte,45.918946,8.437899
103036,Gurro,103,Verbano-Cusio-Ossola,VB,Piemonte,46.080580,8.546494
103037,Intragna,103,Verbano-Cusio-Ossola,VB,Piemonte,46.008153,8.563155
103038,Loreglia,103,Verbano-Cusio-Ossola,VB,Piemonte,45.922411,8.368127
103039,Macugnaga,103,Verbano-Cusio-Ossola,VB,Piemonte,45.953441,7.955783
103040,Madonna del Sasso,103,Verbano-Cusio-Ossola,VB,Piemonte,45.790444,8.344533
103041,Malesco,103,Verbano-Cusio-Ossola,VB,Piemonte,46.092080,8.483736
103042,Masera,103,Verbano-Cusio-Ossola,VB,Piemonte,46.143615,8.353262
103043,Massiola,103,Verbano-Cusio-Ossola,VB,Piemonte,45.929512,8.313700
103044,Mergozzo,103,Verbano-Cusio-Ossola,VB,Piemonte,45.974509,8.434210
103045,Miazzina,103,Verbano-Cusio-Ossola,VB,Piemonte,46.016103,8.519403
103046,Montecrestese,103,Verbano-Cusio-Ossola,VB,Piemonte,46.215366,8.389882
103047,Montescheno,103,Verbano-Cusio-Ossola,VB,Piemonte,46.079690,8.195266
103048,Nonio,103,Verbano-Cusio-Ossola,VB,Piemonte,45.852986,8.365829
103049,Oggebbio,103,Verbano-Cusio-Ossola,VB,Piemonte,45.994895,8.644474
103050,Omegna,103,Verbano-Cusio-Ossola,VB,Piemonte,45.870533,8.417478
103051,Ornavasso,103,Verbano-Cusio-Ossola,VB,Piemonte,45.962853,8.387803
103052,Pallanzeno,103,Verbano-Cusio-Ossola,VB,Piemonte,46.041998,8.249601
103053,Piedimulera,103,Verbano-Cusio-Ossola,VB,Piemonte,46.023466,8.247630
103054,Pieve Vergonte,103,Verbano-Cusio-Ossola,VB,Piemonte,45.983527,8.274071
103055,Premeno,103,Verbano-Cusio-Ossola,VB,Piemonte,45.982816,8.599766
103056,Premia,103,Verbano-Cusio-Ossola,VB,Piemonte,46.306279,8.362107
103057,Premosello-Chiovenda,103,Verbano-Cusio-Ossola,VB,Piemonte,46.016742,8.362482
103058,Quarna Sopra,103,Verbano-Cusio-Ossola,VB,Piemonte,45.889087,8.362496
103059,Quarna Sotto,103,Verbano-Cusio-Ossola,VB,Piemonte,45.877389,8.328559
103060,Re,103,Verbano-Cusio-Ossola,VB,Piemonte,46.149124,8.567441
103061,San Bernardino Verbano,103,Verbano-Cusio-Ossola,VB,Piemonte,45.990981,8.458711
103062,Santa Maria Maggiore,103,Verbano-Cusio-Ossola,VB,Piemonte,46.162968,8.449823
103064,Stresa,103,Verbano-Cusio-Ossola,VB,Piemonte,45.887002,8.525564
103065,Toceno,103,Verbano-Cusio-Ossola,VB,Piemonte,46.175063,8.479831
103066,Trarego Viggiona,103,Verbano-Cusio-Ossola,VB,Piemonte,46.038500,8.642047
103067,Trasquera,103,Verbano-Cusio-Ossola,VB,Piemonte,46.216069,8.181627
103068,Trontano,103,Verbano-Cusio-Ossola,VB,Piemonte,46.089430,8.364361
103069,Valstrona,103,Verbano-Cusio-Ossola,VB,Piemonte,45.926809,8.282564
103070,Vanzone con San Carlo,103,Verbano-Cusio-Ossola,VB,Piemonte,45.986667,8.105926
103071,Varzo,103,Verbano-Cusio-Ossola,VB,Piemonte,46.243277,8.196928
103072,Verbania,103,Verbano-Cusio-Ossola,VB,Piemonte,45.935021,8.540268
103074,Vignone,103,Verbano-Cusio-Ossola,VB,Piemonte,45.964052,8.562817
103075,Villadossola,103,Verbano-Cusio-Ossola,VB,Piemonte,46.071297,8.258613
103076,Villette,103,Verbano-Cusio-Ossola,VB,Piemonte,46.134315,8.537084
103077,Vogogna,103,Verbano-Cusio-Ossola,VB,Piemonte,46.021914,8.298054
103078,Borgomezzavalle,103,Verbano-Cusio-Ossola,VB,Piemonte,46.047067,8.188173
103079,Valle Cannobina,103,Verbano-Cusio-Ossola,VB,Piemonte,46.085334,8.580911
108001,Agrate Brianza,108,Monza e della Brianza,MB,Lombardia,45.574906,9.358701
108002,Aicurzio,108,Monza e della Brianza,MB,Lombardia,45.642675,9.416422
108003,Albiate,108,Monza e della Brianza,MB,Lombardia,45.654913,9.250438
108004,Arcore,108,Monza e della Brianza,MB,Lombardia,45.629593,9.323915
108005,Barlassina,108,Monza e della Brianza,MB,Lombardia,45.654201,9.125938
108006,Bellusco,108,Monza e della Brianza,MB,Lombardia,45.615358,9.421477
108007,Bernareggio,108,Monza e della Brianza,MB,Lombardia,45.649589,9.402760
108008,Besana in Brianza,108,Monza e della Brianza,MB,Lombardia,45.695323,9.273709
108009,Biassono,108,Monza e della Brianza,MB,Lombardia,45.629770,9.276986
108010,Bovisio-Masciago,108,Monza e della Brianza,MB,Lombardia,45.612120,9.150636
108011,Briosco,108,Monza e della Brianza,MB,Lombardia,45.716853,9.246500
108012,Brugherio,108,Monza e della Brianza,MB,Lombardia,45.552702,9.301292
108013,Burago di Molgora,108,Monza e della Brianza,MB,Lombardia,45.594336,9.385718
108014,Camparada,108,Monza e della Brianza,MB,Lombardia,45.655166,9.325694
108015,Carate Brianza,108,Monza e della Brianza,MB,Lombardia,45.672455,9.237569
108016,Carnate,108,Monza e della Brianza,MB,Lombardia,45.647669,9.379879
108017,Cavenago di Brianza,108,Monza e della Brianza,MB,Lombardia,45.584948,9.418016
108018,Ceriano Laghetto,108,Monza e della Brianza,MB,Lombardia,45.629636,9.081262
108019,Cesano Maderno,108,Monza e della Brianza,MB,Lombardia,45.628593,9.148222
108020,Cogliate,108,Monza e della Brianza,MB,Lombardia,45.645301,9.084758
108021,Concorezzo,108,Monza e della Brianza,MB,Lombardia,45.591263,9.333587
108022,Correzzana,108,Monza e della Brianza,MB,Lombardia,45.667205,9.304364
108023,Desio,108,Monza e della Brianza,MB,Lombardia,45.617574,9.203358
108024,Giussano,108,Monza e della Brianza,MB,Lombardia,45.693502,9.210932
108025,Lazzate,108,Monza e della Brianza,MB,Lombardia,45.674434,9.081136
108026,Lesmo,108,Monza e della Brianza,MB,Lombardia,45.646398,9.305009
108027,Limbiate,108,Monza e della Brianza,MB,Lombardia,45.601166,9.121184
108028,Lissone,108,Monza e della Brianza,MB,Lombardia,45.617291,9.241715
108029,Macherio,108,Monza e della Brianza,MB,Lombardia,45.637926,9.263636
108030,Meda,108,Monza e della Brianza,MB,Lombardia,45.664254,9.157643
108031,Mezzago,108,Monza e della Brianza,MB,Lombardia,45.629060,9.444755
108032,Misinto,108,Monza e della Brianza,MB,Lombardia,45.658766,9.078168
108033,Monza,108,Monza e della Brianza,MB,Lombardia,45.585417,9.275806
108034,Muggiò,108,Monza e della Brianza,MB,Lombardia,45.588531,9.225759
108035,Nova Milanese,108,Monza e della Brianza,MB,Lombardia,45.588950,9.196323
108036,Ornago,108,Monza e della Brianza,MB,Lombardia,45.599071,9.420755
108037,Renate,108,Monza e della Brianza,MB,Lombardia,45.722045,9.278891
108038,Ronco Briantino,108,Monza e della Brianza,MB,Lombardia,45.666100,9.404083
108039,Seregno,108,Monza e della Brianza,MB,Lombardia,45.649739,9.204536
108040,Seveso,108,Monza e della Brianza,MB,Lombardia,45.643797,9.145095
108041,Sovico,108,Monza e della Brianza,MB,Lombardia,45.645867,9.259490
108042,Sulbiate,108,Monza e della Brianza,MB,Lombardia,45.637514,9.427833
108043,Triuggio,108,Monza e della Brianza,MB,Lombardia,45.664847,9.281266
108044,Usmate Velate,108,Monza e della Brianza,MB,Lombardia,45.652578,9.351998
108045,Varedo,108,Monza e della Brianza,MB,Lombardia,45.598402,9.165054
108046,Vedano al Lambro,108,Monza e della Brianza,MB,Lombardia,45.612244,9.269475
108047,Veduggio con Colzano,108,Monza e della Brianza,MB,Lombardia,45.735143,9.263373
108048,Verano Brianza,108,Monza e della Brianza,MB,Lombardia,45.685909,9.224334
108049,Villasanta,108,Monza e della Brianza,MB,Lombardia,45.607036,9.308634
108050,Vimercate,108,Monza e della Brianza,MB,Lombardia,45.615647,9.368301
108051,Busnago,108,Monza e della Brianza,MB,Lombardia,45.613042,9.465673
108052,Caponago,108,Monza e della Brianza,MB,Lombardia,45.566062,9.377910
108053,Cornate d'Adda,108,Monza e della Brianza,MB,Lombardia,45.643724,9.473399
108054,Lentate sul Seveso,108,Monza e della Brianza,MB,Lombardia,45.676806,9.119159
108055,Roncello,108,Monza e della Brianza,MB,Lombardia,45.599891,9.458804
109001,Altidona,109,Fermo,FM,Marche,43.105730,13.810630
109002,Amandola,109,Fermo,FM,Marche,42.989232,13.349895
109003,Belmonte Piceno,109,Fermo,FM,Marche,43.089423,13.544114
109004,Campofilone,109,Fermo,FM,Marche,43.075651,13.815470
109005,Falerone,109,Fermo,FM,Marche,43.098671,13.466041
109006,Fermo,109,Fermo,FM,Marche,43.160805,13.716856
109007,Francavilla d'Ete,109,Fermo,FM,Marche,43.193123,13.536152
109008,Grottazzolina,109,Fermo,FM,Marche,43.114777,13.602787
109009,Lapedona,109,Fermo,FM,Marche,43.107660,13.774593
109010,Magliano di Tenna,109,Fermo,FM,Marche,43.134544,13.590985
109011,Massa Fermana,109,Fermo,FM,Marche,43.153527,13.481655
109012,Monsampietro Morico,109,Fermo,FM,Marche,43.057303,13.557709
109013,Montappone,109,Fermo,FM,Marche,43.136985,13.459967
109014,Montefalcone Appennino,109,Fermo,FM,Marche,42.988693,13.455036
109015,Montefortino,109,Fermo,FM,Marche,42.934739,13.306893
109016,Monte Giberto,109,Fermo,FM,Marche,43.094216,13.622315
109017,Montegiorgio,109,Fermo,FM,Marche,43.135090,13.540276
109018,Montegranaro,109,Fermo,FM,Marche,43.237392,13.629461
109019,Monteleone di Fermo,109,Fermo,FM,Marche,43.057349,13.531243
109020,Montelparo,109,Fermo,FM,Marche,43.013374,13.546624
109021,Monte Rinaldo,109,Fermo,FM,Marche,43.029467,13.581837
109022,Monterubbiano,109,Fermo,FM,Marche,43.090202,13.716378
109023,Monte San Pietrangeli,109,Fermo,FM,Marche,43.193663,13.575612
109024,Monte Urano,109,Fermo,FM,Marche,43.196945,13.672340
109025,Monte Vidon Combatte,109,Fermo,FM,Marche,43.054798,13.622352
109026,Monte Vidon Corrado,109,Fermo,FM,Marche,43.120800,13.485158
109027,Montottone,109,Fermo,FM,Marche,43.070770,13.585050
109028,Moresco,109,Fermo,FM,Marche,43.078715,13.748836
109029,Ortezzano,109,Fermo,FM,Marche,43.030157,13.609087
109030,Pedaso,109,Fermo,FM,Marche,43.090402,13.836047
109031,Petritoli,109,Fermo,FM,Marche,43.064668,13.661267
109032,Ponzano di Fermo,109,Fermo,FM,Marche,43.109145,13.657064
109033,Porto San Giorgio,109,Fermo,FM,Marche,43.178208,13.786228
109034,Porto Sant'Elpidio,109,Fermo,FM,Marche,43.255209,13.744988
109035,Rapagnano,109,Fermo,FM,Marche,43.158249,13.607708
109036,Santa Vittoria in Matenano,109,Fermo,FM,Marche,43.018910,13.495103
109037,Sant'Elpidio a Mare,109,Fermo,FM,Marche,43.243699,13.697542
109038,Servigliano,109,Fermo,FM,Marche,43.063929,13.493208
109039,Smerillo,109,Fermo,FM,Marche,43.003164,13.430794
109040,Torre San Patrizio,109,Fermo,FM,Marche,43.185610,13.619948
110001,Andria,110,Barletta-Andria-Trani,BT,Puglia,41.157160,16.235534
110002,Barletta,110,Barletta-Andria-Trani,BT,Puglia,41.288828,16.216019
110003,Bisceglie,110,Barletta-Andria-Trani,BT,Puglia,41.205073,16.485280
110004,Canosa di Puglia,110,Barletta-Andria-Trani,BT,Puglia,41.189773,16.017157
110005,Margherita di Savoia,110,Barletta-Andria-Trani,BT,Puglia,41.376524,16.125939
110006,Minervino Murge,110,Barletta-Andria-Trani,BT,Puglia,41.080704,16.079434
110007,San Ferdinando di Puglia,110,Barletta-Andria-Trani,BT,Puglia,41.286304,16.041787
110008,Spinazzola,110,Barletta-Andria-Trani,BT,Puglia,40.966814,16.133247
110009,Trani,110,Barletta-Andria-Trani,BT,Puglia,41.239289,16.389617
110010,Trinitapoli,110,Barletta-Andria-Trani,BT,Puglia,41.352019,16.063248
112001,Alghero,312,Sassari,SS,Sardegna,40.599778,8.298901
112002,Anela,312,Sassari,SS,Sardegna,40.453105,9.031795
112003,Ardara,312,Sassari,SS,Sardegna,40.628883,8.821398
112004,Banari,312,Sassari,SS,Sardegna,40.579810,8.675703
112005,Benetutti,312,Sassari,SS,Sardegna,40.430086,9.165679
112006,Bessude,312,Sassari,SS,Sardegna,40.553273,8.676315
112007,Bonnanaro,312,Sassari,SS,Sardegna,40.544358,8.776560
112008,Bono,312,Sassari,SS,Sardegna,40.416446,9.037894
112009,Bonorva,312,Sassari,SS,Sardegna,40.430044,8.837942
112010,Borutta,312,Sassari,SS,Sardegna,40.525919,8.743239
112011,Bottidda,312,Sassari,SS,Sardegna,40.394724,9.018615
112012,Bultei,312,Sassari,SS,Sardegna,40.487649,9.082960
112013,Bulzi,312,Sassari,SS,Sardegna,40.855652,8.850221
112014,Burgos,312,Sassari,SS,Sardegna,40.399971,8.981615
112015,Cargeghe,312,Sassari,SS,Sardegna,40.677633,8.637837
112016,Castelsardo,312,Sassari,SS,Sardegna,40.893066,8.719090
112017,Cheremule,312,Sassari,SS,Sardegna,40.490883,8.705205
112018,Chiaramonti,312,Sassari,SS,Sardegna,40.732850,8.845949
112019,Codrongianos,312,Sassari,SS,Sardegna,40.667235,8.689208
112020,Cossoine,312,Sassari,SS,Sardegna,40.443114,8.676167
112021,Erula,312,Sassari,SS,Sardegna,40.783910,8.938881
112022,Esporlatu,312,Sassari,SS,Sardegna,40.380185,8.980700
112023,Florinas,312,Sassari,SS,Sardegna,40.625959,8.655300
112024,Giave,312,Sassari,SS,Sardegna,40.463790,8.724263
112025,Illorai,312,Sassari,SS,Sardegna,40.356590,8.989107
112026,Ittireddu,312,Sassari,SS,Sardegna,40.532253,8.903378
112027,Ittiri,312,Sassari,SS,Sardegna,40.586913,8.556221
112028,Laerru,312,Sassari,SS,Sardegna,40.812302,8.841516
112029,Mara,312,Sassari,SS,Sardegna,40.437802,8.635660
112030,Martis,312,Sassari,SS,Sardegna,40.783420,8.824106
112031,Monteleone Rocca Doria,312,Sassari,SS,Sardegna,40.471380,8.554873
112032,Mores,312,Sassari,SS,Sardegna,40.556606,8.846184
112033,Muros,312,Sassari,SS,Sardegna,40.696140,8.617273
112034,Nughedu San Nicolò,312,Sassari,SS,Sardegna,40.526121,8.985774
112035,Nule,312,Sassari,SS,Sardegna,40.483602,9.219810
112036,Nulvi,312,Sassari,SS,Sardegna,40.797248,8.755315
112037,Olmedo,312,Sassari,SS,Sardegna,40.650668,8.383588
112038,Osilo,312,Sassari,SS,Sardegna,40.761274,8.676274
112039,Ossi,312,Sassari,SS,Sardegna,40.654440,8.603463
112040,Ozieri,312,Sassari,SS,Sardegna,40.635345,8.952801
112041,Padria,312,Sassari,SS,Sardegna,40.402943,8.589931
112042,Pattada,312,Sassari,SS,Sardegna,40.591427,9.122066
112043,Perfugas,312,Sassari,SS,Sardegna,40.832547,8.930598
112044,Ploaghe,312,Sassari,SS,Sardegna,40.677502,8.754982
112045,Porto Torres,312,Sassari,SS,Sardegna,40.937594,8.323044
112046,Pozzomaggiore,312,Sassari,SS,Sardegna,40.361128,8.647274
112047,Putifigari,312,Sassari,SS,Sardegna,40.569622,8.445304
112048,Romana,312,Sassari,SS,Sardegna,40.486125,8.579586
112049,Santa Maria Coghinas,312,Sassari,SS,Sardegna,40.893953,8.869249
112050,Sassari,312,Sassari,SS,Sardegna,40.744712,8.364267
112051,Sedini,312,Sassari,SS,Sardegna,40.864321,8.801377
112052,Semestene,312,Sassari,SS,Sardegna,40.374541,8.716825
112053,Sennori,312,Sassari,SS,Sardegna,40.800471,8.622704
112054,Siligo,312,Sassari,SS,Sardegna,40.594278,8.740906
112055,Sorso,312,Sassari,SS,Sardegna,40.820159,8.577722
112056,Stintino,312,Sassari,SS,Sardegna,40.889310,8.226963
112057,Tergu,312,Sassari,SS,Sardegna,40.855198,8.706146
112058,Thiesi,312,Sassari,SS,Sardegna,40.519063,8.655059
112059,Tissi,312,Sassari,SS,Sardegna,40.667884,8.565609
112060,Torralba,312,Sassari,SS,Sardegna,40.498237,8.791762
112061,Tula,312,Sassari,SS,Sardegna,40.743675,8.989771
112062,Uri,312,Sassari,SS,Sardegna,40.633828,8.466793
112063,Usini,312,Sassari,SS,Sardegna,40.665437,8.527905
112064,Valledoria,312,Sassari,SS,Sardegna,40.920035,8.819821
112065,Viddalba,312,Sassari,SS,Sardegna,40.921302,8.932816
112066,Villanova Monteleone,312,Sassari,SS,Sardegna,40.472842,8.471884
113001,Aggius,113,Gallura Nord-Est Sardegna,OT,Sardegna,40.967686,9.027872
113002,Aglientu,113,Gallura Nord-Est Sardegna,OT,Sardegna,41.095867,9.108119
113003,Alà dei Sardi,113,Gallura Nord-Est Sardegna,OT,Sardegna,40.678709,9.343038
113004,Arzachena,113,Gallura Nord-Est Sardegna,OT,Sardegna,41.090822,9.411444
113005,Badesi,113,Gallura Nord-Est Sardegna,OT,Sardegna,40.956349,8.880009
113006,Berchidda,113,Gallura Nord-Est Sardegna,OT,Sardegna,40.790576,9.208248
113007,Bortigiadas,113,Gallura Nord-Est Sardegna,OT,Sardegna,40.880920,8.992414
113008,Buddusò,113,Gallura Nord-Est Sardegna,OT,Sardegna,40.598258,9.260149
113009,Budoni,113,Gallura Nord-Est Sardegna,OT,Sardegna,40.704526,9.684480
113010,Calangianus,113,Gallura Nord-Est Sardegna,OT,Sardegna,40.906106,9.242040
113011,Golfo Aranci,113,Gallura Nord-Est Sardegna,OT,Sardegna,40.987731,9.573919
113012,La Maddalena,113,Gallura Nord-Est Sardegna,OT,Sardegna,41.227135,9.421196
113013,Loiri Porto San Paolo,113,Gallura Nord-Est Sardegna,OT,Sardegna,40.835345,9.559080
113014,Luogosanto,113,Gallura Nord-Est Sardegna,OT,Sardegna,41.065309,9.212473
113015,Luras,113,Gallura Nord-Est Sardegna,OT,Sardegna,40.981485,9.190885
113016,Monti,113,Gallura Nord-Est Sardegna,OT,Sardegna,40.796603,9.356834
113017,Olbia,113,Gallura Nord-Est Sardegna,OT,Sardegna,40.923006,9.480331
113018,Oschiri,113,Gallura Nord-Est Sardegna,OT,Sardegna,40.727073,9.101754
113019,Padru,113,Gallura Nord-Est Sardegna,OT,Sardegna,40.721538,9.510111
113020,Palau,113,Gallura Nord-Est Sardegna,OT,Sardegna,41.168211,9.356230
113021,San Teodoro,113,Gallura Nord-Est Sardegna,OT,Sardegna,40.774368,9.639014
113022,Santa Teresa Gallura,113,Gallura Nord-Est Sardegna,OT,Sardegna,41.202921,9.226279
113023,Sant'Antonio di Gallura,113,Gallura Nord-Est Sardegna,OT,Sardegna,40.977475,9.326377
113024,Telti,113,Gallura Nord-Est Sardegna,OT,Sardegna,40.895447,9.357463
113025,Tempio Pausania,113,Gallura Nord-Est Sardegna,OT,Sardegna,40.950229,9.136460
113026,Trinità d'Agultu e Vignola,113,Gallura Nord-Est Sardegna,OT,Sardegna,41.026492,8.965561
114001,Aritzo,114,Nuoro,NU,Sardegna,39.940161,9.203216
114002,Atzara,114,Nuoro,NU,Sardegna,39.976561,9.058951
114003,Austis,114,Nuoro,NU,Sardegna,40.083835,9.062247
114004,Belvì,114,Nuoro,NU,Sardegna,39.968860,9.156232
114005,Birori,114,Nuoro,NU,Sardegna,40.252754,8.822352
114006,Bitti,114,Nuoro,NU,Sardegna,40.545713,9.391712
114007,Bolotana,114,Nuoro,NU,Sardegna,40.320818,8.948264
114008,Borore,114,Nuoro,NU,Sardegna,40.214092,8.781221
114009,Bortigali,114,Nuoro,NU,Sardegna,40.305431,8.827095
114010,Desulo,114,Nuoro,NU,Sardegna,40.009044,9.254123
114011,Dorgali,114,Nuoro,NU,Sardegna,40.296103,9.556644
114012,Dualchi,114,Nuoro,NU,Sardegna,40.232434,8.888732
114013,Fonni,114,Nuoro,NU,Sardegna,40.098604,9.283771
114014,Gadoni,114,Nuoro,NU,Sardegna,39.886951,9.173913
114015,Galtellì,114,Nuoro,NU,Sardegna,40.382165,9.587293
114016,Gavoi,114,Nuoro,NU,Sardegna,40.152865,9.216099
114017,Irgoli,114,Nuoro,NU,Sardegna,40.466748,9.643473
114018,Lei,114,Nuoro,NU,Sardegna,40.313302,8.915533
114019,Loculi,114,Nuoro,NU,Sardegna,40.428662,9.581557
114020,Lodè,114,Nuoro,NU,Sardegna,40.584453,9.564115
114021,Lodine,114,Nuoro,NU,Sardegna,40.146698,9.231429
114022,Lula,114,Nuoro,NU,Sardegna,40.467612,9.504174
114023,Macomer,114,Nuoro,NU,Sardegna,40.291927,8.759163
114024,Mamoiada,114,Nuoro,NU,Sardegna,40.210106,9.276675
114025,Meana Sardo,114,Nuoro,NU,Sardegna,39.927438,9.067950
114026,Noragugume,114,Nuoro,NU,Sardegna,40.228924,8.954570
114027,Nuoro,114,Nuoro,NU,Sardegna,40.339439,9.299538
114028,Oliena,114,Nuoro,NU,Sardegna,40.292624,9.444777
114029,Ollolai,114,Nuoro,NU,Sardegna,40.170951,9.180743
114030,Olzai,114,Nuoro,NU,Sardegna,40.172531,9.087710
114031,Onanì,114,Nuoro,NU,Sardegna,40.533267,9.451593
114032,Onifai,114,Nuoro,NU,Sardegna,40.438128,9.692605
114033,Oniferi,114,Nuoro,NU,Sardegna,40.304404,9.162155
114034,Orani,114,Nuoro,NU,Sardegna,40.276571,9.172505
114035,Orgosolo,114,Nuoro,NU,Sardegna,40.177273,9.385409
114036,Orosei,114,Nuoro,NU,Sardegna,40.405918,9.723853
114037,Orotelli,114,Nuoro,NU,Sardegna,40.316922,9.104831
114038,Ortueri,114,Nuoro,NU,Sardegna,40.020664,8.988146
114039,Orune,114,Nuoro,NU,Sardegna,40.418275,9.328971
114040,Osidda,114,Nuoro,NU,Sardegna,40.521307,9.230749
114041,Ottana,114,Nuoro,NU,Sardegna,40.226694,9.038401
114042,Ovodda,114,Nuoro,NU,Sardegna,40.096661,9.178680
114043,Posada,114,Nuoro,NU,Sardegna,40.643992,9.715530
114044,Sarule,114,Nuoro,NU,Sardegna,40.216072,9.139523
114045,Seulo,114,Nuoro,NU,Sardegna,39.875407,9.233409
114046,Silanus,114,Nuoro,NU,Sardegna,40.290030,8.897003
114047,Sindia,114,Nuoro,NU,Sardegna,40.288419,8.674406
114048,Siniscola,114,Nuoro,NU,Sardegna,40.541639,9.716601
114049,Sorgono,114,Nuoro,NU,Sardegna,40.017698,9.080197
114050,Teti,114,Nuoro,NU,Sardegna,40.120243,9.098846
114051,Tiana,114,Nuoro,NU,Sardegna,40.066565,9.151373
114052,Tonara,114,Nuoro,NU,Sardegna,40.021720,9.170914
114053,Torpè,114,Nuoro,NU,Sardegna,40.652307,9.625050
115001,Abbasanta,115,Oristano,OR,Sardegna,40.140175,8.770093
115002,Aidomaggiore,115,Oristano,OR,Sardegna,40.178928,8.846768
115003,Albagiara,115,Oristano,OR,Sardegna,39.800973,8.873926
115004,Ales,115,Oristano,OR,Sardegna,39.774008,8.804896
115005,Allai,115,Oristano,OR,Sardegna,39.949265,8.855990
115006,Arborea,115,Oristano,OR,Sardegna,39.772039,8.575813
115007,Ardauli,115,Oristano,OR,Sardegna,40.082750,8.914928
115008,Assolo,115,Oristano,OR,Sardegna,39.810324,8.907593
115009,Asuni,115,Oristano,OR,Sardegna,39.871974,8.948534
115010,Baradili,115,Oristano,OR,Sardegna,39.726330,8.894629
115011,Baratili San Pietro,115,Oristano,OR,Sardegna,39.982587,8.568830
115012,Baressa,115,Oristano,OR,Sardegna,39.713054,8.870123
115013,Bauladu,115,Oristano,OR,Sardegna,40.024223,8.682405
115014,Bidonì,115,Oristano,OR,Sardegna,40.131220,8.937331
115015,Bonarcado,115,Oristano,OR,Sardegna,40.096705,8.661848
115016,Boroneddu,115,Oristano,OR,Sardegna,40.107987,8.867636
115017,Bosa,115,Oristano,OR,Sardegna,40.344022,8.478287
115018,Busachi,115,Oristano,OR,Sardegna,40.009350,8.885504
115019,Cabras,115,Oristano,OR,Sardegna,39.934805,8.465524
115020,Cuglieri,115,Oristano,OR,Sardegna,40.149791,8.529712
115021,Curcuris,115,Oristano,OR,Sardegna,39.748210,8.829156
115022,Flussio,115,Oristano,OR,Sardegna,40.252583,8.550612
115023,Fordongianus,115,Oristano,OR,Sardegna,39.991700,8.814207
115024,Ghilarza,115,Oristano,OR,Sardegna,40.090753,8.840456
115025,Gonnoscodina,115,Oristano,OR,Sardegna,39.699971,8.839344
115026,Gonnosnò,115,Oristano,OR,Sardegna,39.760189,8.869924
115027,Gonnostramatza,115,Oristano,OR,Sardegna,39.675589,8.825717
115028,Laconi,115,Oristano,OR,Sardegna,39.861487,9.049024
115029,Magomadas,115,Oristano,OR,Sardegna,40.258577,8.512946
115030,Marrubiu,115,Oristano,OR,Sardegna,39.776816,8.669671
115031,Masullas,115,Oristano,OR,Sardegna,39.706583,8.767126
115032,Milis,115,Oristano,OR,Sardegna,40.048436,8.640501
115033,Modolo,115,Oristano,OR,Sardegna,40.280341,8.530867
115034,Mogorella,115,Oristano,OR,Sardegna,39.869853,8.858573
115035,Mogoro,115,Oristano,OR,Sardegna,39.664941,8.746137
115036,Montresta,115,Oristano,OR,Sardegna,40.388327,8.504640
115037,Morgongiori,115,Oristano,OR,Sardegna,39.754975,8.743869
115038,Narbolia,115,Oristano,OR,Sardegna,40.048166,8.540046
115039,Neoneli,115,Oristano,OR,Sardegna,40.064959,8.981195
115040,Norbello,115,Oristano,OR,Sardegna,40.161913,8.800267
115041,Nughedu Santa Vittoria,115,Oristano,OR,Sardegna,40.111161,8.984303
115042,Nurachi,115,Oristano,OR,Sardegna,39.966980,8.541957
115043,Nureci,115,Oristano,OR,Sardegna,39.810335,8.963551
115044,Ollastra,115,Oristano,OR,Sardegna,39.959338,8.757341
115045,Oristano,115,Oristano,OR,Sardegna,39.909353,8.614122
115046,Palmas Arborea,115,Oristano,OR,Sardegna,39.853774,8.690503
115047,Pau,115,Oristano,OR,Sardegna,39.800710,8.779838
115048,Paulilatino,115,Oristano,OR,Sardegna,40.069260,8.746659
115049,Pompu,115,Oristano,OR,Sardegna,39.728069,8.796785
115050,Riola Sardo,115,Oristano,OR,Sardegna,39.991716,8.492297
115051,Ruinas,115,Oristano,OR,Sardegna,39.905815,8.886640
115052,Sagama,115,Oristano,OR,Sardegna,40.262085,8.592576
115053,Samugheo,115,Oristano,OR,Sardegna,39.948203,8.948388
115054,San Nicolò d'Arcidano,115,Oristano,OR,Sardegna,39.666789,8.653164
115055,San Vero Milis,115,Oristano,OR,Sardegna,40.021632,8.502269
115056,Santa Giusta,115,Oristano,OR,Sardegna,39.844734,8.628990
115057,Santu Lussurgiu,115,Oristano,OR,Sardegna,40.158335,8.666036
115058,Scano di Montiferro,115,Oristano,OR,Sardegna,40.222685,8.619753
115059,Sedilo,115,Oristano,OR,Sardegna,40.180898,8.940235
115060,Seneghe,115,Oristano,OR,Sardegna,40.087209,8.587786
115061,Senis,115,Oristano,OR,Sardegna,39.829930,8.937064
115062,Sennariolo,115,Oristano,OR,Sardegna,40.216361,8.534558
115063,Siamaggiore,115,Oristano,OR,Sardegna,39.952662,8.632754
115064,Siamanna,115,Oristano,OR,Sardegna,39.909704,8.778170
115065,Siapiccia,115,Oristano,OR,Sardegna,39.935362,8.782223
115066,Simala,115,Oristano,OR,Sardegna,39.726589,8.832502
115067,Simaxis,115,Oristano,OR,Sardegna,39.923499,8.700993
115068,Sini,115,Oristano,OR,Sardegna,39.754032,8.901757
115069,Siris,115,Oristano,OR,Sardegna,39.720712,8.767929
115070,Soddì,115,Oristano,OR,Sardegna,40.134943,8.875815
115071,Solarussa,115,Oristano,OR,Sardegna,39.971452,8.681633
115072,Sorradile,115,Oristano,OR,Sardegna,40.135453,8.962866
115073,Suni,115,Oristano,OR,Sardegna,40.308305,8.576834
115074,Tadasuni,115,Oristano,OR,Sardegna,40.106144,8.885135
115075,Terralba,115,Oristano,OR,Sardegna,39.715023,8.595493
115076,Tinnura,115,Oristano,OR,Sardegna,40.269794,8.562477
115077,Tramatza,115,Oristano,OR,Sardegna,39.998322,8.645467
115078,Tresnuraghes,115,Oristano,OR,Sardegna,40.225359,8.493260
115079,Ulà Tirso,115,Oristano,OR,Sardegna,40.045249,8.899895
115080,Uras,115,Oristano,OR,Sardegna,39.705530,8.692354
115081,Usellus,115,Oristano,OR,Sardegna,39.826449,8.837797
115082,Villa Sant'Antonio,115,Oristano,OR,Sardegna,39.858209,8.899866
115083,Villa Verde,115,Oristano,OR,Sardegna,39.811703,8.801600
115084,Villanova Truschedu,115,Oristano,OR,Sardegna,39.995873,8.761348
115085,Villaurbana,115,Oristano,OR,Sardegna,39.870869,8.781626
115086,Zeddiani,115,Oristano,OR,Sardegna,39.982463,8.601301
115087,Zerfaliu,115,Oristano,OR,Sardegna,39.976214,8.719734
116001,Arzana,116,Ogliastra,OG,Sardegna,39.874787,9.453416
116002,Bari Sardo,116,Ogliastra,OG,Sardegna,39.837179,9.655048
116003,Baunei,116,Ogliastra,OG,Sardegna,40.099106,9.631704
116004,Cardedu,116,Ogliastra,OG,Sardegna,39.771215,9.638970
116005,Elini,116,Ogliastra,OG,Sardegna,39.901688,9.594256
116006,Gairo,116,Ogliastra,OG,Sardegna,39.855696,9.491940
116007,Girasole,116,Ogliastra,OG,Sardegna,39.953655,9.644483
116008,Ilbono,116,Ogliastra,OG,Sardegna,39.886011,9.592328
116009,Jerzu,116,Ogliastra,OG,Sardegna,39.734432,9.542793
116010,Lanusei,116,Ogliastra,OG,Sardegna,39.798824,9.575615
116011,Loceri,116,Ogliastra,OG,Sardegna,39.807068,9.603419
116012,Lotzorai,116,Ogliastra,OG,Sardegna,39.975699,9.653156
116013,Osini,116,Ogliastra,OG,Sardegna,39.767509,9.528690
116014,Perdasdefogu,116,Ogliastra,OG,Sardegna,39.668184,9.453886
116015,Talana,116,Ogliastra,OG,Sardegna,40.031072,9.497773
116016,Tertenia,116,Ogliastra,OG,Sardegna,39.685751,9.595685
116017,Tortolì,116,Ogliastra,OG,Sardegna,39.914602,9.664298
116018,Triei,116,Ogliastra,OG,Sardegna,40.019205,9.622815
116019,Ulassai,116,Ogliastra,OG,Sardegna,39.730261,9.476244
116020,Urzulei,116,Ogliastra,OG,Sardegna,40.127040,9.512495
116021,Ussassai,116,Ogliastra,OG,Sardegna,39.817346,9.404430
116022,Villagrande Strisaili,116,Ogliastra,OG,Sardegna,39.993133,9.442767
116023,Seui,116,Ogliastra,OG,Sardegna,39.838810,9.346082
117001,Arbus,117,Medio Campidano,VS,Sardegna,39.574137,8.498619
117002,Barumini,117,Medio Campidano,VS,Sardegna,39.693610,9.017126
117003,Collinas,117,Medio Campidano,VS,Sardegna,39.647363,8.829803
117004,Furtei,117,Medio Campidano,VS,Sardegna,39.557377,8.950998
117005,Genuri,117,Medio Campidano,VS,Sardegna,39.740294,8.923020
117006,Gesturi,117,Medio Campidano,VS,Sardegna,39.744583,9.010577
117007,Gonnosfanadiga,117,Medio Campidano,VS,Sardegna,39.504521,8.633108
117008,Guspini,117,Medio Campidano,VS,Sardegna,39.606808,8.608473
117009,Las Plassas,117,Medio Campidano,VS,Sardegna,39.674887,8.978987
117010,Lunamatrona,117,Medio Campidano,VS,Sardegna,39.636860,8.902616
117011,Pabillonis,117,Medio Campidano,VS,Sardegna,39.607857,8.711690
117012,Pauli Arbarei,117,Medio Campidano,VS,Sardegna,39.661265,8.932650
117013,Samassi,117,Medio Campidano,VS,Sardegna,39.488321,8.907075
117014,San Gavino Monreale,117,Medio Campidano,VS,Sardegna,39.550349,8.777278
117015,Sanluri,117,Medio Campidano,VS,Sardegna,39.547208,8.878669
117016,Sardara,117,Medio Campidano,VS,Sardegna,39.608746,8.807556
117017,Segariu,117,Medio Campidano,VS,Sardegna,39.569775,8.984055
117018,Serramanna,117,Medio Campidano,VS,Sardegna,39.435319,8.896141
117019,Serrenti,117,Medio Campidano,VS,Sardegna,39.499986,8.972431
117020,Setzu,117,Medio Campidano,VS,Sardegna,39.734040,8.940388
117021,Siddi,117,Medio Campidano,VS,Sardegna,39.672154,8.883118
117022,Tuili,117,Medio Campidano,VS,Sardegna,39.714045,8.963583
117023,Turri,117,Medio Campidano,VS,Sardegna,39.702855,8.922820
117024,Ussaramanna,117,Medio Campidano,VS,Sardegna,39.691020,8.903638
117025,Villacidro,117,Medio Campidano,VS,Sardegna,39.443356,8.734397
117026,Villamar,117,Medio Campidano,VS,Sardegna,39.616671,8.971666
117027,Villanovaforru,117,Medio Campidano,VS,Sardegna,39.624168,8.872598
117028,Villanovafranca,117,Medio Campidano,VS,Sardegna,39.646139,9.011782
118001,Armungia,318,Cagliari,CA,Sardegna,39.538104,9.414759
118002,Assemini,318,Cagliari,CA,Sardegna,39.211110,8.956803
118003,Ballao,318,Cagliari,CA,Sardegna,39.573819,9.382284
118004,Barrali,318,Cagliari,CA,Sardegna,39.475950,9.105108
118005,Burcei,318,Cagliari,CA,Sardegna,39.360814,9.401263
118006,Cagliari,318,Cagliari,CA,Sardegna,39.224475,9.088167
118007,Capoterra,318,Cagliari,CA,Sardegna,39.146362,8.969410
118008,Castiadas,318,Cagliari,CA,Sardegna,39.243034,9.519290
118009,Decimomannu,318,Cagliari,CA,Sardegna,39.298025,8.931034
118010,Decimoputzu,318,Cagliari,CA,Sardegna,39.341862,8.882476
118011,Dolianova,318,Cagliari,CA,Sardegna,39.394377,9.219541
118012,Domus de Maria,318,Cagliari,CA,Sardegna,38.951881,8.854145
118013,Donori,318,Cagliari,CA,Sardegna,39.441324,9.134004
118014,Elmas,318,Cagliari,CA,Sardegna,39.262797,9.053152
118015,Escalaplano,318,Cagliari,CA,Sardegna,39.634888,9.355511
118016,Escolca,318,Cagliari,CA,Sardegna,39.680288,9.110950
118017,Esterzili,318,Cagliari,CA,Sardegna,39.742396,9.317676
118018,Genoni,318,Cagliari,CA,Sardegna,39.790952,8.973404
118019,Gergei,318,Cagliari,CA,Sardegna,39.695321,9.079410
118020,Gesico,318,Cagliari,CA,Sardegna,39.620117,9.088796
118021,Goni,318,Cagliari,CA,Sardegna,39.573906,9.282544
118022,Guamaggiore,318,Cagliari,CA,Sardegna,39.585490,9.065483
118023,Guasila,318,Cagliari,CA,Sardegna,39.563244,9.029790
118024,Isili,318,Cagliari,CA,Sardegna,39.768048,9.129788
118025,Mandas,318,Cagliari,CA,Sardegna,39.647966,9.129600
118026,Maracalagonis,318,Cagliari,CA,Sardegna,39.233022,9.372152
118027,Monastir,318,Cagliari,CA,Sardegna,39.383524,9.043938
118028,Monserrato,318,Cagliari,CA,Sardegna,39.265896,9.133319
118029,Muravera,318,Cagliari,CA,Sardegna,39.343019,9.575944
118030,Nuragus,318,Cagliari,CA,Sardegna,39.773434,9.044959
118031,Nurallao,318,Cagliari,CA,Sardegna,39.805562,9.095486
118032,Nuraminis,318,Cagliari,CA,Sardegna,39.440870,9.013464
118033,Nurri,318,Cagliari,CA,Sardegna,39.708864,9.215918
118034,Orroli,318,Cagliari,CA,Sardegna,39.651906,9.260362
118035,Ortacesus,318,Cagliari,CA,Sardegna,39.523280,9.088360
118036,Pimentel,318,Cagliari,CA,Sardegna,39.498341,9.065923
118037,Pula,318,Cagliari,CA,Sardegna,39.007564,8.922931
118038,Quartu Sant'Elena,318,Cagliari,CA,Sardegna,39.226859,9.292346
118039,Quartucciu,318,Cagliari,CA,Sardegna,39.258193,9.264510
118040,Sadali,318,Cagliari,CA,Sardegna,39.804566,9.251453
118041,Samatzai,318,Cagliari,CA,Sardegna,39.483478,9.043284
118042,San Basilio,318,Cagliari,CA,Sardegna,39.519516,9.209437
118043,San Nicolò Gerrei,318,Cagliari,CA,Sardegna,39.478968,9.294005
118044,San Sperate,318,Cagliari,CA,Sardegna,39.352430,9.013600
118045,San Vito,318,Cagliari,CA,Sardegna,39.414286,9.503156
118046,Sant'Andrea Frius,318,Cagliari,CA,Sardegna,39.475382,9.185949
118047,Sarroch,318,Cagliari,CA,Sardegna,39.078752,8.979692
118048,Selargius,318,Cagliari,CA,Sardegna,39.279684,9.140245
118049,Selegas,318,Cagliari,CA,Sardegna,39.578288,9.103306
118050,Senorbì,318,Cagliari,CA,Sardegna,39.527239,9.143696
118051,Serdiana,318,Cagliari,CA,Sardegna,39.393702,9.151870
118052,Serri,318,Cagliari,CA,Sardegna,39.704811,9.153863
118053,Sestu,318,Cagliari,CA,Sardegna,39.315967,9.083489
118054,Settimo San Pietro,318,Cagliari,CA,Sardegna,39.307840,9.167790
118056,Siliqua,318,Cagliari,CA,Sardegna,39.262653,8.791978
118057,Silius,318,Cagliari,CA,Sardegna,39.536254,9.293652
118058,Sinnai,318,Cagliari,CA,Sardegna,39.306918,9.335744
118059,Siurgus Donigala,318,Cagliari,CA,Sardegna,39.589923,9.212345
118060,Soleminis,318,Cagliari,CA,Sardegna,39.343281,9.176716
118061,Suelli,318,Cagliari,CA,Sardegna,39.574148,9.137548
118063,Ussana,318,Cagliari,CA,Sardegna,39.403613,9.086100
118064,Uta,318,Cagliari,CA,Sardegna,39.227892,8.916568
118065,Vallermosa,318,Cagliari,CA,Sardegna,39.366410,8.776449
118066,Villa San Pietro,318,Cagliari,CA,Sardegna,39.062701,8.930222
118067,Villanova Tulo,318,Cagliari,CA,Sardegna,39.789828,9.191855
118068,Villaputzu,318,Cagliari,CA,Sardegna,39.534849,9.551335
118069,Villasalto,318,Cagliari,CA,Sardegna,39.468067,9.394155
118070,Villasimius,318,Cagliari,CA,Sardegna,39.154999,9.509974
118071,Villasor,318,Cagliari,CA,Sardegna,39.383388,8.910458
118072,Villaspeciosa,318,Cagliari,CA,Sardegna,39.296918,8.893616
119001,Buggerru,119,Sulcis Iglesiente,CI,Sardegna,39.401856,8.433544
119002,Calasetta,119,Sulcis Iglesiente,CI,Sardegna,39.074293,8.379593
119003,Carbonia,119,Sulcis Iglesiente,CI,Sardegna,39.201725,8.523908
119004,Carloforte,119,Sulcis Iglesiente,CI,Sardegna,39.140910,8.275837
119005,Domusnovas,119,Sulcis Iglesiente,CI,Sardegna,39.364830,8.621586
119006,Fluminimaggiore,119,Sulcis Iglesiente,CI,Sardegna,39.429642,8.507741
119007,Giba,119,Sulcis Iglesiente,CI,Sardegna,39.062082,8.600216
119008,Gonnesa,119,Sulcis Iglesiente,CI,Sardegna,39.259306,8.446642
119009,Iglesias,119,Sulcis Iglesiente,CI,Sardegna,39.321173,8.533941
119010,Masainas,119,Sulcis Iglesiente,CI,Sardegna,39.035970,8.615131
119011,Musei,119,Sulcis Iglesiente,CI,Sardegna,39.298601,8.689360
119012,Narcao,119,Sulcis Iglesiente,CI,Sardegna,39.190494,8.678111
119013,Nuxis,119,Sulcis Iglesiente,CI,Sardegna,39.148554,8.761865
119014,Perdaxius,119,Sulcis Iglesiente,CI,Sardegna,39.159656,8.618082
119015,Piscinas,119,Sulcis Iglesiente,CI,Sardegna,39.069267,8.666343
119016,Portoscuso,119,Sulcis Iglesiente,CI,Sardegna,39.201155,8.411664
119017,San Giovanni Suergiu,119,Sulcis Iglesiente,CI,Sardegna,39.109581,8.506578
119018,Santadi,119,Sulcis Iglesiente,CI,Sardegna,39.081666,8.759752
119019,Sant'Anna Arresi,119,Sulcis Iglesiente,CI,Sardegna,38.995079,8.612542
119020,Sant'Antioco,119,Sulcis Iglesiente,CI,Sardegna,39.032632,8.429033
119021,Tratalias,119,Sulcis Iglesiente,CI,Sardegna,39.116062,8.578657
119022,Villamassargia,119,Sulcis Iglesiente,CI,Sardegna,39.255247,8.669897
119023,Villaperuccio,119,Sulcis Iglesiente,CI,Sardegna,39.113830,8.648928
119024,Teulada,119,Sulcis Iglesiente,CI,Sardegna,38.969766,8.727598
